Olomouc $80K,847.0,Q1,80
Olomouc $80K,259.0,R32,80
Olomouc $80K,282.0,R32,80
Olomouc $80K,963.0,Q1,80
Olomouc $80K,348.0,R32,80
Olomouc $80K,1085.0,Q1,80
Olomouc $80K,656.0,R32,80
Olomouc $80K,832.0,Q1,80
Olomouc $80K,88.0,R32,80
Olomouc $80K,nan,Q1,80
Olomouc $80K,nan,Q1,80
Olomouc $80K,674.0,R32,80
Olomouc $80K,468.0,R32,80
Olomouc $80K,nan,Q1,80
Olomouc $80K,495.0,R32,80
Olomouc $80K,642.0,Q1,80
Olomouc $80K,nan,Q1,80
Olomouc $80K,183.0,R32,80
Olomouc $80K,243.0,R32,80
Olomouc $80K,1166.0,Q1,80
Olomouc $80K,nan,Q1,80
Olomouc $80K,479.0,R32,80
Olomouc $80K,496.0,R32,80
Olomouc $80K,617.0,Q1,80
Olomouc $80K,527.0,R32,80
Olomouc $80K,nan,Q1,80
Olomouc $80K,nan,Q1,80
Olomouc $80K,300.0,R32,80
Olomouc $80K,nan,Q1,80
Olomouc $80K,nan,R32,80
Olomouc $80K,610.0,R32,80
Olomouc $80K,nan,Q1,80
Olomouc $80K,36.0,R16,80
Olomouc $80K,383.0,Q2,80
Olomouc $80K,1074.0,Q2,80
Olomouc $80K,355.0,R16,80
Olomouc $80K,nan,Q2,80
Olomouc $80K,497.0,R16,80
Olomouc $80K,221.0,R16,80
Olomouc $80K,nan,Q2,80
Olomouc $80K,294.0,R16,80
Olomouc $80K,975.0,Q2,80
Olomouc $80K,nan,Q2,80
Olomouc $80K,239.0,R16,80
Olomouc $80K,194.0,R16,80
Olomouc $80K,987.0,Q2,80
Olomouc $80K,460.0,R16,80
Olomouc $80K,1132.0,Q2,80
Olomouc $80K,191.0,QF,80
Olomouc $80K,610.0,Q3,80
Olomouc $80K,nan,Q3,80
Olomouc $80K,475.0,QF,80
Olomouc $80K,137.0,QF,80
Olomouc $80K,nan,Q3,80
Olomouc $80K,86.0,QF,80
Olomouc $80K,656.0,Q3,80
Olomouc $80K,245.0,SF,80
Olomouc $80K,263.0,SF,80
Olomouc $80K,218.0,F,80
Olomouc $80K,157.0,W,80
Prague $80K,446.0,R32,80
Prague $80K,775.0,Q1,80
Prague $80K,1152.0,Q1,80
Prague $80K,445.0,R32,80
Prague $80K,1132.0,Q1,80
Prague $80K,254.0,R32,80
Prague $80K,265.0,R32,80
Prague $80K,479.0,Q1,80
Prague $80K,170.0,R32,80
Prague $80K,826.0,Q1,80
Prague $80K,420.0,R32,80
Prague $80K,nan,Q1,80
Prague $80K,481.0,Q1,80
Prague $80K,381.0,R32,80
Prague $80K,173.0,R32,80
Prague $80K,284.0,Q1,80
Prague $80K,208.0,R32,80
Prague $80K,nan,Q1,80
Prague $80K,251.0,R32,80
Prague $80K,1216.0,Q1,80
Prague $80K,282.0,R32,80
Prague $80K,541.0,Q1,80
Prague $80K,943.0,Q1,80
Prague $80K,327.0,R32,80
Prague $80K,207.0,R32,80
Prague $80K,511.0,Q1,80
Prague $80K,nan,Q1,80
Prague $80K,236.0,R32,80
Prague $80K,272.0,R32,80
Prague $80K,nan,Q1,80
Prague $80K,230.0,R32,80
Prague $80K,721.0,Q2,80
Prague $80K,222.0,R16,80
Prague $80K,480.0,Q2,80
Prague $80K,689.0,Q2,80
Prague $80K,182.0,R16,80
Prague $80K,595.0,Q2,80
Prague $80K,240.0,R16,80
Prague $80K,537.0,Q2,80
Prague $80K,255.0,R16,80
Prague $80K,183.0,R16,80
Prague $80K,488.0,Q2,80
Prague $80K,660.0,Q2,80
Prague $80K,218.0,R16,80
Prague $80K,458.0,R16,80
Prague $80K,896.0,Q2,80
Prague $80K,261.0,R16,80
Prague $80K,650.0,Q3,80
Prague $80K,nan,Q3,80
Prague $80K,114.0,QF,80
Prague $80K,234.0,QF,80
Prague $80K,633.0,Q3,80
Prague $80K,420.0,Q3,80
Prague $80K,179.0,QF,80
Prague $80K,177.0,QF,80
Prague $80K,342.0,SF,80
Prague $80K,174.0,SF,80
Prague $80K,239.0,F,80
Prague $80K,166.0,W,80
Biarritz $80K,179.0,R32,80
Biarritz $80K,1029.0,Q1,80
Biarritz $80K,236.0,R32,80
Biarritz $80K,451.0,Q1,80
Biarritz $80K,207.0,R32,80
Biarritz $80K,269.0,Q1,80
Biarritz $80K,173.0,R32,80
Biarritz $80K,nan,Q1,80
Biarritz $80K,216.0,R32,80
Biarritz $80K,613.0,Q1,80
Biarritz $80K,214.0,R32,80
Biarritz $80K,252.0,Q1,80
Biarritz $80K,157.0,R32,80
Biarritz $80K,441.0,Q1,80
Biarritz $80K,154.0,R32,80
Biarritz $80K,nan,Q1,80
Biarritz $80K,519.0,R32,80
Biarritz $80K,276.0,Q1,80
Biarritz $80K,450.0,R32,80
Biarritz $80K,376.0,Q1,80
Biarritz $80K,159.0,R32,80
Biarritz $80K,405.0,Q1,80
Biarritz $80K,253.0,R32,80
Biarritz $80K,343.0,Q2,80
Biarritz $80K,146.0,R32,80
Biarritz $80K,451.0,Q2,80
Biarritz $80K,782.0,Q2,80
Biarritz $80K,195.0,R32,80
Biarritz $80K,378.0,R32,80
Biarritz $80K,705.0,Q2,80
Biarritz $80K,130.0,R32,80
Biarritz $80K,252.0,Q2,80
Biarritz $80K,320.0,Q2,80
Biarritz $80K,92.0,R16,80
Biarritz $80K,150.0,R16,80
Biarritz $80K,561.0,Q2,80
Biarritz $80K,228.0,R16,80
Biarritz $80K,428.0,Q3,80
Biarritz $80K,168.0,R16,80
Biarritz $80K,334.0,Q3,80
Biarritz $80K,148.0,R16,80
Biarritz $80K,464.0,Q3,80
Biarritz $80K,178.0,R16,80
Biarritz $80K,276.0,R16,80
Biarritz $80K,269.0,R16,80
Biarritz $80K,279.0,QF,80
Biarritz $80K,119.0,QF,80
Biarritz $80K,113.0,QF,80
Biarritz $80K,239.0,QF,80
Biarritz $80K,325.0,SF,80
Biarritz $80K,160.0,SF,80
Biarritz $80K,660.0,F,80
Biarritz $80K,167.0,W,80
Poitiers $80K,383.0,R32,80
Poitiers $80K,213.0,Q1,80
Poitiers $80K,157.0,R32,80
Poitiers $80K,666.0,Q1,80
Poitiers $80K,191.0,R32,80
Poitiers $80K,742.0,Q1,80
Poitiers $80K,124.0,R32,80
Poitiers $80K,587.0,Q1,80
Poitiers $80K,196.0,R32,80
Poitiers $80K,244.0,Q1,80
Poitiers $80K,661.0,R32,80
Poitiers $80K,nan,Q1,80
Poitiers $80K,322.0,R32,80
Poitiers $80K,nan,Q1,80
Poitiers $80K,341.0,Q1,80
Poitiers $80K,397.0,R32,80
Poitiers $80K,173.0,R32,80
Poitiers $80K,635.0,Q1,80
Poitiers $80K,693.0,Q1,80
Poitiers $80K,122.0,R32,80
Poitiers $80K,815.0,Q1,80
Poitiers $80K,220.0,R32,80
Poitiers $80K,307.0,Q1,80
Poitiers $80K,285.0,R32,80
Poitiers $80K,86.0,R32,80
Poitiers $80K,878.0,Q1,80
Poitiers $80K,494.0,R32,80
Poitiers $80K,463.0,Q1,80
Poitiers $80K,100.0,R32,80
Poitiers $80K,507.0,Q1,80
Poitiers $80K,56.0,R32,80
Poitiers $80K,557.0,Q1,80
Poitiers $80K,248.0,R16,80
Poitiers $80K,517.0,Q2,80
Poitiers $80K,125.0,R16,80
Poitiers $80K,833.0,Q2,80
Poitiers $80K,67.0,R16,80
Poitiers $80K,499.0,Q2,80
Poitiers $80K,874.0,Q2,80
Poitiers $80K,176.0,R16,80
Poitiers $80K,527.0,Q2,80
Poitiers $80K,81.0,R16,80
Poitiers $80K,452.0,Q2,80
Poitiers $80K,74.0,R16,80
Poitiers $80K,242.0,R16,80
Poitiers $80K,669.0,Q2,80
Poitiers $80K,144.0,R16,80
Poitiers $80K,747.0,Q2,80
Poitiers $80K,55.0,QF,80
Poitiers $80K,353.0,Q3,80
Poitiers $80K,97.0,QF,80
Poitiers $80K,958.0,Q3,80
Poitiers $80K,276.0,Q3,80
Poitiers $80K,147.0,QF,80
Poitiers $80K,110.0,QF,80
Poitiers $80K,400.0,Q3,80
Poitiers $80K,82.0,SF,80
Poitiers $80K,133.0,SF,80
Poitiers $80K,152.0,F,80
Poitiers $80K,107.0,W,80
Gifu $80K,225.0,R32,80
Gifu $80K,881.0,Q1,80
Gifu $80K,306.0,R32,80
Gifu $80K,nan,Q1,80
Gifu $80K,921.0,Q1,80
Gifu $80K,174.0,R32,80
Gifu $80K,302.0,R32,80
Gifu $80K,593.0,Q1,80
Gifu $80K,nan,Q1,80
Gifu $80K,206.0,R32,80
Gifu $80K,301.0,R32,80
Gifu $80K,nan,Q1,80
Gifu $80K,291.0,R32,80
Gifu $80K,1156.0,Q1,80
Gifu $80K,nan,Q1,80
Gifu $80K,407.0,R32,80
Gifu $80K,222.0,R32,80
Gifu $80K,367.0,Q1,80
Gifu $80K,nan,Q1,80
Gifu $80K,344.0,R32,80
Gifu $80K,nan,R32,80
Gifu $80K,708.0,Q1,80
Gifu $80K,nan,R32,80
Gifu $80K,543.0,Q1,80
Gifu $80K,nan,Q1,80
Gifu $80K,181.0,R32,80
Gifu $80K,340.0,R32,80
Gifu $80K,nan,Q1,80
Gifu $80K,547.0,Q1,80
Gifu $80K,718.0,R32,80
Gifu $80K,493.0,Q1,80
Gifu $80K,120.0,R32,80
Gifu $80K,271.0,R16,80
Gifu $80K,nan,Q2,80
Gifu $80K,173.0,R16,80
Gifu $80K,605.0,Q2,80
Gifu $80K,968.0,Q2,80
Gifu $80K,391.0,R16,80
Gifu $80K,468.0,Q2,80
Gifu $80K,322.0,R16,80
Gifu $80K,613.0,Q2,80
Gifu $80K,172.0,R16,80
Gifu $80K,239.0,R16,80
Gifu $80K,844.0,Q2,80
Gifu $80K,833.0,Q2,80
Gifu $80K,400.0,R16,80
Gifu $80K,548.0,Q2,80
Gifu $80K,323.0,R16,80
Gifu $80K,215.0,QF,80
Gifu $80K,517.0,Q3,80
Gifu $80K,351.0,Q3,80
Gifu $80K,197.0,QF,80
Gifu $80K,128.0,QF,80
Gifu $80K,578.0,Q3,80
Gifu $80K,630.0,Q3,80
Gifu $80K,345.0,QF,80
Gifu $80K,127.0,SF,80
Gifu $80K,641.0,SF,80
Gifu $80K,659.0,F,80
Gifu $80K,103.0,W,80
Astana $80K,407.0,R32,80
Astana $80K,1139.0,Q1,80
Astana $80K,748.0,Q1,80
Astana $80K,544.0,R32,80
Astana $80K,494.0,R32,80
Astana $80K,nan,Q1,80
Astana $80K,451.0,R32,80
Astana $80K,nan,Q1,80
Astana $80K,1216.0,Q1,80
Astana $80K,397.0,R32,80
Astana $80K,456.0,R32,80
Astana $80K,832.0,Q1,80
Astana $80K,437.0,R32,80
Astana $80K,nan,Q1,80
Astana $80K,854.0,R32,80
Astana $80K,768.0,Q1,80
Astana $80K,561.0,Q1,80
Astana $80K,nan,R32,80
Astana $80K,489.0,R32,80
Astana $80K,nan,Q1,80
Astana $80K,nan,Q1,80
Astana $80K,491.0,R32,80
Astana $80K,346.0,R32,80
Astana $80K,887.0,Q1,80
Astana $80K,1077.0,R32,80
Astana $80K,778.0,Q1,80
Astana $80K,nan,R32,80
Astana $80K,nan,Q1,80
Astana $80K,953.0,R32,80
Astana $80K,nan,Q1,80
Astana $80K,349.0,R32,80
Astana $80K,nan,Q1,80
Astana $80K,379.0,R16,80
Astana $80K,783.0,Q2,80
Astana $80K,nan,Q2,80
Astana $80K,288.0,R16,80
Astana $80K,387.0,R16,80
Astana $80K,558.0,Q2,80
Astana $80K,305.0,R16,80
Astana $80K,803.0,Q2,80
Astana $80K,1165.0,Q2,80
Astana $80K,442.0,R16,80
Astana $80K,686.0,Q2,80
Astana $80K,228.0,R16,80
Astana $80K,279.0,R16,80
Astana $80K,585.0,Q2,80
Astana $80K,452.0,R16,80
Astana $80K,nan,Q2,80
Astana $80K,392.0,QF,80
Astana $80K,679.0,Q3,80
Astana $80K,256.0,QF,80
Astana $80K,966.0,Q3,80
Astana $80K,924.0,Q3,80
Astana $80K,415.0,QF,80
Astana $80K,444.0,QF,80
Astana $80K,630.0,Q3,80
Astana $80K,354.0,SF,80
Astana $80K,167.0,SF,80
Astana $80K,144.0,F,80
Astana $80K,267.0,W,80
Dothan AL $80K,85.0,R32,80
Dothan AL $80K,412.0,Q1,80
Dothan AL $80K,218.0,R32,80
Dothan AL $80K,797.0,Q1,80
Dothan AL $80K,219.0,R32,80
Dothan AL $80K,1137.0,Q1,80
Dothan AL $80K,405.0,Q1,80
Dothan AL $80K,240.0,R32,80
Dothan AL $80K,206.0,R32,80
Dothan AL $80K,736.0,Q1,80
Dothan AL $80K,1111.0,Q1,80
Dothan AL $80K,150.0,R32,80
Dothan AL $80K,166.0,R32,80
Dothan AL $80K,685.0,Q1,80
Dothan AL $80K,608.0,Q1,80
Dothan AL $80K,128.0,R32,80
Dothan AL $80K,nan,Q1,80
Dothan AL $80K,243.0,R32,80
Dothan AL $80K,nan,Q1,80
Dothan AL $80K,183.0,R32,80
Dothan AL $80K,203.0,R32,80
Dothan AL $80K,652.0,Q1,80
Dothan AL $80K,114.0,R32,80
Dothan AL $80K,330.0,Q1,80
Dothan AL $80K,227.0,R32,80
Dothan AL $80K,1123.0,Q1,80
Dothan AL $80K,nan,Q1,80
Dothan AL $80K,352.0,R32,80
Dothan AL $80K,nan,Q1,80
Dothan AL $80K,289.0,R32,80
Dothan AL $80K,599.0,Q1,80
Dothan AL $80K,151.0,R32,80
Dothan AL $80K,267.0,R16,80
Dothan AL $80K,596.0,Q2,80
Dothan AL $80K,187.0,R16,80
Dothan AL $80K,686.0,Q2,80
Dothan AL $80K,285.0,R16,80
Dothan AL $80K,474.0,Q2,80
Dothan AL $80K,457.0,R16,80
Dothan AL $80K,341.0,Q2,80
Dothan AL $80K,1271.0,Q2,80
Dothan AL $80K,163.0,R16,80
Dothan AL $80K,290.0,R16,80
Dothan AL $80K,419.0,Q2,80
Dothan AL $80K,245.0,R16,80
Dothan AL $80K,522.0,Q2,80
Dothan AL $80K,402.0,Q2,80
Dothan AL $80K,200.0,R16,80
Dothan AL $80K,159.0,QF,80
Dothan AL $80K,885.0,Q3,80
Dothan AL $80K,222.0,QF,80
Dothan AL $80K,434.0,Q3,80
Dothan AL $80K,956.0,Q3,80
Dothan AL $80K,189.0,QF,80
Dothan AL $80K,87.0,QF,80
Dothan AL $80K,287.0,Q3,80
Dothan AL $80K,236.0,SF,80
Dothan AL $80K,235.0,SF,80
Dothan AL $80K,125.0,F,80
Dothan AL $80K,108.0,W,80
Charlottesville VA $80K,265.0,R32,80
Charlottesville VA $80K,1037.0,Q1,80
Charlottesville VA $80K,289.0,R32,80
Charlottesville VA $80K,1112.0,Q1,80
Charlottesville VA $80K,183.0,R32,80
Charlottesville VA $80K,686.0,Q1,80
Charlottesville VA $80K,778.0,Q1,80
Charlottesville VA $80K,476.0,R32,80
Charlottesville VA $80K,283.0,R32,80
Charlottesville VA $80K,914.0,Q1,80
Charlottesville VA $80K,223.0,R32,80
Charlottesville VA $80K,578.0,Q1,80
Charlottesville VA $80K,192.0,R32,80
Charlottesville VA $80K,1141.0,Q1,80
Charlottesville VA $80K,157.0,R32,80
Charlottesville VA $80K,nan,Q1,80
Charlottesville VA $80K,163.0,R32,80
Charlottesville VA $80K,896.0,Q1,80
Charlottesville VA $80K,nan,Q1,80
Charlottesville VA $80K,227.0,R32,80
Charlottesville VA $80K,219.0,R32,80
Charlottesville VA $80K,656.0,Q1,80
Charlottesville VA $80K,422.0,R32,80
Charlottesville VA $80K,405.0,Q1,80
Charlottesville VA $80K,774.0,Q1,80
Charlottesville VA $80K,156.0,R32,80
Charlottesville VA $80K,923.0,Q1,80
Charlottesville VA $80K,245.0,R32,80
Charlottesville VA $80K,881.0,Q1,80
Charlottesville VA $80K,236.0,R32,80
Charlottesville VA $80K,167.0,R32,80
Charlottesville VA $80K,1124.0,Q1,80
Charlottesville VA $80K,724.0,Q2,80
Charlottesville VA $80K,80.0,R16,80
Charlottesville VA $80K,280.0,R16,80
Charlottesville VA $80K,426.0,Q2,80
Charlottesville VA $80K,258.0,R16,80
Charlottesville VA $80K,827.0,Q2,80
Charlottesville VA $80K,276.0,R16,80
Charlottesville VA $80K,512.0,Q2,80
Charlottesville VA $80K,311.0,R16,80
Charlottesville VA $80K,649.0,Q2,80
Charlottesville VA $80K,287.0,R16,80
Charlottesville VA $80K,953.0,Q2,80
Charlottesville VA $80K,589.0,Q2,80
Charlottesville VA $80K,198.0,R16,80
Charlottesville VA $80K,410.0,Q2,80
Charlottesville VA $80K,304.0,R16,80
Charlottesville VA $80K,313.0,QF,80
Charlottesville VA $80K,280.0,Q3,80
Charlottesville VA $80K,202.0,QF,80
Charlottesville VA $80K,392.0,Q3,80
Charlottesville VA $80K,220.0,QF,80
Charlottesville VA $80K,489.0,Q3,80
Charlottesville VA $80K,351.0,QF,80
Charlottesville VA $80K,674.0,Q3,80
Charlottesville VA $80K,91.0,SF,80
Charlottesville VA $80K,85.0,SF,80
Charlottesville VA $80K,151.0,F,80
Charlottesville VA $80K,112.0,W,80
Charleston SC $80K,282.0,R32,80
Charleston SC $80K,1033.0,Q1,80
Charleston SC $80K,387.0,R32,80
Charleston SC $80K,646.0,Q1,80
Charleston SC $80K,185.0,R32,80
Charleston SC $80K,913.0,Q1,80
Charleston SC $80K,795.0,Q1,80
Charleston SC $80K,196.0,R32,80
Charleston SC $80K,194.0,R32,80
Charleston SC $80K,289.0,Q1,80
Charleston SC $80K,1123.0,R32,80
Charleston SC $80K,847.0,Q1,80
Charleston SC $80K,295.0,R32,80
Charleston SC $80K,878.0,Q1,80
Charleston SC $80K,276.0,R32,80
Charleston SC $80K,487.0,Q1,80
Charleston SC $80K,424.0,R32,80
Charleston SC $80K,582.0,Q1,80
Charleston SC $80K,179.0,R32,80
Charleston SC $80K,808.0,Q1,80
Charleston SC $80K,274.0,R32,80
Charleston SC $80K,nan,Q1,80
Charleston SC $80K,686.0,R32,80
Charleston SC $80K,836.0,Q1,80
Charleston SC $80K,951.0,Q1,80
Charleston SC $80K,123.0,R32,80
Charleston SC $80K,681.0,Q1,80
Charleston SC $80K,263.0,R32,80
Charleston SC $80K,231.0,R32,80
Charleston SC $80K,908.0,Q1,80
Charleston SC $80K,223.0,R32,80
Charleston SC $80K,710.0,Q1,80
Charleston SC $80K,270.0,R16,80
Charleston SC $80K,nan,Q2,80
Charleston SC $80K,714.0,Q2,80
Charleston SC $80K,137.0,R16,80
Charleston SC $80K,927.0,Q2,80
Charleston SC $80K,95.0,R16,80
Charleston SC $80K,205.0,R16,80
Charleston SC $80K,599.0,Q2,80
Charleston SC $80K,383.0,R16,80
Charleston SC $80K,660.0,Q2,80
Charleston SC $80K,118.0,R16,80
Charleston SC $80K,1201.0,Q2,80
Charleston SC $80K,940.0,Q2,80
Charleston SC $80K,288.0,R16,80
Charleston SC $80K,246.0,R16,80
Charleston SC $80K,608.0,Q2,80
Charleston SC $80K,296.0,QF,80
Charleston SC $80K,403.0,Q3,80
Charleston SC $80K,673.0,Q3,80
Charleston SC $80K,164.0,QF,80
Charleston SC $80K,171.0,QF,80
Charleston SC $80K,575.0,Q3,80
Charleston SC $80K,473.0,QF,80
Charleston SC $80K,376.0,Q3,80
Charleston SC $80K,412.0,SF,80
Charleston SC $80K,320.0,SF,80
Charleston SC $80K,97.0,F,80
Charleston SC $80K,85.0,W,80
Macon GA $80K,89.0,R32,80
Macon GA $80K,365.0,Q1,80
Macon GA $80K,232.0,R32,80
Macon GA $80K,550.0,Q1,80
Macon GA $80K,216.0,R32,80
Macon GA $80K,nan,Q1,80
Macon GA $80K,990.0,Q1,80
Macon GA $80K,153.0,R32,80
Macon GA $80K,375.0,Q1,80
Macon GA $80K,139.0,R32,80
Macon GA $80K,282.0,R32,80
Macon GA $80K,614.0,Q1,80
Macon GA $80K,699.0,Q1,80
Macon GA $80K,164.0,R32,80
Macon GA $80K,145.0,R32,80
Macon GA $80K,540.0,Q1,80
Macon GA $80K,529.0,Q1,80
Macon GA $80K,143.0,R32,80
Macon GA $80K,535.0,Q1,80
Macon GA $80K,190.0,R32,80
Macon GA $80K,239.0,R32,80
Macon GA $80K,868.0,Q1,80
Macon GA $80K,132.0,R32,80
Macon GA $80K,755.0,Q1,80
Macon GA $80K,414.0,Q1,80
Macon GA $80K,473.0,R32,80
Macon GA $80K,223.0,R32,80
Macon GA $80K,873.0,Q1,80
Macon GA $80K,355.0,R32,80
Macon GA $80K,nan,Q1,80
Macon GA $80K,511.0,R32,80
Macon GA $80K,590.0,Q1,80
Macon GA $80K,559.0,R16,80
Macon GA $80K,nan,Q2,80
Macon GA $80K,323.0,R16,80
Macon GA $80K,481.0,Q2,80
Macon GA $80K,871.0,Q2,80
Macon GA $80K,262.0,R16,80
Macon GA $80K,445.0,Q2,80
Macon GA $80K,336.0,R16,80
Macon GA $80K,410.0,Q2,80
Macon GA $80K,299.0,R16,80
Macon GA $80K,278.0,R16,80
Macon GA $80K,437.0,Q2,80
Macon GA $80K,909.0,Q2,80
Macon GA $80K,229.0,R16,80
Macon GA $80K,640.0,R16,80
Macon GA $80K,446.0,Q2,80
Macon GA $80K,193.0,QF,80
Macon GA $80K,503.0,Q3,80
Macon GA $80K,1043.0,Q3,80
Macon GA $80K,302.0,QF,80
Macon GA $80K,563.0,QF,80
Macon GA $80K,586.0,Q3,80
Macon GA $80K,536.0,Q3,80
Macon GA $80K,129.0,QF,80
Macon GA $80K,171.0,SF,80
Macon GA $80K,149.0,SF,80
Macon GA $80K,166.0,F,80
Macon GA $80K,162.0,W,80
Tyler TX $80K,273.0,R32,80
Tyler TX $80K,782.0,Q1,80
Tyler TX $80K,188.0,R32,80
Tyler TX $80K,785.0,Q1,80
Tyler TX $80K,nan,Q1,80
Tyler TX $80K,304.0,R32,80
Tyler TX $80K,336.0,R32,80
Tyler TX $80K,nan,Q1,80
Tyler TX $80K,128.0,R32,80
Tyler TX $80K,489.0,Q1,80
Tyler TX $80K,nan,Q1,80
Tyler TX $80K,145.0,R32,80
Tyler TX $80K,824.0,Q1,80
Tyler TX $80K,324.0,R32,80
Tyler TX $80K,147.0,R32,80
Tyler TX $80K,678.0,Q1,80
Tyler TX $80K,745.0,Q1,80
Tyler TX $80K,468.0,R32,80
Tyler TX $80K,161.0,R32,80
Tyler TX $80K,686.0,Q1,80
Tyler TX $80K,281.0,R32,80
Tyler TX $80K,1092.0,Q1,80
Tyler TX $80K,124.0,R32,80
Tyler TX $80K,476.0,Q1,80
Tyler TX $80K,192.0,R32,80
Tyler TX $80K,365.0,Q1,80
Tyler TX $80K,247.0,R32,80
Tyler TX $80K,nan,Q1,80
Tyler TX $80K,869.0,R32,80
Tyler TX $80K,1092.0,Q1,80
Tyler TX $80K,455.0,R32,80
Tyler TX $80K,1054.0,Q1,80
Tyler TX $80K,130.0,R16,80
Tyler TX $80K,544.0,Q2,80
Tyler TX $80K,434.0,Q2,80
Tyler TX $80K,153.0,R16,80
Tyler TX $80K,920.0,Q2,80
Tyler TX $80K,327.0,R16,80
Tyler TX $80K,498.0,Q2,80
Tyler TX $80K,167.0,R16,80
Tyler TX $80K,140.0,R16,80
Tyler TX $80K,302.0,Q2,80
Tyler TX $80K,482.0,R16,80
Tyler TX $80K,501.0,Q2,80
Tyler TX $80K,146.0,R16,80
Tyler TX $80K,625.0,Q2,80
Tyler TX $80K,89.0,R16,80
Tyler TX $80K,nan,Q2,80
Tyler TX $80K,323.0,QF,80
Tyler TX $80K,283.0,Q3,80
Tyler TX $80K,413.0,Q3,80
Tyler TX $80K,993.0,QF,80
Tyler TX $80K,239.0,QF,80
Tyler TX $80K,557.0,Q3,80
Tyler TX $80K,254.0,QF,80
Tyler TX $80K,918.0,Q3,80
Tyler TX $80K,39.0,SF,80
Tyler TX $80K,181.0,SF,80
Tyler TX $80K,235.0,F,80
Tyler TX $80K,309.0,W,80
Las Vegas NV $80K,190.0,R32,80
Las Vegas NV $80K,267.0,Q1,80
Las Vegas NV $80K,159.0,R32,80
Las Vegas NV $80K,690.0,Q1,80
Las Vegas NV $80K,300.0,R32,80
Las Vegas NV $80K,nan,Q1,80
Las Vegas NV $80K,nan,Q1,80
Las Vegas NV $80K,320.0,R32,80
Las Vegas NV $80K,129.0,R32,80
Las Vegas NV $80K,283.0,Q1,80
Las Vegas NV $80K,1040.0,Q1,80
Las Vegas NV $80K,339.0,R32,80
Las Vegas NV $80K,234.0,R32,80
Las Vegas NV $80K,1224.0,Q1,80
Las Vegas NV $80K,800.0,Q1,80
Las Vegas NV $80K,184.0,R32,80
Las Vegas NV $80K,311.0,Q1,80
Las Vegas NV $80K,133.0,R32,80
Las Vegas NV $80K,303.0,R32,80
Las Vegas NV $80K,1222.0,Q1,80
Las Vegas NV $80K,194.0,R32,80
Las Vegas NV $80K,1224.0,Q1,80
Las Vegas NV $80K,nan,Q1,80
Las Vegas NV $80K,214.0,R32,80
Las Vegas NV $80K,342.0,R32,80
Las Vegas NV $80K,310.0,Q1,80
Las Vegas NV $80K,238.0,R32,80
Las Vegas NV $80K,nan,Q1,80
Las Vegas NV $80K,508.0,R32,80
Las Vegas NV $80K,900.0,Q1,80
Las Vegas NV $80K,274.0,R32,80
Las Vegas NV $80K,968.0,Q1,80
Las Vegas NV $80K,199.0,R16,80
Las Vegas NV $80K,1224.0,Q2,80
Las Vegas NV $80K,838.0,Q2,80
Las Vegas NV $80K,252.0,R16,80
Las Vegas NV $80K,451.0,R16,80
Las Vegas NV $80K,788.0,Q2,80
Las Vegas NV $80K,906.0,Q2,80
Las Vegas NV $80K,161.0,R16,80
Las Vegas NV $80K,189.0,R16,80
Las Vegas NV $80K,nan,Q2,80
Las Vegas NV $80K,505.0,R16,80
Las Vegas NV $80K,308.0,Q2,80
Las Vegas NV $80K,254.0,R16,80
Las Vegas NV $80K,777.0,Q2,80
Las Vegas NV $80K,101.0,R16,80
Las Vegas NV $80K,340.0,Q2,80
Las Vegas NV $80K,823.0,Q3,80
Las Vegas NV $80K,142.0,QF,80
Las Vegas NV $80K,146.0,QF,80
Las Vegas NV $80K,495.0,Q3,80
Las Vegas NV $80K,127.0,QF,80
Las Vegas NV $80K,984.0,Q3,80
Las Vegas NV $80K,170.0,QF,80
Las Vegas NV $80K,625.0,Q3,80
Las Vegas NV $80K,167.0,SF,80
Las Vegas NV $80K,536.0,SF,80
Las Vegas NV $80K,147.0,F,80
Las Vegas NV $80K,37.0,W,80
W80 Biarritz,295.0,R32,80
W80 Biarritz,nan,Q1,80
W80 Biarritz,nan,Q1,80
W80 Biarritz,278.0,R32,80
W80 Biarritz,755.0,R32,80
W80 Biarritz,nan,Q1,80
W80 Biarritz,224.0,R32,80
W80 Biarritz,581.0,Q1,80
W80 Biarritz,490.0,R32,80
W80 Biarritz,nan,Q1,80
W80 Biarritz,246.0,R32,80
W80 Biarritz,nan,Q1,80
W80 Biarritz,nan,Q1,80
W80 Biarritz,255.0,R32,80
W80 Biarritz,340.0,R32,80
W80 Biarritz,nan,Q1,80
W80 Biarritz,nan,Q1,80
W80 Biarritz,215.0,R32,80
W80 Biarritz,536.0,R32,80
W80 Biarritz,519.0,Q1,80
W80 Biarritz,251.0,R32,80
W80 Biarritz,nan,Q1,80
W80 Biarritz,402.0,R32,80
W80 Biarritz,nan,Q1,80
W80 Biarritz,nan,Q1,80
W80 Biarritz,289.0,R32,80
W80 Biarritz,729.0,R32,80
W80 Biarritz,nan,Q1,80
W80 Biarritz,nan,Q1,80
W80 Biarritz,507.0,R32,80
W80 Biarritz,622.0,R32,80
W80 Biarritz,nan,Q1,80
W80 Biarritz,344.0,R16,80
W80 Biarritz,475.0,Q2,80
W80 Biarritz,426.0,R16,80
W80 Biarritz,nan,Q2,80
W80 Biarritz,298.0,R16,80
W80 Biarritz,353.0,Q2,80
W80 Biarritz,269.0,R16,80
W80 Biarritz,368.0,Q2,80
W80 Biarritz,333.0,R16,80
W80 Biarritz,nan,Q2,80
W80 Biarritz,297.0,R16,80
W80 Biarritz,544.0,Q2,80
W80 Biarritz,499.0,Q2,80
W80 Biarritz,472.0,R16,80
W80 Biarritz,378.0,R16,80
W80 Biarritz,749.0,Q2,80
W80 Biarritz,216.0,QF,80
W80 Biarritz,229.0,QF,80
W80 Biarritz,348.0,QF,80
W80 Biarritz,160.0,QF,80
W80 Biarritz,162.0,SF,80
W80 Biarritz,188.0,SF,80
W80 Biarritz,136.0,F,80
W80 Biarritz,249.0,W,80
W80 Cagnes Sur Mer,80.0,R32,80
W80 Cagnes Sur Mer,610.0,Q1,80
W80 Cagnes Sur Mer,487.0,R32,80
W80 Cagnes Sur Mer,374.0,Q1,80
W80 Cagnes Sur Mer,169.0,R32,80
W80 Cagnes Sur Mer,520.0,Q1,80
W80 Cagnes Sur Mer,724.0,Q1,80
W80 Cagnes Sur Mer,118.0,R32,80
W80 Cagnes Sur Mer,146.0,R32,80
W80 Cagnes Sur Mer,174.0,Q1,80
W80 Cagnes Sur Mer,196.0,R32,80
W80 Cagnes Sur Mer,396.0,Q1,80
W80 Cagnes Sur Mer,504.0,Q1,80
W80 Cagnes Sur Mer,706.0,R32,80
W80 Cagnes Sur Mer,341.0,Q1,80
W80 Cagnes Sur Mer,392.0,R32,80
W80 Cagnes Sur Mer,134.0,R32,80
W80 Cagnes Sur Mer,490.0,Q1,80
W80 Cagnes Sur Mer,754.0,Q1,80
W80 Cagnes Sur Mer,153.0,R32,80
W80 Cagnes Sur Mer,nan,R32,80
W80 Cagnes Sur Mer,489.0,Q1,80
W80 Cagnes Sur Mer,176.0,R32,80
W80 Cagnes Sur Mer,nan,Q1,80
W80 Cagnes Sur Mer,264.0,Q1,80
W80 Cagnes Sur Mer,348.0,R32,80
W80 Cagnes Sur Mer,491.0,Q1,80
W80 Cagnes Sur Mer,409.0,R32,80
W80 Cagnes Sur Mer,256.0,R32,80
W80 Cagnes Sur Mer,668.0,Q1,80
W80 Cagnes Sur Mer,84.0,R32,80
W80 Cagnes Sur Mer,532.0,Q1,80
W80 Cagnes Sur Mer,138.0,R16,80
W80 Cagnes Sur Mer,163.0,Q2,80
W80 Cagnes Sur Mer,328.0,R16,80
W80 Cagnes Sur Mer,329.0,Q2,80
W80 Cagnes Sur Mer,142.0,R16,80
W80 Cagnes Sur Mer,501.0,Q2,80
W80 Cagnes Sur Mer,381.0,R16,80
W80 Cagnes Sur Mer,480.0,Q2,80
W80 Cagnes Sur Mer,182.0,R16,80
W80 Cagnes Sur Mer,176.0,Q2,80
W80 Cagnes Sur Mer,375.0,R16,80
W80 Cagnes Sur Mer,232.0,Q2,80
W80 Cagnes Sur Mer,450.0,Q2,80
W80 Cagnes Sur Mer,121.0,R16,80
W80 Cagnes Sur Mer,156.0,R16,80
W80 Cagnes Sur Mer,285.0,Q2,80
W80 Cagnes Sur Mer,131.0,QF,80
W80 Cagnes Sur Mer,125.0,QF,80
W80 Cagnes Sur Mer,147.0,QF,80
W80 Cagnes Sur Mer,177.0,QF,80
W80 Cagnes Sur Mer,137.0,SF,80
W80 Cagnes Sur Mer,108.0,SF,80
W80 Cagnes Sur Mer,113.0,F,80
W80 Cagnes Sur Mer,130.0,W,80
W80 Poitiers,52.0,R32,80
W80 Poitiers,nan,Q1,80
W80 Poitiers,551.0,R32,80
W80 Poitiers,618.0,Q1,80
W80 Poitiers,609.0,R32,80
W80 Poitiers,341.0,Q1,80
W80 Poitiers,314.0,R32,80
W80 Poitiers,nan,Q1,80
W80 Poitiers,276.0,R32,80
W80 Poitiers,nan,Q1,80
W80 Poitiers,nan,Q1,80
W80 Poitiers,249.0,R32,80
W80 Poitiers,480.0,R32,80
W80 Poitiers,nan,Q1,80
W80 Poitiers,731.0,Q1,80
W80 Poitiers,335.0,R32,80
W80 Poitiers,106.0,R32,80
W80 Poitiers,686.0,Q1,80
W80 Poitiers,nan,Q1,80
W80 Poitiers,418.0,R32,80
W80 Poitiers,150.0,R32,80
W80 Poitiers,nan,Q1,80
W80 Poitiers,nan,Q1,80
W80 Poitiers,580.0,R32,80
W80 Poitiers,nan,Q1,80
W80 Poitiers,121.0,R32,80
W80 Poitiers,nan,R32,80
W80 Poitiers,660.0,Q1,80
W80 Poitiers,427.0,Q1,80
W80 Poitiers,nan,R32,80
W80 Poitiers,425.0,R32,80
W80 Poitiers,807.0,Q1,80
W80 Poitiers,129.0,R16,80
W80 Poitiers,607.0,Q2,80
W80 Poitiers,236.0,R16,80
W80 Poitiers,543.0,Q2,80
W80 Poitiers,483.0,R16,80
W80 Poitiers,443.0,Q2,80
W80 Poitiers,207.0,R16,80
W80 Poitiers,455.0,Q2,80
W80 Poitiers,414.0,Q2,80
W80 Poitiers,408.0,R16,80
W80 Poitiers,482.0,Q2,80
W80 Poitiers,252.0,R16,80
W80 Poitiers,688.0,Q2,80
W80 Poitiers,165.0,R16,80
W80 Poitiers,555.0,R16,80
W80 Poitiers,872.0,Q2,80
W80 Poitiers,180.0,QF,80
W80 Poitiers,131.0,QF,80
W80 Poitiers,100.0,QF,80
W80 Poitiers,87.0,QF,80
W80 Poitiers,120.0,SF,80
W80 Poitiers,232.0,SF,80
W80 Poitiers,153.0,F,80
W80 Poitiers,101.0,W,80
W80 Gifu,191.0,R32,80
W80 Gifu,275.0,Q1,80
W80 Gifu,655.0,Q1,80
W80 Gifu,nan,R32,80
W80 Gifu,245.0,R32,80
W80 Gifu,674.0,Q1,80
W80 Gifu,376.0,Q1,80
W80 Gifu,162.0,R32,80
W80 Gifu,112.0,R32,80
W80 Gifu,278.0,Q1,80
W80 Gifu,318.0,R32,80
W80 Gifu,383.0,Q1,80
W80 Gifu,274.0,Q1,80
W80 Gifu,330.0,R32,80
W80 Gifu,117.0,R32,80
W80 Gifu,423.0,Q1,80
W80 Gifu,nan,Q1,80
W80 Gifu,348.0,R32,80
W80 Gifu,173.0,R32,80
W80 Gifu,310.0,Q1,80
W80 Gifu,303.0,Q1,80
W80 Gifu,227.0,R32,80
W80 Gifu,228.0,R32,80
W80 Gifu,nan,Q1,80
W80 Gifu,313.0,R32,80
W80 Gifu,346.0,Q2,80
W80 Gifu,189.0,R32,80
W80 Gifu,242.0,Q2,80
W80 Gifu,355.0,Q2,80
W80 Gifu,633.0,R32,80
W80 Gifu,218.0,R32,80
W80 Gifu,453.0,Q2,80
W80 Gifu,399.0,Q2,80
W80 Gifu,94.0,R16,80
W80 Gifu,186.0,R16,80
W80 Gifu,307.0,Q2,80
W80 Gifu,237.0,R16,80
W80 Gifu,169.0,R16,80
W80 Gifu,182.0,R16,80
W80 Gifu,362.0,R16,80
W80 Gifu,164.0,R16,80
W80 Gifu,104.0,R16,80
W80 Gifu,212.0,QF,80
W80 Gifu,386.0,QF,80
W80 Gifu,168.0,QF,80
W80 Gifu,271.0,QF,80
W80 Gifu,353.0,SF,80
W80 Gifu,314.0,SF,80
W80 Gifu,190.0,F,80
W80 Gifu,115.0,W,80
W80 Nur Sultan,nan,Q1,80
W80 Nur Sultan,359.0,R32,80
W80 Nur Sultan,nan,Q1,80
W80 Nur Sultan,376.0,R32,80
W80 Nur Sultan,518.0,R32,80
W80 Nur Sultan,nan,Q1,80
W80 Nur Sultan,306.0,R32,80
W80 Nur Sultan,nan,Q1,80
W80 Nur Sultan,427.0,R32,80
W80 Nur Sultan,nan,Q1,80
W80 Nur Sultan,350.0,R32,80
W80 Nur Sultan,nan,Q1,80
W80 Nur Sultan,nan,Q1,80
W80 Nur Sultan,404.0,R32,80
W80 Nur Sultan,nan,Q1,80
W80 Nur Sultan,261.0,R32,80
W80 Nur Sultan,377.0,R32,80
W80 Nur Sultan,nan,Q1,80
W80 Nur Sultan,511.0,Q2,80
W80 Nur Sultan,477.0,R32,80
W80 Nur Sultan,583.0,R32,80
W80 Nur Sultan,657.0,Q2,80
W80 Nur Sultan,nan,Q2,80
W80 Nur Sultan,597.0,R32,80
W80 Nur Sultan,786.0,R32,80
W80 Nur Sultan,757.0,Q2,80
W80 Nur Sultan,630.0,R32,80
W80 Nur Sultan,nan,Q2,80
W80 Nur Sultan,nan,R32,80
W80 Nur Sultan,nan,Q2,80
W80 Nur Sultan,629.0,Q2,80
W80 Nur Sultan,757.0,R32,80
W80 Nur Sultan,844.0,Q2,80
W80 Nur Sultan,nan,R16,80
W80 Nur Sultan,307.0,R16,80
W80 Nur Sultan,228.0,R16,80
W80 Nur Sultan,522.0,R16,80
W80 Nur Sultan,349.0,R16,80
W80 Nur Sultan,287.0,R16,80
W80 Nur Sultan,725.0,R16,80
W80 Nur Sultan,704.0,R16,80
W80 Nur Sultan,252.0,QF,80
W80 Nur Sultan,448.0,QF,80
W80 Nur Sultan,203.0,QF,80
W80 Nur Sultan,598.0,QF,80
W80 Nur Sultan,535.0,SF,80
W80 Nur Sultan,225.0,SF,80
W80 Nur Sultan,250.0,F,80
W80 Nur Sultan,104.0,W,80
W80 Palm Harbor FL,nan,Q1,80
W80 Palm Harbor FL,293.0,R32,80
W80 Palm Harbor FL,352.0,R32,80
W80 Palm Harbor FL,792.0,Q1,80
W80 Palm Harbor FL,353.0,R32,80
W80 Palm Harbor FL,nan,Q1,80
W80 Palm Harbor FL,838.0,Q1,80
W80 Palm Harbor FL,496.0,R32,80
W80 Palm Harbor FL,344.0,R32,80
W80 Palm Harbor FL,nan,Q1,80
W80 Palm Harbor FL,234.0,R32,80
W80 Palm Harbor FL,782.0,Q1,80
W80 Palm Harbor FL,nan,Q1,80
W80 Palm Harbor FL,734.0,R32,80
W80 Palm Harbor FL,856.0,R32,80
W80 Palm Harbor FL,615.0,Q1,80
W80 Palm Harbor FL,726.0,R32,80
W80 Palm Harbor FL,799.0,Q1,80
W80 Palm Harbor FL,373.0,R32,80
W80 Palm Harbor FL,nan,Q1,80
W80 Palm Harbor FL,603.0,Q1,80
W80 Palm Harbor FL,720.0,R32,80
W80 Palm Harbor FL,466.0,R32,80
W80 Palm Harbor FL,696.0,Q1,80
W80 Palm Harbor FL,181.0,R32,80
W80 Palm Harbor FL,429.0,Q2,80
W80 Palm Harbor FL,730.0,Q2,80
W80 Palm Harbor FL,440.0,R32,80
W80 Palm Harbor FL,466.0,Q2,80
W80 Palm Harbor FL,260.0,R32,80
W80 Palm Harbor FL,nan,Q2,80
W80 Palm Harbor FL,317.0,R32,80
W80 Palm Harbor FL,401.0,R16,80
W80 Palm Harbor FL,561.0,Q2,80
W80 Palm Harbor FL,628.0,R16,80
W80 Palm Harbor FL,775.0,Q2,80
W80 Palm Harbor FL,566.0,R16,80
W80 Palm Harbor FL,394.0,R16,80
W80 Palm Harbor FL,433.0,R16,80
W80 Palm Harbor FL,322.0,R16,80
W80 Palm Harbor FL,224.0,R16,80
W80 Palm Harbor FL,330.0,R16,80
W80 Palm Harbor FL,216.0,QF,80
W80 Palm Harbor FL,236.0,QF,80
W80 Palm Harbor FL,187.0,QF,80
W80 Palm Harbor FL,177.0,QF,80
W80 Palm Harbor FL,175.0,SF,80
W80 Palm Harbor FL,427.0,SF,80
W80 Palm Harbor FL,124.0,F,80
W80 Palm Harbor FL,225.0,W,80
W80 Dothan AL,84.0,R32,80
W80 Dothan AL,819.0,Q1,80
W80 Dothan AL,433.0,Q1,80
W80 Dothan AL,200.0,R32,80
W80 Dothan AL,450.0,R32,80
W80 Dothan AL,261.0,Q1,80
W80 Dothan AL,230.0,R32,80
W80 Dothan AL,618.0,Q1,80
W80 Dothan AL,102.0,R32,80
W80 Dothan AL,495.0,Q1,80
W80 Dothan AL,390.0,R32,80
W80 Dothan AL,510.0,Q1,80
W80 Dothan AL,nan,Q1,80
W80 Dothan AL,248.0,R32,80
W80 Dothan AL,nan,Q1,80
W80 Dothan AL,281.0,R32,80
W80 Dothan AL,491.0,Q1,80
W80 Dothan AL,395.0,R32,80
W80 Dothan AL,565.0,Q1,80
W80 Dothan AL,210.0,R32,80
W80 Dothan AL,215.0,R32,80
W80 Dothan AL,277.0,Q1,80
W80 Dothan AL,588.0,Q1,80
W80 Dothan AL,298.0,R32,80
W80 Dothan AL,229.0,R32,80
W80 Dothan AL,239.0,Q2,80
W80 Dothan AL,414.0,R32,80
W80 Dothan AL,736.0,Q2,80
W80 Dothan AL,356.0,Q2,80
W80 Dothan AL,241.0,R32,80
W80 Dothan AL,300.0,Q2,80
W80 Dothan AL,97.0,R32,80
W80 Dothan AL,363.0,Q2,80
W80 Dothan AL,196.0,R16,80
W80 Dothan AL,408.0,Q2,80
W80 Dothan AL,139.0,R16,80
W80 Dothan AL,224.0,R16,80
W80 Dothan AL,273.0,R16,80
W80 Dothan AL,167.0,R16,80
W80 Dothan AL,135.0,R16,80
W80 Dothan AL,275.0,R16,80
W80 Dothan AL,254.0,R16,80
W80 Dothan AL,322.0,QF,80
W80 Dothan AL,164.0,QF,80
W80 Dothan AL,337.0,QF,80
W80 Dothan AL,183.0,QF,80
W80 Dothan AL,166.0,SF,80
W80 Dothan AL,227.0,SF,80
W80 Dothan AL,162.0,F,80
W80 Dothan AL,279.0,W,80
W80 Charlottesville VA,431.0,R32,80
W80 Charlottesville VA,nan,Q1,80
W80 Charlottesville VA,nan,Q1,80
W80 Charlottesville VA,700.0,R32,80
W80 Charlottesville VA,821.0,Q1,80
W80 Charlottesville VA,392.0,R32,80
W80 Charlottesville VA,848.0,Q1,80
W80 Charlottesville VA,370.0,R32,80
W80 Charlottesville VA,738.0,R32,80
W80 Charlottesville VA,nan,Q1,80
W80 Charlottesville VA,nan,R32,80
W80 Charlottesville VA,nan,Q1,80
W80 Charlottesville VA,628.0,R32,80
W80 Charlottesville VA,nan,Q1,80
W80 Charlottesville VA,156.0,R32,80
W80 Charlottesville VA,nan,Q1,80
W80 Charlottesville VA,nan,Q1,80
W80 Charlottesville VA,170.0,R32,80
W80 Charlottesville VA,261.0,R32,80
W80 Charlottesville VA,nan,Q1,80
W80 Charlottesville VA,579.0,R32,80
W80 Charlottesville VA,720.0,Q2,80
W80 Charlottesville VA,774.0,Q2,80
W80 Charlottesville VA,576.0,R32,80
W80 Charlottesville VA,163.0,R32,80
W80 Charlottesville VA,496.0,Q2,80
W80 Charlottesville VA,230.0,R32,80
W80 Charlottesville VA,798.0,Q2,80
W80 Charlottesville VA,216.0,R32,80
W80 Charlottesville VA,727.0,Q2,80
W80 Charlottesville VA,263.0,R32,80
W80 Charlottesville VA,702.0,Q2,80
W80 Charlottesville VA,210.0,R16,80
W80 Charlottesville VA,211.0,R16,80
W80 Charlottesville VA,317.0,R16,80
W80 Charlottesville VA,295.0,R16,80
W80 Charlottesville VA,206.0,R16,80
W80 Charlottesville VA,684.0,R16,80
W80 Charlottesville VA,267.0,R16,80
W80 Charlottesville VA,217.0,R16,80
W80 Charlottesville VA,101.0,QF,80
W80 Charlottesville VA,133.0,QF,80
W80 Charlottesville VA,214.0,QF,80
W80 Charlottesville VA,365.0,QF,80
W80 Charlottesville VA,225.0,SF,80
W80 Charlottesville VA,141.0,SF,80
W80 Charlottesville VA,95.0,F,80
W80 Charlottesville VA,189.0,W,80
W80 Macon GA,474.0,Q1,80
W80 Macon GA,nan,R32,80
W80 Macon GA,248.0,R32,80
W80 Macon GA,nan,Q1,80
W80 Macon GA,nan,Q1,80
W80 Macon GA,324.0,R32,80
W80 Macon GA,nan,Q1,80
W80 Macon GA,nan,R32,80
W80 Macon GA,307.0,R32,80
W80 Macon GA,nan,Q1,80
W80 Macon GA,698.0,R32,80
W80 Macon GA,886.0,Q1,80
W80 Macon GA,210.0,R32,80
W80 Macon GA,547.0,Q1,80
W80 Macon GA,721.0,Q1,80
W80 Macon GA,746.0,R32,80
W80 Macon GA,nan,Q1,80
W80 Macon GA,254.0,R32,80
W80 Macon GA,nan,R32,80
W80 Macon GA,nan,Q1,80
W80 Macon GA,196.0,R32,80
W80 Macon GA,nan,Q1,80
W80 Macon GA,135.0,R32,80
W80 Macon GA,900.0,Q1,80
W80 Macon GA,169.0,R32,80
W80 Macon GA,nan,Q1,80
W80 Macon GA,510.0,R32,80
W80 Macon GA,nan,Q1,80
W80 Macon GA,nan,Q1,80
W80 Macon GA,424.0,R32,80
W80 Macon GA,nan,Q1,80
W80 Macon GA,620.0,R32,80
W80 Macon GA,102.0,R16,80
W80 Macon GA,675.0,Q2,80
W80 Macon GA,742.0,Q2,80
W80 Macon GA,166.0,R16,80
W80 Macon GA,533.0,R16,80
W80 Macon GA,542.0,Q2,80
W80 Macon GA,147.0,R16,80
W80 Macon GA,nan,Q2,80
W80 Macon GA,138.0,R16,80
W80 Macon GA,nan,Q2,80
W80 Macon GA,212.0,R16,80
W80 Macon GA,nan,Q2,80
W80 Macon GA,350.0,R16,80
W80 Macon GA,695.0,Q2,80
W80 Macon GA,1161.0,Q2,80
W80 Macon GA,662.0,R16,80
W80 Macon GA,nan,QF,80
W80 Macon GA,123.0,QF,80
W80 Macon GA,387.0,QF,80
W80 Macon GA,116.0,QF,80
W80 Macon GA,190.0,SF,80
W80 Macon GA,313.0,SF,80
W80 Macon GA,217.0,F,80
W80 Macon GA,471.0,W,80
W80 Tyler TX,102.0,R32,80
W80 Tyler TX,nan,Q1,80
W80 Tyler TX,287.0,R32,80
W80 Tyler TX,620.0,Q1,80
W80 Tyler TX,587.0,Q1,80
W80 Tyler TX,296.0,R32,80
W80 Tyler TX,502.0,Q1,80
W80 Tyler TX,313.0,R32,80
W80 Tyler TX,324.0,Q1,80
W80 Tyler TX,115.0,R32,80
W80 Tyler TX,424.0,Q1,80
W80 Tyler TX,510.0,R32,80
W80 Tyler TX,533.0,R32,80
W80 Tyler TX,576.0,Q1,80
W80 Tyler TX,474.0,Q1,80
W80 Tyler TX,208.0,R32,80
W80 Tyler TX,210.0,R32,80
W80 Tyler TX,547.0,Q1,80
W80 Tyler TX,307.0,R32,80
W80 Tyler TX,nan,Q1,80
W80 Tyler TX,189.0,R32,80
W80 Tyler TX,367.0,Q1,80
W80 Tyler TX,196.0,R32,80
W80 Tyler TX,512.0,Q1,80
W80 Tyler TX,138.0,R32,80
W80 Tyler TX,374.0,Q1,80
W80 Tyler TX,nan,R32,80
W80 Tyler TX,612.0,Q1,80
W80 Tyler TX,380.0,Q1,80
W80 Tyler TX,254.0,R32,80
W80 Tyler TX,565.0,R32,80
W80 Tyler TX,390.0,Q1,80
W80 Tyler TX,217.0,R16,80
W80 Tyler TX,274.0,Q2,80
W80 Tyler TX,570.0,Q2,80
W80 Tyler TX,192.0,R16,80
W80 Tyler TX,579.0,Q2,80
W80 Tyler TX,687.0,R16,80
W80 Tyler TX,147.0,R16,80
W80 Tyler TX,565.0,Q2,80
W80 Tyler TX,123.0,R16,80
W80 Tyler TX,365.0,Q2,80
W80 Tyler TX,643.0,Q2,80
W80 Tyler TX,nan,R16,80
W80 Tyler TX,350.0,R16,80
W80 Tyler TX,435.0,Q2,80
W80 Tyler TX,615.0,R16,80
W80 Tyler TX,680.0,Q2,80
W80 Tyler TX,166.0,QF,80
W80 Tyler TX,387.0,QF,80
W80 Tyler TX,116.0,QF,80
W80 Tyler TX,344.0,QF,80
W80 Tyler TX,395.0,SF,80
W80 Tyler TX,190.0,SF,80
W80 Tyler TX,423.0,F,80
W80 Tyler TX,169.0,W,80
W80 Cagnes-sur-Mer,148.0,R32,80
W80 Cagnes-sur-Mer,120.0,R32,80
W80 Cagnes-sur-Mer,154.0,R32,80
W80 Cagnes-sur-Mer,182.0,R32,80
W80 Cagnes-sur-Mer,110.0,R32,80
W80 Cagnes-sur-Mer,233.0,R32,80
W80 Cagnes-sur-Mer,490.0,R32,80
W80 Cagnes-sur-Mer,111.0,R32,80
W80 Cagnes-sur-Mer,902.0,R32,80
W80 Cagnes-sur-Mer,152.0,R32,80
W80 Cagnes-sur-Mer,281.0,R32,80
W80 Cagnes-sur-Mer,147.0,R32,80
W80 Cagnes-sur-Mer,124.0,R32,80
W80 Cagnes-sur-Mer,538.0,R32,80
W80 Cagnes-sur-Mer,306.0,R32,80
W80 Cagnes-sur-Mer,90.0,R32,80
W80 Cagnes-sur-Mer,185.0,R16,80
W80 Cagnes-sur-Mer,112.0,R16,80
W80 Cagnes-sur-Mer,433.0,R16,80
W80 Cagnes-sur-Mer,224.0,R16,80
W80 Cagnes-sur-Mer,134.0,R16,80
W80 Cagnes-sur-Mer,194.0,R16,80
W80 Cagnes-sur-Mer,216.0,R16,80
W80 Cagnes-sur-Mer,589.0,R16,80
W80 Cagnes-sur-Mer,129.0,QF,80
W80 Cagnes-sur-Mer,nan,QF,80
W80 Cagnes-sur-Mer,117.0,QF,80
W80 Cagnes-sur-Mer,133.0,QF,80
W80 Cagnes-sur-Mer,136.0,SF,80
W80 Cagnes-sur-Mer,94.0,SF,80
W80 Cagnes-sur-Mer,163.0,F,80
W80 Cagnes-sur-Mer,78.0,W,80
W80 Macon GA,1151.0,R32,80
W80 Macon GA,130.0,R32,80
W80 Macon GA,151.0,R32,80
W80 Macon GA,234.0,R32,80
W80 Macon GA,127.0,R32,80
W80 Macon GA,158.0,R32,80
W80 Macon GA,136.0,R32,80
W80 Macon GA,514.0,R32,80
W80 Macon GA,115.0,R32,80
W80 Macon GA,160.0,R32,80
W80 Macon GA,134.0,R32,80
W80 Macon GA,253.0,R32,80
W80 Macon GA,296.0,R32,80
W80 Macon GA,307.0,R32,80
W80 Macon GA,148.0,R32,80
W80 Macon GA,98.0,R32,80
W80 Macon GA,174.0,R16,80
W80 Macon GA,149.0,R16,80
W80 Macon GA,190.0,R16,80
W80 Macon GA,119.0,R16,80
W80 Macon GA,223.0,R16,80
W80 Macon GA,105.0,R16,80
W80 Macon GA,112.0,R16,80
W80 Macon GA,325.0,R16,80
W80 Macon GA,86.0,QF,80
W80 Macon GA,141.0,QF,80
W80 Macon GA,137.0,QF,80
W80 Macon GA,156.0,QF,80
W80 Macon GA,165.0,SF,80
W80 Macon GA,186.0,SF,80
W80 Macon GA,113.0,F,80
W80 Macon GA,173.0,W,80
W80 Tyler TX,159.0,R32,80
W80 Tyler TX,117.0,R32,80
W80 Tyler TX,181.0,R32,80
W80 Tyler TX,306.0,R32,80
W80 Tyler TX,496.0,R32,80
W80 Tyler TX,270.0,R32,80
W80 Tyler TX,129.0,R32,80
W80 Tyler TX,106.0,R32,80
W80 Tyler TX,108.0,R32,80
W80 Tyler TX,190.0,R32,80
W80 Tyler TX,156.0,R32,80
W80 Tyler TX,178.0,R32,80
W80 Tyler TX,468.0,R32,80
W80 Tyler TX,316.0,R32,80
W80 Tyler TX,186.0,R32,80
W80 Tyler TX,140.0,R32,80
W80 Tyler TX,58.0,R16,80
W80 Tyler TX,749.0,R16,80
W80 Tyler TX,150.0,R16,80
W80 Tyler TX,245.0,R16,80
W80 Tyler TX,287.0,R16,80
W80 Tyler TX,148.0,R16,80
W80 Tyler TX,173.0,R16,80
W80 Tyler TX,85.0,R16,80
W80 Tyler TX,157.0,QF,80
W80 Tyler TX,134.0,QF,80
W80 Tyler TX,101.0,QF,80
W80 Tyler TX,131.0,QF,80
W80 Tyler TX,114.0,SF,80
W80 Tyler TX,141.0,SF,80
W80 Tyler TX,104.0,F,80
W80 Tyler TX,112.0,W,80
W80 Cagnes-sur-Mer,548.0,Q1,80
W80 Cagnes-sur-Mer,227.0,Q1,80
W80 Cagnes-sur-Mer,611.0,Q1,80
W80 Cagnes-sur-Mer,264.0,Q1,80
W80 Cagnes-sur-Mer,781.0,Q1,80
W80 Cagnes-sur-Mer,487.0,Q1,80
W80 Cagnes-sur-Mer,188.0,Q1,80
W80 Cagnes-sur-Mer,667.0,Q1,80
W80 Cagnes-sur-Mer,191.0,Q1,80
W80 Cagnes-sur-Mer,693.0,Q1,80
W80 Cagnes-sur-Mer,907.0,Q1,80
W80 Cagnes-sur-Mer,794.0,Q1,80
W80 Cagnes-sur-Mer,1300.0,Q1,80
W80 Cagnes-sur-Mer,571.0,Q1,80
W80 Cagnes-sur-Mer,208.0,Q1,80
W80 Cagnes-sur-Mer,384.0,Q1,80
W80 Cagnes-sur-Mer,175.0,Q2,80
W80 Cagnes-sur-Mer,180.0,Q2,80
W80 Cagnes-sur-Mer,413.0,Q2,80
W80 Cagnes-sur-Mer,281.0,Q2,80
W80 Cagnes-sur-Mer,535.0,Q2,80
W80 Cagnes-sur-Mer,213.0,Q2,80
W80 Cagnes-sur-Mer,310.0,Q2,80
W80 Cagnes-sur-Mer,nan,Q2,80
W80 Macon GA,291.0,Q1,80
W80 Macon GA,235.0,Q1,80
W80 Macon GA,280.0,Q1,80
W80 Macon GA,246.0,Q1,80
W80 Macon GA,279.0,Q1,80
W80 Macon GA,230.0,Q1,80
W80 Macon GA,163.0,Q1,80
W80 Macon GA,288.0,Q1,80
W80 Macon GA,287.0,Q1,80
W80 Macon GA,236.0,Q1,80
W80 Macon GA,416.0,Q1,80
W80 Macon GA,802.0,Q1,80
W80 Macon GA,238.0,Q1,80
W80 Macon GA,nan,Q1,80
W80 Macon GA,270.0,Q1,80
W80 Macon GA,854.0,Q1,80
W80 Macon GA,140.0,Q2,80
W80 Macon GA,198.0,Q2,80
W80 Macon GA,155.0,Q2,80
W80 Macon GA,478.0,Q2,80
W80 Macon GA,245.0,Q2,80
W80 Macon GA,234.0,Q2,80
W80 Macon GA,179.0,Q2,80
W80 Macon GA,181.0,Q2,80
W80 Tyler TX,510.0,Q1,80
W80 Tyler TX,nan,Q1,80
W80 Tyler TX,426.0,Q1,80
W80 Tyler TX,509.0,Q1,80
W80 Tyler TX,161.0,Q1,80
W80 Tyler TX,233.0,Q1,80
W80 Tyler TX,278.0,Q1,80
W80 Tyler TX,210.0,Q1,80
W80 Tyler TX,288.0,Q1,80
W80 Tyler TX,1199.0,Q1,80
W80 Tyler TX,365.0,Q1,80
W80 Tyler TX,838.0,Q1,80
W80 Tyler TX,595.0,Q1,80
W80 Tyler TX,280.0,Q1,80
W80 Tyler TX,1169.0,Q1,80
W80 Tyler TX,236.0,Q1,80
W80 Tyler TX,238.0,Q2,80
W80 Tyler TX,217.0,Q2,80
W80 Tyler TX,749.0,Q2,80
W80 Tyler TX,173.0,Q2,80
W80 Tyler TX,252.0,Q2,80
W80 Tyler TX,270.0,Q2,80
W80 Tyler TX,235.0,Q2,80
W80 Tyler TX,368.0,Q2,80
W80+H Les Franqueses del Valles,212.0,R32,80
W80+H Les Franqueses del Valles,470.0,R32,80
W80+H Les Franqueses del Valles,616.0,R32,80
W80+H Les Franqueses del Valles,126.0,R32,80
W80+H Les Franqueses del Valles,112.0,R32,80
W80+H Les Franqueses del Valles,305.0,R32,80
W80+H Les Franqueses del Valles,219.0,R32,80
W80+H Les Franqueses del Valles,293.0,R32,80
W80+H Les Franqueses del Valles,352.0,R32,80
W80+H Les Franqueses del Valles,229.0,R32,80
W80+H Les Franqueses del Valles,687.0,R32,80
W80+H Les Franqueses del Valles,218.0,R32,80
W80+H Les Franqueses del Valles,631.0,R32,80
W80+H Les Franqueses del Valles,314.0,R32,80
W80+H Les Franqueses del Valles,326.0,R32,80
W80+H Les Franqueses del Valles,321.0,R32,80
W80+H Les Franqueses del Valles,62.0,R16,80
W80+H Les Franqueses del Valles,238.0,R16,80
W80+H Les Franqueses del Valles,310.0,R16,80
W80+H Les Franqueses del Valles,306.0,R16,80
W80+H Les Franqueses del Valles,178.0,R16,80
W80+H Les Franqueses del Valles,649.0,R16,80
W80+H Les Franqueses del Valles,263.0,R16,80
W80+H Les Franqueses del Valles,403.0,R16,80
W80+H Les Franqueses del Valles,292.0,QF,80
W80+H Les Franqueses del Valles,336.0,QF,80
W80+H Les Franqueses del Valles,249.0,QF,80
W80+H Les Franqueses del Valles,125.0,QF,80
W80+H Les Franqueses del Valles,160.0,SF,80
W80+H Les Franqueses del Valles,111.0,SF,80
W80+H Les Franqueses del Valles,203.0,F,80
W80+H Les Franqueses del Valles,103.0,W,80
W80 Valencia,232.0,R32,80
W80 Valencia,295.0,R32,80
W80 Valencia,247.0,R32,80
W80 Valencia,490.0,R32,80
W80 Valencia,394.0,R32,80
W80 Valencia,417.0,R32,80
W80 Valencia,381.0,R32,80
W80 Valencia,561.0,R32,80
W80 Valencia,131.0,R32,80
W80 Valencia,283.0,R32,80
W80 Valencia,284.0,R32,80
W80 Valencia,366.0,R32,80
W80 Valencia,201.0,R32,80
W80 Valencia,409.0,R32,80
W80 Valencia,234.0,R32,80
W80 Valencia,221.0,R32,80
W80 Valencia,75.0,R16,80
W80 Valencia,169.0,R16,80
W80 Valencia,469.0,R16,80
W80 Valencia,399.0,R16,80
W80 Valencia,222.0,R16,80
W80 Valencia,160.0,R16,80
W80 Valencia,179.0,R16,80
W80 Valencia,231.0,R16,80
W80 Valencia,158.0,QF,80
W80 Valencia,118.0,QF,80
W80 Valencia,161.0,QF,80
W80 Valencia,166.0,QF,80
W80 Valencia,115.0,SF,80
W80 Valencia,322.0,SF,80
W80 Valencia,138.0,F,80
W80 Valencia,79.0,W,80
W80 Valencia,412.0,R32,80
W80 Valencia,231.0,R32,80
W80 Valencia,174.0,R32,80
W80 Valencia,161.0,R32,80
W80 Valencia,408.0,R32,80
W80 Valencia,243.0,R32,80
W80 Valencia,259.0,R32,80
W80 Valencia,125.0,R32,80
W80 Valencia,116.0,R32,80
W80 Valencia,220.0,R32,80
W80 Valencia,285.0,R32,80
W80 Valencia,364.0,R32,80
W80 Valencia,260.0,R32,80
W80 Valencia,200.0,R32,80
W80 Valencia,232.0,R32,80
W80 Valencia,638.0,R32,80
W80 Valencia,284.0,R16,80
W80 Valencia,477.0,R16,80
W80 Valencia,167.0,R16,80
W80 Valencia,564.0,R16,80
W80 Valencia,380.0,R16,80
W80 Valencia,287.0,R16,80
W80 Valencia,215.0,R16,80
W80 Valencia,301.0,R16,80
W80 Valencia,230.0,QF,80
W80 Valencia,113.0,QF,80
W80 Valencia,383.0,QF,80
W80 Valencia,160.0,QF,80
W80 Valencia,226.0,SF,80
W80 Valencia,187.0,SF,80
W80 Valencia,175.0,F,80
W80 Valencia,76.0,W,80
W80+H Le Neubourg,339.0,R32,80
W80+H Le Neubourg,445.0,R32,80
W80+H Le Neubourg,453.0,R32,80
W80+H Le Neubourg,575.0,R32,80
W80+H Le Neubourg,206.0,R32,80
W80+H Le Neubourg,288.0,R32,80
W80+H Le Neubourg,551.0,R32,80
W80+H Le Neubourg,237.0,R32,80
W80+H Le Neubourg,190.0,R32,80
W80+H Le Neubourg,255.0,R32,80
W80+H Le Neubourg,459.0,R32,80
W80+H Le Neubourg,323.0,R32,80
W80+H Le Neubourg,215.0,R32,80
W80+H Le Neubourg,708.0,R32,80
W80+H Le Neubourg,nan,R32,80
W80+H Le Neubourg,443.0,R32,80
W80+H Le Neubourg,85.0,R16,80
W80+H Le Neubourg,213.0,R16,80
W80+H Le Neubourg,789.0,R16,80
W80+H Le Neubourg,280.0,R16,80
W80+H Le Neubourg,503.0,R16,80
W80+H Le Neubourg,277.0,R16,80
W80+H Le Neubourg,218.0,R16,80
W80+H Le Neubourg,120.0,R16,80
W80+H Le Neubourg,301.0,QF,80
W80+H Le Neubourg,180.0,QF,80
W80+H Le Neubourg,240.0,QF,80
W80+H Le Neubourg,227.0,QF,80
W80+H Le Neubourg,266.0,SF,80
W80+H Le Neubourg,273.0,SF,80
W80+H Le Neubourg,146.0,F,80
W80+H Le Neubourg,148.0,W,80
W80 Poitiers,444.0,R32,80
W80 Poitiers,283.0,R32,80
W80 Poitiers,439.0,R32,80
W80 Poitiers,191.0,R32,80
W80 Poitiers,149.0,R32,80
W80 Poitiers,348.0,R32,80
W80 Poitiers,1171.0,R32,80
W80 Poitiers,521.0,R32,80
W80 Poitiers,382.0,R32,80
W80 Poitiers,349.0,R32,80
W80 Poitiers,1286.0,R32,80
W80 Poitiers,258.0,R32,80
W80 Poitiers,289.0,R32,80
W80 Poitiers,665.0,R32,80
W80 Poitiers,528.0,R32,80
W80 Poitiers,365.0,R32,80
W80 Poitiers,230.0,R16,80
W80 Poitiers,659.0,R16,80
W80 Poitiers,452.0,R16,80
W80 Poitiers,170.0,R16,80
W80 Poitiers,206.0,R16,80
W80 Poitiers,515.0,R16,80
W80 Poitiers,184.0,R16,80
W80 Poitiers,445.0,R16,80
W80 Poitiers,93.0,QF,80
W80 Poitiers,329.0,QF,80
W80 Poitiers,183.0,QF,80
W80 Poitiers,298.0,QF,80
W80 Poitiers,360.0,SF,80
W80 Poitiers,109.0,SF,80
W80 Poitiers,259.0,F,80
W80 Poitiers,165.0,W,80
W80 Wiesbaden,398.0,R32,80
W80 Wiesbaden,nan,R32,80
W80 Wiesbaden,219.0,R32,80
W80 Wiesbaden,202.0,R32,80
W80 Wiesbaden,318.0,R32,80
W80 Wiesbaden,292.0,R32,80
W80 Wiesbaden,386.0,R32,80
W80 Wiesbaden,300.0,R32,80
W80 Wiesbaden,455.0,R32,80
W80 Wiesbaden,878.0,R32,80
W80 Wiesbaden,213.0,R32,80
W80 Wiesbaden,298.0,R32,80
W80 Wiesbaden,265.0,R32,80
W80 Wiesbaden,431.0,R32,80
W80 Wiesbaden,873.0,R32,80
W80 Wiesbaden,149.0,R32,80
W80 Wiesbaden,555.0,R16,80
W80 Wiesbaden,280.0,R16,80
W80 Wiesbaden,189.0,R16,80
W80 Wiesbaden,593.0,R16,80
W80 Wiesbaden,333.0,R16,80
W80 Wiesbaden,406.0,R16,80
W80 Wiesbaden,197.0,R16,80
W80 Wiesbaden,261.0,R16,80
W80 Wiesbaden,225.0,QF,80
W80 Wiesbaden,210.0,QF,80
W80 Wiesbaden,199.0,QF,80
W80 Wiesbaden,216.0,QF,80
W80 Wiesbaden,327.0,SF,80
W80 Wiesbaden,238.0,SF,80
W80 Wiesbaden,91.0,F,80
W80 Wiesbaden,179.0,W,80
W80 Macon GA,198.0,R32,80
W80 Macon GA,167.0,R32,80
W80 Macon GA,166.0,R32,80
W80 Macon GA,127.0,R32,80
W80 Macon GA,107.0,R32,80
W80 Macon GA,179.0,R32,80
W80 Macon GA,182.0,R32,80
W80 Macon GA,240.0,R32,80
W80 Macon GA,227.0,R32,80
W80 Macon GA,248.0,R32,80
W80 Macon GA,159.0,R32,80
W80 Macon GA,171.0,R32,80
W80 Macon GA,147.0,R32,80
W80 Macon GA,278.0,R32,80
W80 Macon GA,215.0,R32,80
W80 Macon GA,214.0,R32,80
W80 Macon GA,250.0,R16,80
W80 Macon GA,289.0,R16,80
W80 Macon GA,190.0,R16,80
W80 Macon GA,163.0,R16,80
W80 Macon GA,nan,R16,80
W80 Macon GA,203.0,R16,80
W80 Macon GA,181.0,R16,80
W80 Macon GA,241.0,R16,80
W80 Macon GA,370.0,QF,80
W80 Macon GA,272.0,QF,80
W80 Macon GA,129.0,QF,80
W80 Macon GA,384.0,QF,80
W80 Macon GA,140.0,SF,80
W80 Macon GA,94.0,SF,80
W80 Macon GA,104.0,F,80
W80 Macon GA,78.0,W,80
W80 Tyler TX,385.0,R32,80
W80 Tyler TX,605.0,R32,80
W80 Tyler TX,340.0,R32,80
W80 Tyler TX,130.0,R32,80
W80 Tyler TX,388.0,R32,80
W80 Tyler TX,509.0,R32,80
W80 Tyler TX,598.0,R32,80
W80 Tyler TX,512.0,R32,80
W80 Tyler TX,556.0,R32,80
W80 Tyler TX,873.0,R32,80
W80 Tyler TX,907.0,R32,80
W80 Tyler TX,nan,R32,80
W80 Tyler TX,180.0,R32,80
W80 Tyler TX,166.0,R32,80
W80 Tyler TX,373.0,R32,80
W80 Tyler TX,189.0,R32,80
W80 Tyler TX,285.0,R16,80
W80 Tyler TX,245.0,R16,80
W80 Tyler TX,269.0,R16,80
W80 Tyler TX,169.0,R16,80
W80 Tyler TX,266.0,R16,80
W80 Tyler TX,223.0,R16,80
W80 Tyler TX,192.0,R16,80
W80 Tyler TX,179.0,R16,80
W80 Tyler TX,70.0,QF,80
W80 Tyler TX,159.0,QF,80
W80 Tyler TX,144.0,QF,80
W80 Tyler TX,89.0,QF,80
W80 Tyler TX,254.0,SF,80
W80 Tyler TX,91.0,SF,80
W80 Tyler TX,136.0,F,80
W80 Tyler TX,107.0,W,80
W80+H Les Franqueses del Valles,nan,Q1,80
W80+H Les Franqueses del Valles,724.0,Q1,80
W80+H Les Franqueses del Valles,377.0,Q1,80
W80+H Les Franqueses del Valles,589.0,Q1,80
W80+H Les Franqueses del Valles,779.0,Q1,80
W80+H Les Franqueses del Valles,540.0,Q1,80
W80+H Les Franqueses del Valles,1152.0,Q1,80
W80+H Les Franqueses del Valles,443.0,Q1,80
W80+H Les Franqueses del Valles,nan,Q1,80
W80+H Les Franqueses del Valles,949.0,Q1,80
W80+H Les Franqueses del Valles,nan,Q1,80
W80+H Les Franqueses del Valles,704.0,Q1,80
W80+H Les Franqueses del Valles,457.0,Q1,80
W80+H Les Franqueses del Valles,1514.0,Q1,80
W80+H Les Franqueses del Valles,nan,Q1,80
W80+H Les Franqueses del Valles,794.0,Q1,80
W80+H Les Franqueses del Valles,346.0,Q1,80
W80+H Les Franqueses del Valles,nan,Q1,80
W80+H Les Franqueses del Valles,590.0,Q1,80
W80+H Les Franqueses del Valles,954.0,Q1,80
W80+H Les Franqueses del Valles,560.0,Q2,80
W80+H Les Franqueses del Valles,1409.0,Q2,80
W80+H Les Franqueses del Valles,1514.0,Q2,80
W80+H Les Franqueses del Valles,926.0,Q2,80
W80+H Les Franqueses del Valles,859.0,Q2,80
W80+H Les Franqueses del Valles,359.0,Q2,80
W80+H Les Franqueses del Valles,909.0,Q2,80
W80+H Les Franqueses del Valles,354.0,Q2,80
W80+H Les Franqueses del Valles,nan,Q2,80
W80+H Les Franqueses del Valles,nan,Q2,80
W80+H Les Franqueses del Valles,1119.0,Q2,80
W80+H Les Franqueses del Valles,391.0,Q2,80
W80+H Les Franqueses del Valles,470.0,Q3,80
W80+H Les Franqueses del Valles,399.0,Q3,80
W80+H Les Franqueses del Valles,450.0,Q3,80
W80+H Les Franqueses del Valles,506.0,Q3,80
W80+H Les Franqueses del Valles,394.0,Q3,80
W80+H Les Franqueses del Valles,649.0,Q3,80
W80 Valencia,245.0,Q1,80
W80 Valencia,nan,Q1,80
W80 Valencia,nan,Q1,80
W80 Valencia,582.0,Q1,80
W80 Valencia,279.0,Q1,80
W80 Valencia,422.0,Q1,80
W80 Valencia,275.0,Q1,80
W80 Valencia,nan,Q1,80
W80 Valencia,486.0,Q1,80
W80 Valencia,665.0,Q1,80
W80 Valencia,463.0,Q1,80
W80 Valencia,1362.0,Q1,80
W80 Valencia,514.0,Q1,80
W80 Valencia,965.0,Q1,80
W80 Valencia,nan,Q1,80
W80 Valencia,344.0,Q1,80
W80 Valencia,401.0,Q2,80
W80 Valencia,366.0,Q2,80
W80 Valencia,410.0,Q2,80
W80 Valencia,284.0,Q2,80
W80 Valencia,285.0,Q2,80
W80 Valencia,340.0,Q2,80
W80 Valencia,368.0,Q2,80
W80 Valencia,296.0,Q2,80
W80 Valencia,nan,Q1,80
W80 Valencia,600.0,Q1,80
W80 Valencia,245.0,Q1,80
W80 Valencia,nan,Q1,80
W80 Valencia,705.0,Q1,80
W80 Valencia,697.0,Q1,80
W80 Valencia,423.0,Q1,80
W80 Valencia,378.0,Q1,80
W80 Valencia,898.0,Q1,80
W80 Valencia,270.0,Q1,80
W80 Valencia,496.0,Q1,80
W80 Valencia,485.0,Q1,80
W80 Valencia,454.0,Q1,80
W80 Valencia,344.0,Q1,80
W80 Valencia,nan,Q1,80
W80 Valencia,405.0,Q1,80
W80 Valencia,653.0,Q2,80
W80 Valencia,606.0,Q2,80
W80 Valencia,366.0,Q2,80
W80 Valencia,408.0,Q2,80
W80 Valencia,287.0,Q2,80
W80 Valencia,376.0,Q2,80
W80 Valencia,542.0,Q2,80
W80 Valencia,288.0,Q2,80
W80+H Le Neubourg,800.0,Q1,80
W80+H Le Neubourg,918.0,Q1,80
W80+H Le Neubourg,1025.0,Q1,80
W80+H Le Neubourg,710.0,Q1,80
W80+H Le Neubourg,866.0,Q1,80
W80+H Le Neubourg,1375.0,Q1,80
W80+H Le Neubourg,706.0,Q1,80
W80+H Le Neubourg,568.0,Q1,80
W80+H Le Neubourg,816.0,Q1,80
W80+H Le Neubourg,1331.0,Q1,80
W80+H Le Neubourg,894.0,Q1,80
W80+H Le Neubourg,668.0,Q1,80
W80+H Le Neubourg,1101.0,Q1,80
W80+H Le Neubourg,657.0,Q1,80
W80+H Le Neubourg,1327.0,Q1,80
W80+H Le Neubourg,752.0,Q1,80
W80+H Le Neubourg,616.0,Q2,80
W80+H Le Neubourg,559.0,Q2,80
W80+H Le Neubourg,575.0,Q2,80
W80+H Le Neubourg,436.0,Q2,80
W80+H Le Neubourg,553.0,Q2,80
W80+H Le Neubourg,547.0,Q2,80
W80+H Le Neubourg,874.0,Q2,80
W80+H Le Neubourg,634.0,Q2,80
W80 Poitiers,393.0,Q1,80
W80 Poitiers,1052.0,Q1,80
W80 Poitiers,1269.0,Q1,80
W80 Poitiers,910.0,Q1,80
W80 Poitiers,433.0,Q1,80
W80 Poitiers,nan,Q1,80
W80 Poitiers,1291.0,Q1,80
W80 Poitiers,650.0,Q1,80
W80 Poitiers,726.0,Q1,80
W80 Poitiers,630.0,Q1,80
W80 Poitiers,1047.0,Q1,80
W80 Poitiers,715.0,Q1,80
W80 Poitiers,761.0,Q1,80
W80 Poitiers,1409.0,Q1,80
W80 Poitiers,1120.0,Q1,80
W80 Poitiers,643.0,Q1,80
W80 Poitiers,723.0,Q2,80
W80 Poitiers,402.0,Q2,80
W80 Poitiers,915.0,Q2,80
W80 Poitiers,849.0,Q2,80
W80 Poitiers,nan,Q2,80
W80 Poitiers,839.0,Q2,80
W80 Poitiers,720.0,Q2,80
W80 Poitiers,1111.0,Q2,80
W80 Wiesbaden,299.0,Q1,80
W80 Wiesbaden,471.0,Q1,80
W80 Wiesbaden,1465.0,Q1,80
W80 Wiesbaden,834.0,Q1,80
W80 Wiesbaden,314.0,Q1,80
W80 Wiesbaden,452.0,Q1,80
W80 Wiesbaden,315.0,Q1,80
W80 Wiesbaden,503.0,Q1,80
W80 Wiesbaden,522.0,Q1,80
W80 Wiesbaden,422.0,Q1,80
W80 Wiesbaden,754.0,Q1,80
W80 Wiesbaden,1164.0,Q1,80
W80 Wiesbaden,425.0,Q1,80
W80 Wiesbaden,528.0,Q1,80
W80 Wiesbaden,278.0,Q1,80
W80 Wiesbaden,418.0,Q1,80
W80 Wiesbaden,396.0,Q2,80
W80 Wiesbaden,354.0,Q2,80
W80 Wiesbaden,339.0,Q2,80
W80 Wiesbaden,386.0,Q2,80
W80 Wiesbaden,357.0,Q2,80
W80 Wiesbaden,355.0,Q2,80
W80 Wiesbaden,346.0,Q2,80
W80 Wiesbaden,384.0,Q2,80
W80 Macon GA,830.0,Q1,80
W80 Macon GA,310.0,Q1,80
W80 Macon GA,nan,Q1,80
W80 Macon GA,339.0,Q1,80
W80 Macon GA,473.0,Q1,80
W80 Macon GA,603.0,Q1,80
W80 Macon GA,516.0,Q1,80
W80 Macon GA,286.0,Q1,80
W80 Macon GA,395.0,Q1,80
W80 Macon GA,336.0,Q1,80
W80 Macon GA,263.0,Q1,80
W80 Macon GA,986.0,Q1,80
W80 Macon GA,nan,Q1,80
W80 Macon GA,291.0,Q1,80
W80 Macon GA,590.0,Q1,80
W80 Macon GA,nan,Q1,80
W80 Macon GA,960.0,Q2,80
W80 Macon GA,223.0,Q2,80
W80 Macon GA,233.0,Q2,80
W80 Macon GA,514.0,Q2,80
W80 Macon GA,439.0,Q2,80
W80 Macon GA,799.0,Q2,80
W80 Macon GA,nan,Q2,80
W80 Macon GA,389.0,Q2,80
W80 Tyler TX,1056.0,Q1,80
W80 Tyler TX,nan,Q1,80
W80 Tyler TX,nan,Q1,80
W80 Tyler TX,874.0,Q1,80
W80 Tyler TX,914.0,Q1,80
W80 Tyler TX,567.0,Q1,80
W80 Tyler TX,389.0,Q1,80
W80 Tyler TX,808.0,Q1,80
W80 Tyler TX,421.0,Q1,80
W80 Tyler TX,606.0,Q1,80
W80 Tyler TX,nan,Q1,80
W80 Tyler TX,994.0,Q1,80
W80 Tyler TX,977.0,Q1,80
W80 Tyler TX,nan,Q1,80
W80 Tyler TX,nan,Q1,80
W80 Tyler TX,nan,Q1,80
W80 Tyler TX,546.0,Q2,80
W80 Tyler TX,538.0,Q2,80
W80 Tyler TX,1279.0,Q2,80
W80 Tyler TX,823.0,Q2,80
W80 Tyler TX,782.0,Q2,80
W80 Tyler TX,431.0,Q2,80
W80 Tyler TX,504.0,Q2,80
W80 Tyler TX,657.0,Q2,80
W80+H Valencia,324.0,R32,80
W80+H Valencia,406.0,R32,80
W80+H Valencia,405.0,R32,80
W80+H Valencia,239.0,R32,80
W80+H Valencia,113.0,R32,80
W80+H Valencia,317.0,R32,80
W80+H Valencia,343.0,R32,80
W80+H Valencia,371.0,R32,80
W80+H Valencia,384.0,R32,80
W80+H Valencia,229.0,R32,80
W80+H Valencia,271.0,R32,80
W80+H Valencia,354.0,R32,80
W80+H Valencia,272.0,R32,80
W80+H Valencia,615.0,R32,80
W80+H Valencia,159.0,R32,80
W80+H Valencia,108.0,R32,80
W80+H Valencia,290.0,R16,80
W80+H Valencia,116.0,R16,80
W80+H Valencia,225.0,R16,80
W80+H Valencia,115.0,R16,80
W80+H Valencia,425.0,R16,80
W80+H Valencia,140.0,R16,80
W80+H Valencia,135.0,R16,80
W80+H Valencia,265.0,R16,80
W80+H Valencia,207.0,QF,80
W80+H Valencia,177.0,QF,80
W80+H Valencia,109.0,QF,80
W80+H Valencia,390.0,QF,80
W80+H Valencia,82.0,SF,80
W80+H Valencia,150.0,SF,80
W80+H Valencia,141.0,F,80
W80+H Valencia,162.0,W,80
W80 Madrid,922.0,R32,80
W80 Madrid,266.0,R32,80
W80 Madrid,273.0,R32,80
W80 Madrid,134.0,R32,80
W80 Madrid,325.0,R32,80
W80 Madrid,195.0,R32,80
W80 Madrid,226.0,R32,80
W80 Madrid,990.0,R32,80
W80 Madrid,263.0,R32,80
W80 Madrid,234.0,R32,80
W80 Madrid,407.0,R32,80
W80 Madrid,112.0,R32,80
W80 Madrid,155.0,R32,80
W80 Madrid,249.0,R32,80
W80 Madrid,377.0,R32,80
W80 Madrid,230.0,R32,80
W80 Madrid,175.0,R16,80
W80 Madrid,207.0,R16,80
W80 Madrid,109.0,R16,80
W80 Madrid,240.0,R16,80
W80 Madrid,278.0,R16,80
W80 Madrid,456.0,R16,80
W80 Madrid,279.0,R16,80
W80 Madrid,107.0,R16,80
W80 Madrid,214.0,QF,80
W80 Madrid,484.0,QF,80
W80 Madrid,159.0,QF,80
W80 Madrid,344.0,QF,80
W80 Madrid,116.0,SF,80
W80 Madrid,150.0,SF,80
W80 Madrid,89.0,F,80
W80 Madrid,193.0,W,80
W80+H Le Neubourg,210.0,R32,80
W80+H Le Neubourg,676.0,R32,80
W80+H Le Neubourg,562.0,R32,80
W80+H Le Neubourg,460.0,R32,80
W80+H Le Neubourg,311.0,R32,80
W80+H Le Neubourg,277.0,R32,80
W80+H Le Neubourg,1351.0,R32,80
W80+H Le Neubourg,488.0,R32,80
W80+H Le Neubourg,103.0,R32,80
W80+H Le Neubourg,nan,R32,80
W80+H Le Neubourg,289.0,R32,80
W80+H Le Neubourg,396.0,R32,80
W80+H Le Neubourg,285.0,R32,80
W80+H Le Neubourg,706.0,R32,80
W80+H Le Neubourg,772.0,R32,80
W80+H Le Neubourg,104.0,R32,80
W80+H Le Neubourg,429.0,R16,80
W80+H Le Neubourg,303.0,R16,80
W80+H Le Neubourg,533.0,R16,80
W80+H Le Neubourg,108.0,R16,80
W80+H Le Neubourg,188.0,R16,80
W80+H Le Neubourg,407.0,R16,80
W80+H Le Neubourg,122.0,R16,80
W80+H Le Neubourg,333.0,R16,80
W80+H Le Neubourg,145.0,QF,80
W80+H Le Neubourg,260.0,QF,80
W80+H Le Neubourg,117.0,QF,80
W80+H Le Neubourg,355.0,QF,80
W80+H Le Neubourg,111.0,SF,80
W80+H Le Neubourg,322.0,SF,80
W80+H Le Neubourg,327.0,F,80
W80+H Le Neubourg,nan,W,80
W80 Poitiers,58.0,R32,80
W80 Poitiers,353.0,R32,80
W80 Poitiers,376.0,R32,80
W80 Poitiers,758.0,R32,80
W80 Poitiers,357.0,R32,80
W80 Poitiers,360.0,R32,80
W80 Poitiers,161.0,R32,80
W80 Poitiers,410.0,R32,80
W80 Poitiers,124.0,R32,80
W80 Poitiers,200.0,R32,80
W80 Poitiers,825.0,R32,80
W80 Poitiers,nan,R32,80
W80 Poitiers,104.0,R32,80
W80 Poitiers,130.0,R32,80
W80 Poitiers,184.0,R32,80
W80 Poitiers,70.0,R32,80
W80 Poitiers,113.0,R16,80
W80 Poitiers,135.0,R16,80
W80 Poitiers,101.0,R16,80
W80 Poitiers,107.0,R16,80
W80 Poitiers,251.0,R16,80
W80 Poitiers,541.0,R16,80
W80 Poitiers,226.0,R16,80
W80 Poitiers,308.0,R16,80
W80 Poitiers,95.0,QF,80
W80 Poitiers,153.0,QF,80
W80 Poitiers,149.0,QF,80
W80 Poitiers,138.0,QF,80
W80 Poitiers,248.0,SF,80
W80 Poitiers,140.0,SF,80
W80 Poitiers,105.0,F,80
W80 Poitiers,283.0,W,80
W80 Oeiras,125.0,R32,80
W80 Oeiras,147.0,R32,80
W80 Oeiras,413.0,R32,80
W80 Oeiras,104.0,R32,80
W80 Oeiras,227.0,R32,80
W80 Oeiras,1267.0,R32,80
W80 Oeiras,152.0,R32,80
W80 Oeiras,108.0,R32,80
W80 Oeiras,99.0,R32,80
W80 Oeiras,499.0,R32,80
W80 Oeiras,597.0,R32,80
W80 Oeiras,815.0,R32,80
W80 Oeiras,280.0,R32,80
W80 Oeiras,106.0,R32,80
W80 Oeiras,330.0,R32,80
W80 Oeiras,576.0,R32,80
W80 Oeiras,74.0,R16,80
W80 Oeiras,278.0,R16,80
W80 Oeiras,245.0,R16,80
W80 Oeiras,226.0,R16,80
W80 Oeiras,190.0,R16,80
W80 Oeiras,98.0,R16,80
W80 Oeiras,414.0,R16,80
W80 Oeiras,362.0,R16,80
W80 Oeiras,733.0,QF,80
W80 Oeiras,132.0,QF,80
W80 Oeiras,275.0,QF,80
W80 Oeiras,136.0,QF,80
W80 Oeiras,225.0,SF,80
W80 Oeiras,97.0,SF,80
W80 Oeiras,107.0,F,80
W80 Oeiras,233.0,W,80
W80 Rancho Santa Fe CA,374.0,R32,80
W80 Rancho Santa Fe CA,271.0,R32,80
W80 Rancho Santa Fe CA,401.0,R32,80
W80 Rancho Santa Fe CA,171.0,R32,80
W80 Rancho Santa Fe CA,200.0,R32,80
W80 Rancho Santa Fe CA,793.0,R32,80
W80 Rancho Santa Fe CA,214.0,R32,80
W80 Rancho Santa Fe CA,177.0,R32,80
W80 Rancho Santa Fe CA,708.0,R32,80
W80 Rancho Santa Fe CA,348.0,R32,80
W80 Rancho Santa Fe CA,270.0,R32,80
W80 Rancho Santa Fe CA,1006.0,R32,80
W80 Rancho Santa Fe CA,155.0,R32,80
W80 Rancho Santa Fe CA,606.0,R32,80
W80 Rancho Santa Fe CA,446.0,R32,80
W80 Rancho Santa Fe CA,102.0,R32,80
W80 Rancho Santa Fe CA,403.0,R16,80
W80 Rancho Santa Fe CA,280.0,R16,80
W80 Rancho Santa Fe CA,117.0,R16,80
W80 Rancho Santa Fe CA,297.0,R16,80
W80 Rancho Santa Fe CA,204.0,R16,80
W80 Rancho Santa Fe CA,213.0,R16,80
W80 Rancho Santa Fe CA,232.0,R16,80
W80 Rancho Santa Fe CA,195.0,R16,80
W80 Rancho Santa Fe CA,281.0,QF,80
W80 Rancho Santa Fe CA,217.0,QF,80
W80 Rancho Santa Fe CA,140.0,QF,80
W80 Rancho Santa Fe CA,205.0,QF,80
W80 Rancho Santa Fe CA,219.0,SF,80
W80 Rancho Santa Fe CA,275.0,SF,80
W80 Rancho Santa Fe CA,184.0,F,80
W80 Rancho Santa Fe CA,229.0,W,80
W80 Tyler TX,29.0,R32,80
W80 Tyler TX,643.0,R32,80
W80 Tyler TX,1035.0,R32,80
W80 Tyler TX,231.0,R32,80
W80 Tyler TX,182.0,R32,80
W80 Tyler TX,288.0,R32,80
W80 Tyler TX,1344.0,R32,80
W80 Tyler TX,159.0,R32,80
W80 Tyler TX,160.0,R32,80
W80 Tyler TX,323.0,R32,80
W80 Tyler TX,532.0,R32,80
W80 Tyler TX,176.0,R32,80
W80 Tyler TX,157.0,R32,80
W80 Tyler TX,1045.0,R32,80
W80 Tyler TX,235.0,R32,80
W80 Tyler TX,51.0,R32,80
W80 Tyler TX,444.0,R16,80
W80 Tyler TX,111.0,R16,80
W80 Tyler TX,80.0,R16,80
W80 Tyler TX,nan,R16,80
W80 Tyler TX,1073.0,R16,80
W80 Tyler TX,371.0,R16,80
W80 Tyler TX,398.0,R16,80
W80 Tyler TX,384.0,R16,80
W80 Tyler TX,209.0,QF,80
W80 Tyler TX,206.0,QF,80
W80 Tyler TX,172.0,QF,80
W80 Tyler TX,743.0,QF,80
W80 Tyler TX,232.0,SF,80
W80 Tyler TX,305.0,SF,80
W80 Tyler TX,83.0,F,80
W80 Tyler TX,186.0,W,80
W80+H Valencia,1212.0,Q1,80
W80+H Valencia,nan,Q1,80
W80+H Valencia,919.0,Q1,80
W80+H Valencia,757.0,Q1,80
W80+H Valencia,964.0,Q1,80
W80+H Valencia,646.0,Q1,80
W80+H Valencia,268.0,Q1,80
W80+H Valencia,790.0,Q1,80
W80+H Valencia,nan,Q1,80
W80+H Valencia,509.0,Q1,80
W80+H Valencia,281.0,Q1,80
W80+H Valencia,1005.0,Q1,80
W80+H Valencia,497.0,Q1,80
W80+H Valencia,493.0,Q1,80
W80+H Valencia,611.0,Q1,80
W80+H Valencia,554.0,Q1,80
W80+H Valencia,817.0,Q2,80
W80+H Valencia,354.0,Q2,80
W80+H Valencia,471.0,Q2,80
W80+H Valencia,479.0,Q2,80
W80+H Valencia,426.0,Q2,80
W80+H Valencia,384.0,Q2,80
W80+H Valencia,324.0,Q2,80
W80+H Valencia,405.0,Q2,80
W80 Madrid,498.0,Q1,80
W80 Madrid,nan,Q1,80
W80 Madrid,nan,Q1,80
W80 Madrid,nan,Q1,80
W80 Madrid,752.0,Q1,80
W80 Madrid,478.0,Q1,80
W80 Madrid,nan,Q1,80
W80 Madrid,nan,Q1,80
W80 Madrid,609.0,Q1,80
W80 Madrid,nan,Q1,80
W80 Madrid,895.0,Q1,80
W80 Madrid,nan,Q1,80
W80 Madrid,616.0,Q1,80
W80 Madrid,nan,Q1,80
W80 Madrid,nan,Q1,80
W80 Madrid,511.0,Q1,80
W80 Madrid,372.0,Q2,80
W80 Madrid,391.0,Q2,80
W80 Madrid,271.0,Q2,80
W80 Madrid,383.0,Q2,80
W80 Madrid,291.0,Q2,80
W80 Madrid,322.0,Q2,80
W80 Madrid,355.0,Q2,80
W80 Madrid,343.0,Q2,80
W80+H Le Neubourg,575.0,Q1,80
W80+H Le Neubourg,819.0,Q1,80
W80+H Le Neubourg,746.0,Q1,80
W80+H Le Neubourg,731.0,Q1,80
W80+H Le Neubourg,899.0,Q1,80
W80+H Le Neubourg,841.0,Q1,80
W80+H Le Neubourg,802.0,Q1,80
W80+H Le Neubourg,nan,Q1,80
W80+H Le Neubourg,481.0,Q1,80
W80+H Le Neubourg,684.0,Q1,80
W80+H Le Neubourg,1011.0,Q1,80
W80+H Le Neubourg,nan,Q1,80
W80+H Le Neubourg,914.0,Q1,80
W80+H Le Neubourg,595.0,Q1,80
W80+H Le Neubourg,377.0,Q2,80
W80+H Le Neubourg,548.0,Q2,80
W80+H Le Neubourg,589.0,Q2,80
W80+H Le Neubourg,569.0,Q2,80
W80+H Le Neubourg,532.0,Q2,80
W80+H Le Neubourg,780.0,Q2,80
W80+H Le Neubourg,480.0,Q2,80
W80+H Le Neubourg,1470.0,Q2,80
W80 Poitiers,817.0,Q1,80
W80 Poitiers,419.0,Q1,80
W80 Poitiers,nan,Q1,80
W80 Poitiers,1379.0,Q1,80
W80 Poitiers,nan,Q1,80
W80 Poitiers,616.0,Q1,80
W80 Poitiers,1001.0,Q1,80
W80 Poitiers,537.0,Q1,80
W80 Poitiers,nan,Q1,80
W80 Poitiers,619.0,Q1,80
W80 Poitiers,nan,Q1,80
W80 Poitiers,403.0,Q1,80
W80 Poitiers,nan,Q1,80
W80 Poitiers,900.0,Q1,80
W80 Poitiers,1274.0,Q1,80
W80 Poitiers,808.0,Q1,80
W80 Poitiers,825.0,Q2,80
W80 Poitiers,246.0,Q2,80
W80 Poitiers,809.0,Q2,80
W80 Poitiers,879.0,Q2,80
W80 Poitiers,723.0,Q2,80
W80 Poitiers,827.0,Q2,80
W80 Poitiers,628.0,Q2,80
W80 Poitiers,498.0,Q2,80
W80 Oeiras,197.0,Q1,80
W80 Oeiras,282.0,Q1,80
W80 Oeiras,221.0,Q1,80
W80 Oeiras,344.0,Q1,80
W80 Oeiras,379.0,Q1,80
W80 Oeiras,333.0,Q1,80
W80 Oeiras,788.0,Q1,80
W80 Oeiras,1164.0,Q1,80
W80 Oeiras,230.0,Q1,80
W80 Oeiras,272.0,Q1,80
W80 Oeiras,654.0,Q1,80
W80 Oeiras,nan,Q1,80
W80 Oeiras,nan,Q1,80
W80 Oeiras,386.0,Q1,80
W80 Oeiras,nan,Q1,80
W80 Oeiras,nan,Q1,80
W80 Oeiras,360.0,Q2,80
W80 Oeiras,523.0,Q2,80
W80 Oeiras,223.0,Q2,80
W80 Oeiras,330.0,Q2,80
W80 Oeiras,576.0,Q2,80
W80 Oeiras,245.0,Q2,80
W80 Oeiras,326.0,Q2,80
W80 Oeiras,293.0,Q2,80
W80 Rancho Santa Fe CA,1145.0,Q1,80
W80 Rancho Santa Fe CA,369.0,Q1,80
W80 Rancho Santa Fe CA,nan,Q1,80
W80 Rancho Santa Fe CA,443.0,Q1,80
W80 Rancho Santa Fe CA,nan,Q1,80
W80 Rancho Santa Fe CA,616.0,Q1,80
W80 Rancho Santa Fe CA,883.0,Q1,80
W80 Rancho Santa Fe CA,1377.0,Q1,80
W80 Rancho Santa Fe CA,nan,Q1,80
W80 Rancho Santa Fe CA,603.0,Q1,80
W80 Rancho Santa Fe CA,nan,Q1,80
W80 Rancho Santa Fe CA,1113.0,Q1,80
W80 Rancho Santa Fe CA,858.0,Q1,80
W80 Rancho Santa Fe CA,835.0,Q1,80
W80 Rancho Santa Fe CA,nan,Q1,80
W80 Rancho Santa Fe CA,873.0,Q1,80
W80 Rancho Santa Fe CA,996.0,Q2,80
W80 Rancho Santa Fe CA,799.0,Q2,80
W80 Rancho Santa Fe CA,821.0,Q2,80
W80 Rancho Santa Fe CA,374.0,Q2,80
W80 Rancho Santa Fe CA,994.0,Q2,80
W80 Rancho Santa Fe CA,381.0,Q2,80
W80 Rancho Santa Fe CA,657.0,Q2,80
W80 Rancho Santa Fe CA,428.0,Q2,80
W80 Tyler TX,nan,Q1,80
W80 Tyler TX,nan,Q1,80
W80 Tyler TX,1424.0,Q1,80
W80 Tyler TX,669.0,Q1,80
W80 Tyler TX,404.0,Q1,80
W80 Tyler TX,656.0,Q1,80
W80 Tyler TX,nan,Q1,80
W80 Tyler TX,678.0,Q1,80
W80 Tyler TX,nan,Q1,80
W80 Tyler TX,nan,Q1,80
W80 Tyler TX,1131.0,Q1,80
W80 Tyler TX,1344.0,Q1,80
W80 Tyler TX,596.0,Q1,80
W80 Tyler TX,707.0,Q1,80
W80 Tyler TX,1228.0,Q1,80
W80 Tyler TX,853.0,Q1,80
W80 Tyler TX,765.0,Q2,80
W80 Tyler TX,386.0,Q2,80
W80 Tyler TX,1379.0,Q2,80
W80 Tyler TX,420.0,Q2,80
W80 Tyler TX,468.0,Q2,80
W80 Tyler TX,505.0,Q2,80
W80 Tyler TX,904.0,Q2,80
W80 Tyler TX,681.0,Q2,80
W80 Zaragoza,185.0,R32,80
W80 Zaragoza,268.0,R32,80
W80 Zaragoza,nan,R32,80
W80 Zaragoza,345.0,R32,80
W80 Zaragoza,466.0,R32,80
W80 Zaragoza,291.0,R32,80
W80 Zaragoza,409.0,R32,80
W80 Zaragoza,533.0,R32,80
W80 Zaragoza,117.0,R32,80
W80 Zaragoza,273.0,R32,80
W80 Zaragoza,176.0,R32,80
W80 Zaragoza,362.0,R32,80
W80 Zaragoza,109.0,R32,80
W80 Zaragoza,264.0,R32,80
W80 Zaragoza,nan,R32,80
W80 Zaragoza,465.0,R32,80
W80 Zaragoza,73.0,R16,80
W80 Zaragoza,294.0,R16,80
W80 Zaragoza,532.0,R16,80
W80 Zaragoza,639.0,R16,80
W80 Zaragoza,323.0,R16,80
W80 Zaragoza,99.0,R16,80
W80 Zaragoza,356.0,R16,80
W80 Zaragoza,166.0,R16,80
W80 Zaragoza,189.0,QF,80
W80 Zaragoza,107.0,QF,80
W80 Zaragoza,206.0,QF,80
W80 Zaragoza,321.0,QF,80
W80 Zaragoza,133.0,SF,80
W80 Zaragoza,174.0,SF,80
W80 Zaragoza,103.0,F,80
W80 Zaragoza,98.0,W,80
W80 Le Neubourg,256.0,R32,80
W80 Le Neubourg,239.0,R32,80
W80 Le Neubourg,269.0,R32,80
W80 Le Neubourg,nan,R32,80
W80 Le Neubourg,528.0,R32,80
W80 Le Neubourg,553.0,R32,80
W80 Le Neubourg,454.0,R32,80
W80 Le Neubourg,424.0,R32,80
W80 Le Neubourg,414.0,R32,80
W80 Le Neubourg,423.0,R32,80
W80 Le Neubourg,265.0,R32,80
W80 Le Neubourg,675.0,R32,80
W80 Le Neubourg,235.0,R32,80
W80 Le Neubourg,572.0,R32,80
W80 Le Neubourg,493.0,R32,80
W80 Le Neubourg,689.0,R32,80
W80 Le Neubourg,401.0,R16,80
W80 Le Neubourg,455.0,R16,80
W80 Le Neubourg,148.0,R16,80
W80 Le Neubourg,342.0,R16,80
W80 Le Neubourg,223.0,R16,80
W80 Le Neubourg,385.0,R16,80
W80 Le Neubourg,889.0,R16,80
W80 Le Neubourg,nan,R16,80
W80 Le Neubourg,100.0,QF,80
W80 Le Neubourg,550.0,QF,80
W80 Le Neubourg,732.0,QF,80
W80 Le Neubourg,193.0,QF,80
W80 Le Neubourg,186.0,SF,80
W80 Le Neubourg,113.0,SF,80
W80 Le Neubourg,217.0,F,80
W80 Le Neubourg,152.0,W,80
W80 Poitiers (Coaching Trial),467.0,R32,80
W80 Poitiers (Coaching Trial),886.0,R32,80
W80 Poitiers (Coaching Trial),538.0,R32,80
W80 Poitiers (Coaching Trial),147.0,R32,80
W80 Poitiers (Coaching Trial),1196.0,R32,80
W80 Poitiers (Coaching Trial),433.0,R32,80
W80 Poitiers (Coaching Trial),865.0,R32,80
W80 Poitiers (Coaching Trial),174.0,R32,80
W80 Poitiers (Coaching Trial),678.0,R32,80
W80 Poitiers (Coaching Trial),502.0,R32,80
W80 Poitiers (Coaching Trial),nan,R32,80
W80 Poitiers (Coaching Trial),nan,R32,80
W80 Poitiers (Coaching Trial),551.0,R32,80
W80 Poitiers (Coaching Trial),214.0,R32,80
W80 Poitiers (Coaching Trial),248.0,R32,80
W80 Poitiers (Coaching Trial),635.0,R32,80
W80 Poitiers (Coaching Trial),296.0,R16,80
W80 Poitiers (Coaching Trial),588.0,R16,80
W80 Poitiers (Coaching Trial),388.0,R16,80
W80 Poitiers (Coaching Trial),1002.0,R16,80
W80 Poitiers (Coaching Trial),254.0,R16,80
W80 Poitiers (Coaching Trial),185.0,R16,80
W80 Poitiers (Coaching Trial),167.0,R16,80
W80 Poitiers (Coaching Trial),295.0,R16,80
W80 Poitiers (Coaching Trial),213.0,QF,80
W80 Poitiers (Coaching Trial),404.0,QF,80
W80 Poitiers (Coaching Trial),176.0,QF,80
W80 Poitiers (Coaching Trial),110.0,QF,80
W80 Poitiers (Coaching Trial),135.0,SF,80
W80 Poitiers (Coaching Trial),121.0,SF,80
W80 Poitiers (Coaching Trial),111.0,F,80
W80 Poitiers (Coaching Trial),159.0,W,80
W80 Gifu,449.0,R32,80
W80 Gifu,418.0,R32,80
W80 Gifu,1278.0,R32,80
W80 Gifu,216.0,R32,80
W80 Gifu,342.0,R32,80
W80 Gifu,271.0,R32,80
W80 Gifu,274.0,R32,80
W80 Gifu,nan,R32,80
W80 Gifu,246.0,R32,80
W80 Gifu,352.0,R32,80
W80 Gifu,694.0,R32,80
W80 Gifu,176.0,R32,80
W80 Gifu,421.0,R32,80
W80 Gifu,427.0,R32,80
W80 Gifu,307.0,R32,80
W80 Gifu,675.0,R32,80
W80 Gifu,730.0,R16,80
W80 Gifu,360.0,R16,80
W80 Gifu,167.0,R16,80
W80 Gifu,253.0,R16,80
W80 Gifu,663.0,R16,80
W80 Gifu,774.0,R16,80
W80 Gifu,642.0,R16,80
W80 Gifu,487.0,R16,80
W80 Gifu,367.0,QF,80
W80 Gifu,283.0,QF,80
W80 Gifu,608.0,QF,80
W80 Gifu,180.0,QF,80
W80 Gifu,118.0,SF,80
W80 Gifu,499.0,SF,80
W80 Gifu,154.0,F,80
W80 Gifu,219.0,W,80
W80 Macon GA (Coaching Trial),355.0,R32,80
W80 Macon GA (Coaching Trial),776.0,R32,80
W80 Macon GA (Coaching Trial),268.0,R32,80
W80 Macon GA (Coaching Trial),777.0,R32,80
W80 Macon GA (Coaching Trial),597.0,R32,80
W80 Macon GA (Coaching Trial),189.0,R32,80
W80 Macon GA (Coaching Trial),722.0,R32,80
W80 Macon GA (Coaching Trial),463.0,R32,80
W80 Macon GA (Coaching Trial),256.0,R32,80
W80 Macon GA (Coaching Trial),339.0,R32,80
W80 Macon GA (Coaching Trial),391.0,R32,80
W80 Macon GA (Coaching Trial),614.0,R32,80
W80 Macon GA (Coaching Trial),160.0,R32,80
W80 Macon GA (Coaching Trial),215.0,R32,80
W80 Macon GA (Coaching Trial),220.0,R32,80
W80 Macon GA (Coaching Trial),337.0,R32,80
W80 Macon GA (Coaching Trial),244.0,R16,80
W80 Macon GA (Coaching Trial),158.0,R16,80
W80 Macon GA (Coaching Trial),323.0,R16,80
W80 Macon GA (Coaching Trial),508.0,R16,80
W80 Macon GA (Coaching Trial),134.0,R16,80
W80 Macon GA (Coaching Trial),175.0,R16,80
W80 Macon GA (Coaching Trial),405.0,R16,80
W80 Macon GA (Coaching Trial),205.0,R16,80
W80 Macon GA (Coaching Trial),247.0,QF,80
W80 Macon GA (Coaching Trial),162.0,QF,80
W80 Macon GA (Coaching Trial),170.0,QF,80
W80 Macon GA (Coaching Trial),926.0,QF,80
W80 Macon GA (Coaching Trial),109.0,SF,80
W80 Macon GA (Coaching Trial),95.0,SF,80
W80 Macon GA (Coaching Trial),123.0,F,80
W80 Macon GA (Coaching Trial),80.0,W,80
W80 Tyler TX,480.0,R32,80
W80 Tyler TX,457.0,R32,80
W80 Tyler TX,659.0,R32,80
W80 Tyler TX,276.0,R32,80
W80 Tyler TX,621.0,R32,80
W80 Tyler TX,668.0,R32,80
W80 Tyler TX,630.0,R32,80
W80 Tyler TX,421.0,R32,80
W80 Tyler TX,578.0,R32,80
W80 Tyler TX,586.0,R32,80
W80 Tyler TX,686.0,R32,80
W80 Tyler TX,647.0,R32,80
W80 Tyler TX,330.0,R32,80
W80 Tyler TX,445.0,R32,80
W80 Tyler TX,788.0,R32,80
W80 Tyler TX,415.0,R32,80
W80 Tyler TX,1138.0,R16,80
W80 Tyler TX,1054.0,R16,80
W80 Tyler TX,195.0,R16,80
W80 Tyler TX,310.0,R16,80
W80 Tyler TX,314.0,R16,80
W80 Tyler TX,237.0,R16,80
W80 Tyler TX,508.0,R16,80
W80 Tyler TX,794.0,R16,80
W80 Tyler TX,512.0,QF,80
W80 Tyler TX,465.0,QF,80
W80 Tyler TX,366.0,QF,80
W80 Tyler TX,534.0,QF,80
W80 Tyler TX,419.0,SF,80
W80 Tyler TX,997.0,SF,80
W80 Tyler TX,94.0,F,80
W80 Tyler TX,42.0,W,80
W80 Brasilia,104.0,R32,80
W80 Brasilia,599.0,R32,80
W80 Brasilia,838.0,R32,80
W80 Brasilia,265.0,R32,80
W80 Brasilia,360.0,R32,80
W80 Brasilia,261.0,R32,80
W80 Brasilia,811.0,R32,80
W80 Brasilia,627.0,R32,80
W80 Brasilia,541.0,R32,80
W80 Brasilia,nan,R32,80
W80 Brasilia,280.0,R32,80
W80 Brasilia,nan,R32,80
W80 Brasilia,396.0,R32,80
W80 Brasilia,853.0,R32,80
W80 Brasilia,992.0,R32,80
W80 Brasilia,485.0,R32,80
W80 Brasilia,1121.0,R16,80
W80 Brasilia,809.0,R16,80
W80 Brasilia,362.0,R16,80
W80 Brasilia,1210.0,R16,80
W80 Brasilia,678.0,R16,80
W80 Brasilia,431.0,R16,80
W80 Brasilia,354.0,R16,80
W80 Brasilia,303.0,R16,80
W80 Brasilia,325.0,QF,80
W80 Brasilia,166.0,QF,80
W80 Brasilia,213.0,QF,80
W80 Brasilia,143.0,QF,80
W80 Brasilia,191.0,SF,80
W80 Brasilia,168.0,SF,80
W80 Brasilia,170.0,F,80
W80 Brasilia,263.0,W,80
W80 Zaragoza,300.0,Q1,80
W80 Zaragoza,647.0,Q1,80
W80 Zaragoza,nan,Q1,80
W80 Zaragoza,481.0,Q1,80
W80 Zaragoza,644.0,Q1,80
W80 Zaragoza,457.0,Q1,80
W80 Zaragoza,550.0,Q1,80
W80 Zaragoza,413.0,Q1,80
W80 Zaragoza,nan,Q1,80
W80 Zaragoza,444.0,Q1,80
W80 Zaragoza,nan,Q1,80
W80 Zaragoza,1235.0,Q1,80
W80 Zaragoza,846.0,Q1,80
W80 Zaragoza,996.0,Q1,80
W80 Zaragoza,nan,Q1,80
W80 Zaragoza,618.0,Q1,80
W80 Zaragoza,435.0,Q2,80
W80 Zaragoza,302.0,Q2,80
W80 Zaragoza,514.0,Q2,80
W80 Zaragoza,634.0,Q2,80
W80 Zaragoza,578.0,Q2,80
W80 Zaragoza,384.0,Q2,80
W80 Zaragoza,398.0,Q2,80
W80 Zaragoza,428.0,Q2,80
W80 Le Neubourg,598.0,Q1,80
W80 Le Neubourg,873.0,Q1,80
W80 Le Neubourg,652.0,Q1,80
W80 Le Neubourg,1264.0,Q1,80
W80 Le Neubourg,nan,Q1,80
W80 Le Neubourg,nan,Q1,80
W80 Le Neubourg,1020.0,Q1,80
W80 Le Neubourg,1329.0,Q1,80
W80 Le Neubourg,707.0,Q1,80
W80 Le Neubourg,1273.0,Q1,80
W80 Le Neubourg,1017.0,Q1,80
W80 Le Neubourg,544.0,Q1,80
W80 Le Neubourg,1259.0,Q1,80
W80 Le Neubourg,1266.0,Q1,80
W80 Le Neubourg,1211.0,Q1,80
W80 Le Neubourg,743.0,Q2,80
W80 Le Neubourg,516.0,Q2,80
W80 Le Neubourg,593.0,Q2,80
W80 Le Neubourg,571.0,Q2,80
W80 Le Neubourg,877.0,Q2,80
W80 Le Neubourg,689.0,Q2,80
W80 Le Neubourg,nan,Q2,80
W80 Le Neubourg,684.0,Q2,80
W80 Poitiers (Coaching Trial),1028.0,Q1,80
W80 Poitiers (Coaching Trial),1238.0,Q1,80
W80 Poitiers (Coaching Trial),1071.0,Q1,80
W80 Poitiers (Coaching Trial),823.0,Q1,80
W80 Poitiers (Coaching Trial),nan,Q1,80
W80 Poitiers (Coaching Trial),617.0,Q1,80
W80 Poitiers (Coaching Trial),nan,Q1,80
W80 Poitiers (Coaching Trial),1345.0,Q1,80
W80 Poitiers (Coaching Trial),996.0,Q2,80
W80 Poitiers (Coaching Trial),402.0,Q2,80
W80 Poitiers (Coaching Trial),886.0,Q2,80
W80 Poitiers (Coaching Trial),nan,Q2,80
W80 Poitiers (Coaching Trial),723.0,Q2,80
W80 Poitiers (Coaching Trial),1196.0,Q2,80
W80 Poitiers (Coaching Trial),605.0,Q2,80
W80 Poitiers (Coaching Trial),588.0,Q2,80
W80 Gifu,nan,Q1,80
W80 Gifu,nan,Q1,80
W80 Gifu,435.0,Q1,80
W80 Gifu,579.0,Q1,80
W80 Gifu,839.0,Q1,80
W80 Gifu,525.0,Q1,80
W80 Gifu,452.0,Q1,80
W80 Gifu,nan,Q1,80
W80 Gifu,1043.0,Q1,80
W80 Gifu,713.0,Q1,80
W80 Gifu,486.0,Q1,80
W80 Gifu,nan,Q1,80
W80 Gifu,710.0,Q1,80
W80 Gifu,677.0,Q1,80
W80 Gifu,723.0,Q1,80
W80 Gifu,715.0,Q1,80
W80 Gifu,636.0,Q2,80
W80 Gifu,794.0,Q2,80
W80 Gifu,nan,Q2,80
W80 Gifu,576.0,Q2,80
W80 Gifu,456.0,Q2,80
W80 Gifu,1124.0,Q2,80
W80 Gifu,828.0,Q2,80
W80 Gifu,506.0,Q2,80
W80 Macon GA (Coaching Trial),1116.0,Q1,80
W80 Macon GA (Coaching Trial),643.0,Q1,80
W80 Macon GA (Coaching Trial),342.0,Q1,80
W80 Macon GA (Coaching Trial),1029.0,Q1,80
W80 Macon GA (Coaching Trial),683.0,Q1,80
W80 Macon GA (Coaching Trial),917.0,Q1,80
W80 Macon GA (Coaching Trial),685.0,Q1,80
W80 Macon GA (Coaching Trial),904.0,Q1,80
W80 Macon GA (Coaching Trial),716.0,Q1,80
W80 Macon GA (Coaching Trial),557.0,Q1,80
W80 Macon GA (Coaching Trial),461.0,Q1,80
W80 Macon GA (Coaching Trial),732.0,Q1,80
W80 Macon GA (Coaching Trial),788.0,Q1,80
W80 Macon GA (Coaching Trial),608.0,Q1,80
W80 Macon GA (Coaching Trial),nan,Q1,80
W80 Macon GA (Coaching Trial),599.0,Q1,80
W80 Macon GA (Coaching Trial),533.0,Q2,80
W80 Macon GA (Coaching Trial),nan,Q2,80
W80 Macon GA (Coaching Trial),534.0,Q2,80
W80 Macon GA (Coaching Trial),380.0,Q2,80
W80 Macon GA (Coaching Trial),789.0,Q2,80
W80 Macon GA (Coaching Trial),597.0,Q2,80
W80 Macon GA (Coaching Trial),523.0,Q2,80
W80 Macon GA (Coaching Trial),480.0,Q2,80
W80 Tyler TX,988.0,Q1,80
W80 Tyler TX,764.0,Q1,80
W80 Tyler TX,nan,Q1,80
W80 Tyler TX,981.0,Q1,80
W80 Tyler TX,nan,Q1,80
W80 Tyler TX,882.0,Q1,80
W80 Tyler TX,1057.0,Q1,80
W80 Tyler TX,818.0,Q1,80
W80 Tyler TX,nan,Q1,80
W80 Tyler TX,869.0,Q1,80
W80 Tyler TX,nan,Q1,80
W80 Tyler TX,804.0,Q1,80
W80 Tyler TX,nan,Q1,80
W80 Tyler TX,1200.0,Q1,80
W80 Tyler TX,nan,Q1,80
W80 Tyler TX,955.0,Q1,80
W80 Tyler TX,968.0,Q2,80
W80 Tyler TX,1045.0,Q2,80
W80 Tyler TX,1179.0,Q2,80
W80 Tyler TX,1367.0,Q2,80
W80 Tyler TX,812.0,Q2,80
W80 Tyler TX,716.0,Q2,80
W80 Tyler TX,731.0,Q2,80
W80 Tyler TX,766.0,Q2,80
