Brisbane,142.0,Q1,P
Brisbane,145.0,Q1,P
Brisbane,193.0,Q1,P
Brisbane,121.0,Q1,P
Brisbane,75.0,Q1,P
Brisbane,407.0,Q1,P
Brisbane,794.0,Q1,P
Brisbane,115.0,Q1,P
Brisbane,88.0,Q1,P
Brisbane,247.0,Q1,P
Brisbane,148.0,Q1,P
Brisbane,164.0,Q1,P
Brisbane,98.0,Q1,P
Brisbane,144.0,Q1,P
Brisbane,122.0,Q1,P
Brisbane,118.0,Q1,P
Brisbane,226.0,Q2,P
Brisbane,149.0,Q2,P
Brisbane,146.0,Q2,P
Brisbane,162.0,Q2,P
Brisbane,120.0,Q2,P
Brisbane,119.0,Q2,P
Brisbane,156.0,Q2,P
Brisbane,198.0,Q2,P
Brisbane,69.0,Q3,P
Brisbane,169.0,Q3,P
Brisbane,104.0,Q3,P
Brisbane,116.0,Q3,P
Sydney,154.0,Q1,P
Sydney,141.0,Q1,P
Sydney,93.0,Q1,P
Sydney,66.0,Q1,P
Sydney,192.0,Q1,P
Sydney,89.0,Q1,P
Sydney,440.0,Q1,P
Sydney,70.0,Q1,P
Sydney,691.0,Q1,P
Sydney,979.0,Q1,P
Sydney,73.0,Q1,P
Sydney,164.0,Q1,P
Sydney,248.0,Q1,P
Sydney,122.0,Q1,P
Sydney,143.0,Q1,P
Sydney,127.0,Q1,P
Sydney,60.0,Q1,P
Sydney,145.0,Q1,P
Sydney,95.0,Q1,P
Sydney,74.0,Q1,P
Sydney,104.0,Q1,P
Sydney,106.0,Q1,P
Sydney,121.0,Q1,P
Sydney,101.0,Q1,P
Sydney,82.0,Q2,P
Sydney,152.0,Q2,P
Sydney,105.0,Q2,P
Sydney,100.0,Q2,P
Sydney,49.0,Q2,P
Sydney,113.0,Q2,P
Sydney,133.0,Q2,P
Sydney,75.0,Q2,P
Sydney,674.0,Q2,P
Sydney,69.0,Q2,P
Sydney,65.0,Q2,P
Sydney,123.0,Q2,P
Sydney,119.0,Q3,P
Sydney,38.0,Q3,P
Sydney,67.0,Q3,P
Sydney,52.0,Q3,P
Sydney,92.0,Q3,P
Sydney,114.0,Q3,P
Brussels,479.0,Q1,P
Brussels,222.0,Q1,P
Brussels,246.0,Q1,P
Brussels,356.0,Q1,P
Brussels,95.0,Q1,P
Brussels,108.0,Q1,P
Brussels,258.0,Q1,P
Brussels,218.0,Q1,P
Brussels,228.0,Q1,P
Brussels,637.0,Q1,P
Brussels,378.0,Q1,P
Brussels,111.0,Q1,P
Brussels,211.0,Q1,P
Brussels,166.0,Q1,P
Brussels,972.0,Q1,P
Brussels,273.0,Q1,P
Brussels,344.0,Q2,P
Brussels,320.0,Q2,P
Brussels,164.0,Q2,P
Brussels,101.0,Q2,P
Brussels,366.0,Q2,P
Brussels,272.0,Q2,P
Brussels,161.0,Q2,P
Brussels,133.0,Q2,P
Brussels,103.0,Q3,P
Brussels,136.0,Q3,P
Brussels,287.0,Q3,P
Brussels,99.0,Q3,P
Toronto,144.0,Q1,P
Toronto,615.0,Q1,P
Toronto,535.0,Q1,P
Toronto,105.0,Q1,P
Toronto,116.0,Q1,P
Toronto,121.0,Q1,P
Toronto,952.0,Q1,P
Toronto,578.0,Q1,P
Toronto,728.0,Q1,P
Toronto,119.0,Q1,P
Toronto,175.0,Q1,P
Toronto,933.0,Q1,P
Toronto,162.0,Q1,P
Toronto,252.0,Q1,P
Toronto,70.0,Q1,P
Toronto,282.0,Q1,P
Toronto,76.0,Q1,P
Toronto,207.0,Q1,P
Toronto,72.0,Q1,P
Toronto,91.0,Q1,P
Toronto,707.0,Q1,P
Toronto,1173.0,Q1,P
Toronto,79.0,Q1,P
Toronto,nan,Q1,P
Toronto,28.0,Q2,P
Toronto,40.0,Q2,P
Toronto,53.0,Q2,P
Toronto,54.0,Q2,P
Toronto,71.0,Q2,P
Toronto,69.0,Q2,P
Toronto,78.0,Q2,P
Toronto,295.0,Q2,P
Toronto,81.0,Q2,P
Toronto,212.0,Q2,P
Toronto,75.0,Q2,P
Toronto,88.0,Q2,P
Paris,53.0,Q1,P
Paris,157.0,Q1,P
Paris,116.0,Q1,P
Paris,247.0,Q1,P
Paris,278.0,Q1,P
Paris,84.0,Q1,P
Paris,205.0,Q1,P
Paris,69.0,Q1,P
Paris,56.0,Q1,P
Paris,159.0,Q1,P
Paris,175.0,Q1,P
Paris,80.0,Q1,P
Paris,98.0,Q1,P
Paris,179.0,Q1,P
Paris,212.0,Q1,P
Paris,86.0,Q1,P
Paris,110.0,Q2,P
Paris,95.0,Q2,P
Paris,133.0,Q2,P
Paris,132.0,Q2,P
Paris,167.0,Q2,P
Paris,102.0,Q2,P
Paris,121.0,Q2,P
Paris,78.0,Q2,P
Paris,174.0,Q3,P
Paris,89.0,Q3,P
Paris,115.0,Q3,P
Paris,65.0,Q3,P
Eastbourne,322.0,Q1,P
Eastbourne,99.0,Q1,P
Eastbourne,154.0,Q1,P
Eastbourne,92.0,Q1,P
Eastbourne,412.0,Q1,P
Eastbourne,297.0,Q1,P
Eastbourne,215.0,Q1,P
Eastbourne,94.0,Q1,P
Eastbourne,83.0,Q1,P
Eastbourne,79.0,Q1,P
Eastbourne,773.0,Q1,P
Eastbourne,720.0,Q1,P
Eastbourne,207.0,Q1,P
Eastbourne,105.0,Q1,P
Eastbourne,168.0,Q1,P
Eastbourne,1001.0,Q1,P
Eastbourne,82.0,Q2,P
Eastbourne,96.0,Q2,P
Eastbourne,53.0,Q2,P
Eastbourne,198.0,Q2,P
Eastbourne,107.0,Q2,P
Eastbourne,67.0,Q2,P
Eastbourne,66.0,Q2,P
Eastbourne,89.0,Q2,P
Eastbourne,247.0,Q3,P
Eastbourne,76.0,Q3,P
Eastbourne,61.0,Q3,P
Eastbourne,124.0,Q3,P
Stuttgart,224.0,Q1,P
Stuttgart,329.0,Q1,P
Stuttgart,264.0,Q1,P
Stuttgart,355.0,Q1,P
Stuttgart,69.0,Q1,P
Stuttgart,158.0,Q1,P
Stuttgart,175.0,Q1,P
Stuttgart,121.0,Q1,P
Stuttgart,634.0,Q1,P
Stuttgart,199.0,Q1,P
Stuttgart,nan,Q1,P
Stuttgart,830.0,Q1,P
Stuttgart,160.0,Q1,P
Stuttgart,193.0,Q1,P
Stuttgart,155.0,Q1,P
Stuttgart,627.0,Q1,P
Stuttgart,34.0,Q2,P
Stuttgart,180.0,Q2,P
Stuttgart,141.0,Q2,P
Stuttgart,210.0,Q2,P
Stuttgart,213.0,Q2,P
Stuttgart,102.0,Q2,P
Stuttgart,130.0,Q2,P
Stuttgart,206.0,Q2,P
Stuttgart,178.0,Q3,P
Stuttgart,177.0,Q3,P
Stuttgart,79.0,Q3,P
Stuttgart,107.0,Q3,P
Rome,91.0,Q1,P
Rome,130.0,Q1,P
Rome,56.0,Q1,P
Rome,136.0,Q1,P
Rome,57.0,Q1,P
Rome,404.0,Q1,P
Rome,63.0,Q1,P
Rome,142.0,Q1,P
Rome,125.0,Q1,P
Rome,109.0,Q1,P
Rome,nan,Q1,P
Rome,81.0,Q1,P
Rome,631.0,Q1,P
Rome,120.0,Q1,P
Rome,117.0,Q1,P
Rome,331.0,Q1,P
Rome,49.0,Q2,P
Rome,73.0,Q2,P
Rome,69.0,Q2,P
Rome,67.0,Q2,P
Rome,60.0,Q2,P
Rome,108.0,Q2,P
Rome,61.0,Q2,P
Rome,72.0,Q2,P
Tokyo,206.0,Q1,P
Tokyo,276.0,Q1,P
Tokyo,581.0,Q1,P
Tokyo,670.0,Q1,P
Tokyo,172.0,Q1,P
Tokyo,324.0,Q1,P
Tokyo,542.0,Q1,P
Tokyo,409.0,Q1,P
Tokyo,212.0,Q1,P
Tokyo,164.0,Q1,P
Tokyo,223.0,Q1,P
Tokyo,566.0,Q1,P
Tokyo,479.0,Q1,P
Tokyo,123.0,Q1,P
Tokyo,169.0,Q1,P
Tokyo,116.0,Q1,P
Tokyo,53.0,Q2,P
Tokyo,109.0,Q2,P
Tokyo,133.0,Q2,P
Tokyo,80.0,Q2,P
Tokyo,76.0,Q2,P
Tokyo,101.0,Q2,P
Tokyo,93.0,Q2,P
Tokyo,156.0,Q2,P
Doha,252.0,Q1,P
Doha,200.0,Q1,P
Doha,633.0,Q1,P
Doha,212.0,Q1,P
Doha,127.0,Q1,P
Doha,nan,Q1,P
Doha,309.0,Q1,P
Doha,402.0,Q1,P
Doha,264.0,Q1,P
Doha,907.0,Q1,P
Doha,169.0,Q1,P
Doha,1095.0,Q1,P
Doha,170.0,Q1,P
Doha,nan,Q1,P
Doha,1094.0,Q1,P
Doha,270.0,Q1,P
Doha,330.0,Q2,P
Doha,282.0,Q2,P
Doha,647.0,Q2,P
Doha,204.0,Q2,P
Doha,160.0,Q2,P
Doha,333.0,Q2,P
Doha,253.0,Q2,P
Doha,233.0,Q2,P
Moscow,251.0,Q1,P
Moscow,200.0,Q1,P
Moscow,143.0,Q1,P
Moscow,171.0,Q1,P
Moscow,230.0,Q1,P
Moscow,211.0,Q1,P
Moscow,nan,Q1,P
Moscow,128.0,Q1,P
Moscow,347.0,Q1,P
Moscow,223.0,Q1,P
Moscow,197.0,Q1,P
Moscow,207.0,Q1,P
Moscow,108.0,Q1,P
Moscow,174.0,Q1,P
Moscow,214.0,Q1,P
Moscow,125.0,Q1,P
Moscow,508.0,Q2,P
Moscow,224.0,Q2,P
Moscow,88.0,Q2,P
Moscow,194.0,Q2,P
Moscow,226.0,Q2,P
Moscow,178.0,Q2,P
Moscow,326.0,Q2,P
Moscow,163.0,Q2,P
Moscow,138.0,Q3,P
Moscow,234.0,Q3,P
Moscow,121.0,Q3,P
Moscow,188.0,Q3,P
Dubai,253.0,Q1,P
Dubai,82.0,Q1,P
Dubai,159.0,Q1,P
Dubai,50.0,Q1,P
Dubai,64.0,Q1,P
Dubai,434.0,Q1,P
Dubai,128.0,Q1,P
Dubai,94.0,Q1,P
Dubai,197.0,Q1,P
Dubai,109.0,Q1,P
Dubai,131.0,Q1,P
Dubai,213.0,Q1,P
Dubai,162.0,Q1,P
Dubai,167.0,Q1,P
Dubai,99.0,Q1,P
Dubai,122.0,Q1,P
Dubai,142.0,Q2,P
Dubai,126.0,Q2,P
Dubai,138.0,Q2,P
Dubai,51.0,Q2,P
Dubai,31.0,Q2,P
Dubai,55.0,Q2,P
Dubai,152.0,Q2,P
Dubai,49.0,Q2,P
Dubai,61.0,Q3,P
Dubai,28.0,Q3,P
Dubai,170.0,Q3,P
Dubai,150.0,Q3,P
Charleston,199.0,Q1,P
Charleston,233.0,Q1,P
Charleston,166.0,Q1,P
Charleston,173.0,Q1,P
Charleston,169.0,Q1,P
Charleston,nan,Q1,P
Charleston,182.0,Q1,P
Charleston,218.0,Q1,P
Charleston,286.0,Q1,P
Charleston,294.0,Q1,P
Charleston,nan,Q1,P
Charleston,153.0,Q1,P
Charleston,133.0,Q1,P
Charleston,197.0,Q1,P
Charleston,nan,Q1,P
Charleston,213.0,Q1,P
Charleston,80.0,Q2,P
Charleston,nan,Q2,P
Charleston,105.0,Q2,P
Charleston,122.0,Q2,P
Charleston,132.0,Q2,P
Charleston,nan,Q2,P
Charleston,282.0,Q2,P
Charleston,129.0,Q2,P
Stanford,473.0,Q1,P
Stanford,779.0,Q1,P
Stanford,1008.0,Q1,P
Stanford,369.0,Q1,P
Stanford,nan,Q1,P
Stanford,335.0,Q1,P
Stanford,nan,Q1,P
Stanford,589.0,Q1,P
Stanford,241.0,Q1,P
Stanford,324.0,Q1,P
Stanford,237.0,Q2,P
Stanford,573.0,Q2,P
Stanford,486.0,Q2,P
Stanford,223.0,Q2,P
Stanford,396.0,Q2,P
Stanford,207.0,Q2,P
Stanford,428.0,Q2,P
Stanford,293.0,Q2,P
Stanford,74.0,Q3,P
Stanford,908.0,Q3,P
Stanford,119.0,Q3,P
Stanford,194.0,Q3,P
Cincinnati,36.0,Q1,P
Cincinnati,66.0,Q1,P
Cincinnati,101.0,Q1,P
Cincinnati,89.0,Q1,P
Cincinnati,81.0,Q1,P
Cincinnati,70.0,Q1,P
Cincinnati,132.0,Q1,P
Cincinnati,86.0,Q1,P
Cincinnati,49.0,Q1,P
Cincinnati,65.0,Q1,P
Cincinnati,113.0,Q1,P
Cincinnati,78.0,Q1,P
Cincinnati,99.0,Q1,P
Cincinnati,133.0,Q1,P
Cincinnati,54.0,Q1,P
Cincinnati,71.0,Q1,P
Cincinnati,115.0,Q1,P
Cincinnati,69.0,Q1,P
Cincinnati,56.0,Q1,P
Cincinnati,82.0,Q1,P
Cincinnati,57.0,Q1,P
Cincinnati,148.0,Q1,P
Cincinnati,88.0,Q1,P
Cincinnati,172.0,Q1,P
Cincinnati,106.0,Q2,P
Cincinnati,94.0,Q2,P
Cincinnati,43.0,Q2,P
Cincinnati,75.0,Q2,P
Cincinnati,228.0,Q2,P
Cincinnati,72.0,Q2,P
Cincinnati,79.0,Q2,P
Cincinnati,98.0,Q2,P
Cincinnati,55.0,Q2,P
Cincinnati,63.0,Q2,P
Cincinnati,80.0,Q2,P
Cincinnati,68.0,Q2,P
Carlsbad,898.0,Q1,P
Carlsbad,1016.0,Q1,P
Carlsbad,307.0,Q1,P
Carlsbad,627.0,Q1,P
Carlsbad,253.0,Q1,P
Carlsbad,730.0,Q1,P
Carlsbad,767.0,Q1,P
Carlsbad,736.0,Q1,P
Carlsbad,nan,Q1,P
Carlsbad,nan,Q1,P
Carlsbad,nan,Q1,P
Carlsbad,nan,Q1,P
Carlsbad,509.0,Q1,P
Carlsbad,nan,Q1,P
Carlsbad,983.0,Q1,P
Carlsbad,nan,Q1,P
Carlsbad,393.0,Q2,P
Carlsbad,466.0,Q2,P
Carlsbad,787.0,Q2,P
Carlsbad,241.0,Q2,P
Carlsbad,294.0,Q2,P
Carlsbad,231.0,Q2,P
Carlsbad,203.0,Q2,P
Carlsbad,331.0,Q2,P
Carlsbad,166.0,Q3,P
Carlsbad,403.0,Q3,P
Carlsbad,180.0,Q3,P
Carlsbad,378.0,Q3,P
New Haven,69.0,Q1,P
New Haven,125.0,Q1,P
New Haven,94.0,Q1,P
New Haven,105.0,Q1,P
New Haven,42.0,Q1,P
New Haven,259.0,Q1,P
New Haven,102.0,Q1,P
New Haven,148.0,Q1,P
New Haven,87.0,Q1,P
New Haven,607.0,Q1,P
New Haven,77.0,Q1,P
New Haven,81.0,Q1,P
New Haven,84.0,Q1,P
New Haven,89.0,Q1,P
New Haven,83.0,Q1,P
New Haven,119.0,Q1,P
New Haven,672.0,Q1,P
New Haven,71.0,Q1,P
New Haven,75.0,Q1,P
New Haven,53.0,Q1,P
New Haven,829.0,Q1,P
New Haven,72.0,Q1,P
New Haven,244.0,Q1,P
New Haven,66.0,Q1,P
New Haven,74.0,Q2,P
New Haven,85.0,Q2,P
New Haven,104.0,Q2,P
New Haven,98.0,Q2,P
New Haven,88.0,Q2,P
New Haven,106.0,Q2,P
New Haven,86.0,Q2,P
New Haven,462.0,Q2,P
New Haven,73.0,Q2,P
New Haven,135.0,Q2,P
New Haven,91.0,Q2,P
New Haven,67.0,Q2,P
New Haven,58.0,Q3,P
New Haven,100.0,Q3,P
New Haven,44.0,Q3,P
New Haven,49.0,Q3,P
New Haven,82.0,Q3,P
New Haven,76.0,Q3,P
Brisbane,162.0,Q3,P
Brisbane,238.0,Q3,P
Brisbane,86.0,Q3,P
Brisbane,87.0,Q3,P
Brisbane,154.0,Q1,P
Brisbane,127.0,Q1,P
Brisbane,236.0,Q1,P
Brisbane,90.0,Q1,P
Brisbane,118.0,Q1,P
Brisbane,106.0,Q1,P
Brisbane,110.0,Q1,P
Brisbane,150.0,Q1,P
Brisbane,132.0,Q1,P
Brisbane,131.0,Q1,P
Brisbane,119.0,Q1,P
Brisbane,105.0,Q1,P
Brisbane,168.0,Q1,P
Brisbane,124.0,Q1,P
Brisbane,158.0,Q1,P
Brisbane,109.0,Q1,P
Brisbane,79.0,Q2,P
Brisbane,157.0,Q2,P
Brisbane,80.0,Q2,P
Brisbane,97.0,Q2,P
Brisbane,245.0,Q2,P
Brisbane,160.0,Q2,P
Brisbane,169.0,Q2,P
Brisbane,91.0,Q2,P
Sydney,73.0,Q3,P
Sydney,52.0,Q3,P
Sydney,77.0,Q3,P
Sydney,82.0,Q3,P
Sydney,80.0,Q3,P
Sydney,78.0,Q3,P
Sydney,87.0,Q1,P
Sydney,90.0,Q1,P
Sydney,487.0,Q1,P
Sydney,nan,Q1,P
Sydney,128.0,Q1,P
Sydney,nan,Q1,P
Sydney,588.0,Q1,P
Sydney,69.0,Q1,P
Sydney,56.0,Q1,P
Sydney,315.0,Q1,P
Sydney,104.0,Q1,P
Sydney,213.0,Q1,P
Sydney,1181.0,Q1,P
Sydney,111.0,Q1,P
Sydney,296.0,Q1,P
Sydney,105.0,Q1,P
Sydney,97.0,Q1,P
Sydney,284.0,Q1,P
Sydney,98.0,Q1,P
Sydney,237.0,Q1,P
Sydney,146.0,Q1,P
Sydney,86.0,Q1,P
Sydney,120.0,Q2,P
Sydney,129.0,Q2,P
Sydney,94.0,Q2,P
Sydney,110.0,Q2,P
Sydney,119.0,Q2,P
Sydney,118.0,Q2,P
Sydney,812.0,Q2,P
Sydney,96.0,Q2,P
Sydney,85.0,Q2,P
Sydney,109.0,Q2,P
Sydney,88.0,Q2,P
Montreal,302.0,Q2,P
Montreal,178.0,Q2,P
Montreal,41.0,Q2,P
Montreal,99.0,Q2,P
Montreal,49.0,Q2,P
Montreal,50.0,Q2,P
Montreal,109.0,Q2,P
Montreal,117.0,Q2,P
Montreal,78.0,Q2,P
Montreal,89.0,Q2,P
Montreal,40.0,Q1,P
Montreal,94.0,Q1,P
Montreal,204.0,Q1,P
Montreal,96.0,Q1,P
Montreal,210.0,Q1,P
Montreal,134.0,Q1,P
Montreal,199.0,Q1,P
Montreal,1206.0,Q1,P
Montreal,108.0,Q1,P
Montreal,192.0,Q1,P
Montreal,105.0,Q1,P
Montreal,232.0,Q1,P
Montreal,180.0,Q1,P
Montreal,124.0,Q1,P
Montreal,80.0,Q1,P
Montreal,132.0,Q1,P
Montreal,655.0,Q1,P
Montreal,68.0,Q1,P
Montreal,143.0,Q1,P
Montreal,116.0,Q1,P
Wuhan,69.0,Q2,P
Wuhan,341.0,Q2,P
Wuhan,73.0,Q2,P
Wuhan,225.0,Q2,P
Wuhan,71.0,Q2,P
Wuhan,92.0,Q2,P
Wuhan,96.0,Q2,P
Wuhan,187.0,Q1,P
Wuhan,72.0,Q1,P
Wuhan,81.0,Q1,P
Paris,74.0,Q3,P
Paris,145.0,Q3,P
Paris,89.0,Q3,P
Paris,137.0,Q3,P
Paris,88.0,Q1,P
Paris,144.0,Q1,P
Paris,54.0,Q1,P
Paris,114.0,Q1,P
Paris,232.0,Q1,P
Paris,132.0,Q1,P
Paris,65.0,Q1,P
Paris,627.0,Q1,P
Paris,127.0,Q1,P
Paris,86.0,Q1,P
Paris,108.0,Q1,P
Paris,134.0,Q1,P
Paris,83.0,Q1,P
Paris,106.0,Q2,P
Paris,228.0,Q2,P
Paris,85.0,Q2,P
Paris,129.0,Q2,P
Paris,104.0,Q2,P
Paris,117.0,Q2,P
Paris,120.0,Q2,P
Birmingham,136.0,Q2,P
Birmingham,108.0,Q2,P
Birmingham,279.0,Q2,P
Birmingham,215.0,Q2,P
Birmingham,115.0,Q2,P
Birmingham,206.0,Q2,P
Birmingham,171.0,Q2,P
Birmingham,101.0,Q1,P
Birmingham,683.0,Q1,P
Birmingham,826.0,Q1,P
Birmingham,129.0,Q1,P
Birmingham,203.0,Q1,P
Birmingham,123.0,Q1,P
Birmingham,365.0,Q1,P
Birmingham,907.0,Q1,P
Birmingham,196.0,Q1,P
Birmingham,406.0,Q1,P
Birmingham,245.0,Q1,P
Birmingham,184.0,Q1,P
Birmingham,1072.0,Q1,P
Birmingham,248.0,Q1,P
Eastbourne,50.0,Q3,P
Eastbourne,123.0,Q3,P
Eastbourne,52.0,Q3,P
Eastbourne,126.0,Q3,P
Eastbourne,91.0,Q1,P
Eastbourne,120.0,Q1,P
Eastbourne,108.0,Q1,P
Eastbourne,245.0,Q1,P
Eastbourne,242.0,Q1,P
Eastbourne,122.0,Q1,P
Eastbourne,526.0,Q1,P
Eastbourne,318.0,Q1,P
Eastbourne,99.0,Q1,P
Eastbourne,153.0,Q1,P
Eastbourne,98.0,Q1,P
Eastbourne,103.0,Q1,P
Eastbourne,164.0,Q1,P
Eastbourne,84.0,Q1,P
Eastbourne,175.0,Q1,P
Eastbourne,76.0,Q2,P
Eastbourne,81.0,Q2,P
Eastbourne,49.0,Q2,P
Eastbourne,114.0,Q2,P
Eastbourne,96.0,Q2,P
Eastbourne,166.0,Q2,P
Eastbourne,56.0,Q2,P
Eastbourne,74.0,Q2,P
Stuttgart,118.0,Q3,P
Stuttgart,288.0,Q3,P
Stuttgart,87.0,Q3,P
Stuttgart,165.0,Q3,P
Stuttgart,467.0,Q1,P
Stuttgart,188.0,Q1,P
Stuttgart,225.0,Q1,P
Stuttgart,292.0,Q1,P
Stuttgart,235.0,Q1,P
Stuttgart,278.0,Q1,P
Stuttgart,153.0,Q1,P
Stuttgart,563.0,Q1,P
Stuttgart,175.0,Q1,P
Stuttgart,1017.0,Q1,P
Stuttgart,152.0,Q1,P
Stuttgart,317.0,Q1,P
Stuttgart,83.0,Q1,P
Stuttgart,249.0,Q1,P
Stuttgart,128.0,Q1,P
Stuttgart,41.0,Q2,P
Stuttgart,347.0,Q2,P
Stuttgart,162.0,Q2,P
Stuttgart,111.0,Q2,P
Stuttgart,189.0,Q2,P
Stuttgart,447.0,Q2,P
Stuttgart,98.0,Q2,P
Rome,80.0,Q2,P
Rome,78.0,Q2,P
Rome,73.0,Q2,P
Rome,70.0,Q2,P
Rome,101.0,Q2,P
Rome,72.0,Q2,P
Rome,74.0,Q2,P
Rome,105.0,Q2,P
Rome,52.0,Q1,P
Rome,217.0,Q1,P
Rome,50.0,Q1,P
Rome,86.0,Q1,P
Rome,368.0,Q1,P
Rome,213.0,Q1,P
Rome,97.0,Q1,P
Rome,327.0,Q1,P
Rome,58.0,Q1,P
Rome,106.0,Q1,P
Rome,59.0,Q1,P
Rome,89.0,Q1,P
Rome,55.0,Q1,P
Rome,95.0,Q1,P
Rome,94.0,Q1,P
Rome,64.0,Q1,P
Tokyo,183.0,Q3,P
Tokyo,245.0,Q3,P
Tokyo,133.0,Q3,P
Tokyo,178.0,Q3,P
Tokyo,211.0,Q1,P
Tokyo,349.0,Q1,P
Tokyo,346.0,Q1,P
Tokyo,443.0,Q1,P
Tokyo,283.0,Q1,P
Tokyo,430.0,Q1,P
Tokyo,329.0,Q1,P
Tokyo,115.0,Q1,P
Tokyo,762.0,Q1,P
Tokyo,267.0,Q1,P
Tokyo,356.0,Q1,P
Tokyo,536.0,Q1,P
Tokyo,879.0,Q1,P
Tokyo,383.0,Q2,P
Tokyo,108.0,Q2,P
Tokyo,194.0,Q2,P
Tokyo,205.0,Q2,P
Tokyo,209.0,Q2,P
Tokyo,274.0,Q2,P
Tokyo,290.0,Q2,P
Doha,140.0,Q2,P
Doha,121.0,Q2,P
Doha,186.0,Q2,P
Doha,142.0,Q2,P
Doha,159.0,Q2,P
Doha,174.0,Q2,P
Doha,130.0,Q2,P
Doha,135.0,Q2,P
Doha,487.0,Q1,P
Doha,231.0,Q1,P
Doha,269.0,Q1,P
Doha,158.0,Q1,P
Doha,448.0,Q1,P
Doha,129.0,Q1,P
Doha,250.0,Q1,P
Doha,625.0,Q1,P
Doha,147.0,Q1,P
Doha,131.0,Q1,P
Doha,111.0,Q1,P
Doha,262.0,Q1,P
Doha,184.0,Q1,P
Doha,198.0,Q1,P
Doha,164.0,Q1,P
Moscow,160.0,Q3,P
Moscow,144.0,Q3,P
Moscow,123.0,Q3,P
Moscow,157.0,Q3,P
Moscow,251.0,Q1,P
Moscow,485.0,Q1,P
Moscow,nan,Q1,P
Moscow,1259.0,Q1,P
Moscow,226.0,Q1,P
Moscow,344.0,Q1,P
Moscow,175.0,Q1,P
Moscow,208.0,Q1,P
Moscow,182.0,Q1,P
Moscow,324.0,Q1,P
Moscow,247.0,Q1,P
Moscow,1182.0,Q1,P
Moscow,163.0,Q1,P
Moscow,167.0,Q1,P
Moscow,188.0,Q2,P
Moscow,490.0,Q2,P
Moscow,227.0,Q2,P
Moscow,372.0,Q2,P
Moscow,206.0,Q2,P
Moscow,173.0,Q2,P
Moscow,166.0,Q2,P
Moscow,217.0,Q2,P
Dubai,19.0,Q3,P
Dubai,76.0,Q3,P
Dubai,39.0,Q3,P
Dubai,82.0,Q3,P
Dubai,139.0,Q1,P
Dubai,nan,Q1,P
Dubai,109.0,Q1,P
Dubai,128.0,Q1,P
Dubai,212.0,Q1,P
Dubai,140.0,Q1,P
Dubai,149.0,Q1,P
Dubai,100.0,Q1,P
Dubai,265.0,Q1,P
Dubai,129.0,Q1,P
Dubai,nan,Q1,P
Dubai,120.0,Q1,P
Dubai,170.0,Q1,P
Dubai,48.0,Q2,P
Dubai,38.0,Q2,P
Dubai,101.0,Q2,P
Dubai,40.0,Q2,P
Dubai,137.0,Q2,P
Dubai,72.0,Q2,P
Dubai,36.0,Q2,P
Dubai,49.0,Q2,P
Charleston,91.0,Q2,P
Charleston,177.0,Q2,P
Charleston,150.0,Q2,P
Charleston,139.0,Q2,P
Charleston,149.0,Q2,P
Charleston,138.0,Q2,P
Charleston,370.0,Q2,P
Charleston,144.0,Q1,P
Charleston,225.0,Q1,P
Charleston,281.0,Q1,P
Charleston,457.0,Q1,P
Charleston,1142.0,Q1,P
Charleston,202.0,Q1,P
Charleston,432.0,Q1,P
Charleston,846.0,Q1,P
Charleston,184.0,Q1,P
Charleston,298.0,Q1,P
Charleston,323.0,Q1,P
Charleston,176.0,Q1,P
Stanford,101.0,Q2,P
Stanford,370.0,Q2,P
Stanford,1055.0,Q2,P
Stanford,197.0,Q2,P
Stanford,nan,Q1,P
Stanford,964.0,Q1,P
Stanford,119.0,Q1,P
Stanford,124.0,Q1,P
Stanford,327.0,Q1,P
Stanford,130.0,Q1,P
Cincinnati,104.0,Q2,P
Cincinnati,65.0,Q2,P
Cincinnati,60.0,Q2,P
Cincinnati,44.0,Q2,P
Cincinnati,72.0,Q2,P
Cincinnati,108.0,Q2,P
Cincinnati,121.0,Q2,P
Cincinnati,47.0,Q2,P
Cincinnati,61.0,Q2,P
Cincinnati,77.0,Q2,P
Cincinnati,89.0,Q2,P
Cincinnati,164.0,Q2,P
Cincinnati,32.0,Q1,P
Cincinnati,98.0,Q1,P
Cincinnati,169.0,Q1,P
Cincinnati,112.0,Q1,P
Cincinnati,41.0,Q1,P
Cincinnati,85.0,Q1,P
Cincinnati,132.0,Q1,P
Cincinnati,135.0,Q1,P
Cincinnati,43.0,Q1,P
Cincinnati,180.0,Q1,P
Cincinnati,94.0,Q1,P
Cincinnati,68.0,Q1,P
Cincinnati,42.0,Q1,P
Cincinnati,78.0,Q1,P
Cincinnati,143.0,Q1,P
Cincinnati,90.0,Q1,P
Cincinnati,86.0,Q1,P
Cincinnati,79.0,Q1,P
Cincinnati,51.0,Q1,P
Cincinnati,75.0,Q1,P
Cincinnati,55.0,Q1,P
Cincinnati,83.0,Q1,P
Cincinnati,93.0,Q1,P
Cincinnati,73.0,Q1,P
New Haven,70.0,Q3,P
New Haven,57.0,Q3,P
New Haven,42.0,Q3,P
New Haven,54.0,Q3,P
New Haven,76.0,Q3,P
New Haven,49.0,Q3,P
New Haven,66.0,Q1,P
New Haven,99.0,Q1,P
New Haven,111.0,Q1,P
New Haven,56.0,Q1,P
New Haven,41.0,Q1,P
New Haven,256.0,Q1,P
New Haven,67.0,Q1,P
New Haven,61.0,Q1,P
New Haven,82.0,Q1,P
New Haven,nan,Q1,P
New Haven,579.0,Q1,P
New Haven,46.0,Q1,P
New Haven,84.0,Q1,P
New Haven,100.0,Q1,P
New Haven,101.0,Q1,P
New Haven,79.0,Q1,P
New Haven,48.0,Q1,P
New Haven,93.0,Q1,P
New Haven,105.0,Q1,P
New Haven,53.0,Q1,P
New Haven,52.0,Q1,P
New Haven,110.0,Q1,P
New Haven,83.0,Q1,P
New Haven,155.0,Q1,P
New Haven,121.0,Q2,P
New Haven,77.0,Q2,P
New Haven,69.0,Q2,P
New Haven,136.0,Q2,P
New Haven,144.0,Q2,P
New Haven,74.0,Q2,P
New Haven,65.0,Q2,P
New Haven,151.0,Q2,P
New Haven,64.0,Q2,P
New Haven,120.0,Q2,P
New Haven,97.0,Q2,P
New Haven,81.0,Q2,P
Brisbane,162.0,Q3,P
Brisbane,238.0,Q3,P
Brisbane,86.0,Q3,P
Brisbane,87.0,Q3,P
Brisbane,154.0,Q1,P
Brisbane,127.0,Q1,P
Brisbane,236.0,Q1,P
Brisbane,90.0,Q1,P
Brisbane,118.0,Q1,P
Brisbane,106.0,Q1,P
Brisbane,110.0,Q1,P
Brisbane,150.0,Q1,P
Brisbane,132.0,Q1,P
Brisbane,131.0,Q1,P
Brisbane,119.0,Q1,P
Brisbane,105.0,Q1,P
Brisbane,168.0,Q1,P
Brisbane,124.0,Q1,P
Brisbane,158.0,Q1,P
Brisbane,109.0,Q1,P
Brisbane,79.0,Q2,P
Brisbane,157.0,Q2,P
Brisbane,80.0,Q2,P
Brisbane,97.0,Q2,P
Brisbane,245.0,Q2,P
Brisbane,160.0,Q2,P
Brisbane,169.0,Q2,P
Brisbane,91.0,Q2,P
Sydney,73.0,Q3,P
Sydney,52.0,Q3,P
Sydney,77.0,Q3,P
Sydney,82.0,Q3,P
Sydney,80.0,Q3,P
Sydney,78.0,Q3,P
Sydney,87.0,Q1,P
Sydney,90.0,Q1,P
Sydney,487.0,Q1,P
Sydney,nan,Q1,P
Sydney,128.0,Q1,P
Sydney,nan,Q1,P
Sydney,588.0,Q1,P
Sydney,69.0,Q1,P
Sydney,56.0,Q1,P
Sydney,315.0,Q1,P
Sydney,104.0,Q1,P
Sydney,213.0,Q1,P
Sydney,1181.0,Q1,P
Sydney,111.0,Q1,P
Sydney,296.0,Q1,P
Sydney,105.0,Q1,P
Sydney,97.0,Q1,P
Sydney,284.0,Q1,P
Sydney,98.0,Q1,P
Sydney,237.0,Q1,P
Sydney,146.0,Q1,P
Sydney,86.0,Q1,P
Sydney,120.0,Q2,P
Sydney,129.0,Q2,P
Sydney,94.0,Q2,P
Sydney,110.0,Q2,P
Sydney,119.0,Q2,P
Sydney,118.0,Q2,P
Sydney,812.0,Q2,P
Sydney,96.0,Q2,P
Sydney,85.0,Q2,P
Sydney,109.0,Q2,P
Sydney,88.0,Q2,P
Montreal,302.0,Q2,P
Montreal,178.0,Q2,P
Montreal,41.0,Q2,P
Montreal,99.0,Q2,P
Montreal,49.0,Q2,P
Montreal,50.0,Q2,P
Montreal,109.0,Q2,P
Montreal,117.0,Q2,P
Montreal,78.0,Q2,P
Montreal,89.0,Q2,P
Montreal,40.0,Q1,P
Montreal,94.0,Q1,P
Montreal,204.0,Q1,P
Montreal,96.0,Q1,P
Montreal,210.0,Q1,P
Montreal,134.0,Q1,P
Montreal,199.0,Q1,P
Montreal,1206.0,Q1,P
Montreal,108.0,Q1,P
Montreal,192.0,Q1,P
Montreal,105.0,Q1,P
Montreal,232.0,Q1,P
Montreal,180.0,Q1,P
Montreal,124.0,Q1,P
Montreal,80.0,Q1,P
Montreal,132.0,Q1,P
Montreal,655.0,Q1,P
Montreal,68.0,Q1,P
Montreal,143.0,Q1,P
Montreal,116.0,Q1,P
Wuhan,69.0,Q2,P
Wuhan,341.0,Q2,P
Wuhan,73.0,Q2,P
Wuhan,225.0,Q2,P
Wuhan,71.0,Q2,P
Wuhan,92.0,Q2,P
Wuhan,96.0,Q2,P
Wuhan,187.0,Q1,P
Wuhan,72.0,Q1,P
Wuhan,81.0,Q1,P
Paris,74.0,Q3,P
Paris,145.0,Q3,P
Paris,89.0,Q3,P
Paris,137.0,Q3,P
Paris,88.0,Q1,P
Paris,144.0,Q1,P
Paris,54.0,Q1,P
Paris,114.0,Q1,P
Paris,232.0,Q1,P
Paris,132.0,Q1,P
Paris,65.0,Q1,P
Paris,627.0,Q1,P
Paris,127.0,Q1,P
Paris,86.0,Q1,P
Paris,108.0,Q1,P
Paris,134.0,Q1,P
Paris,83.0,Q1,P
Paris,106.0,Q2,P
Paris,228.0,Q2,P
Paris,85.0,Q2,P
Paris,129.0,Q2,P
Paris,104.0,Q2,P
Paris,117.0,Q2,P
Paris,120.0,Q2,P
Birmingham,136.0,Q2,P
Birmingham,108.0,Q2,P
Birmingham,279.0,Q2,P
Birmingham,215.0,Q2,P
Birmingham,115.0,Q2,P
Birmingham,206.0,Q2,P
Birmingham,171.0,Q2,P
Birmingham,101.0,Q1,P
Birmingham,683.0,Q1,P
Birmingham,826.0,Q1,P
Birmingham,129.0,Q1,P
Birmingham,203.0,Q1,P
Birmingham,123.0,Q1,P
Birmingham,365.0,Q1,P
Birmingham,907.0,Q1,P
Birmingham,196.0,Q1,P
Birmingham,406.0,Q1,P
Birmingham,245.0,Q1,P
Birmingham,184.0,Q1,P
Birmingham,1072.0,Q1,P
Birmingham,248.0,Q1,P
Eastbourne,50.0,Q3,P
Eastbourne,123.0,Q3,P
Eastbourne,52.0,Q3,P
Eastbourne,126.0,Q3,P
Eastbourne,91.0,Q1,P
Eastbourne,120.0,Q1,P
Eastbourne,108.0,Q1,P
Eastbourne,245.0,Q1,P
Eastbourne,242.0,Q1,P
Eastbourne,122.0,Q1,P
Eastbourne,526.0,Q1,P
Eastbourne,318.0,Q1,P
Eastbourne,99.0,Q1,P
Eastbourne,153.0,Q1,P
Eastbourne,98.0,Q1,P
Eastbourne,103.0,Q1,P
Eastbourne,164.0,Q1,P
Eastbourne,84.0,Q1,P
Eastbourne,175.0,Q1,P
Eastbourne,76.0,Q2,P
Eastbourne,81.0,Q2,P
Eastbourne,49.0,Q2,P
Eastbourne,114.0,Q2,P
Eastbourne,96.0,Q2,P
Eastbourne,166.0,Q2,P
Eastbourne,56.0,Q2,P
Eastbourne,74.0,Q2,P
Stuttgart,118.0,Q3,P
Stuttgart,288.0,Q3,P
Stuttgart,87.0,Q3,P
Stuttgart,165.0,Q3,P
Stuttgart,467.0,Q1,P
Stuttgart,188.0,Q1,P
Stuttgart,225.0,Q1,P
Stuttgart,292.0,Q1,P
Stuttgart,235.0,Q1,P
Stuttgart,278.0,Q1,P
Stuttgart,153.0,Q1,P
Stuttgart,563.0,Q1,P
Stuttgart,175.0,Q1,P
Stuttgart,1017.0,Q1,P
Stuttgart,152.0,Q1,P
Stuttgart,317.0,Q1,P
Stuttgart,83.0,Q1,P
Stuttgart,249.0,Q1,P
Stuttgart,128.0,Q1,P
Stuttgart,41.0,Q2,P
Stuttgart,347.0,Q2,P
Stuttgart,162.0,Q2,P
Stuttgart,111.0,Q2,P
Stuttgart,189.0,Q2,P
Stuttgart,447.0,Q2,P
Stuttgart,98.0,Q2,P
Rome,80.0,Q2,P
Rome,78.0,Q2,P
Rome,73.0,Q2,P
Rome,70.0,Q2,P
Rome,101.0,Q2,P
Rome,72.0,Q2,P
Rome,74.0,Q2,P
Rome,105.0,Q2,P
Rome,52.0,Q1,P
Rome,217.0,Q1,P
Rome,50.0,Q1,P
Rome,86.0,Q1,P
Rome,368.0,Q1,P
Rome,213.0,Q1,P
Rome,97.0,Q1,P
Rome,327.0,Q1,P
Rome,58.0,Q1,P
Rome,106.0,Q1,P
Rome,59.0,Q1,P
Rome,89.0,Q1,P
Rome,55.0,Q1,P
Rome,95.0,Q1,P
Rome,94.0,Q1,P
Rome,64.0,Q1,P
Tokyo,183.0,Q3,P
Tokyo,245.0,Q3,P
Tokyo,133.0,Q3,P
Tokyo,178.0,Q3,P
Tokyo,211.0,Q1,P
Tokyo,349.0,Q1,P
Tokyo,346.0,Q1,P
Tokyo,443.0,Q1,P
Tokyo,283.0,Q1,P
Tokyo,430.0,Q1,P
Tokyo,329.0,Q1,P
Tokyo,115.0,Q1,P
Tokyo,762.0,Q1,P
Tokyo,267.0,Q1,P
Tokyo,356.0,Q1,P
Tokyo,536.0,Q1,P
Tokyo,879.0,Q1,P
Tokyo,383.0,Q2,P
Tokyo,108.0,Q2,P
Tokyo,194.0,Q2,P
Tokyo,205.0,Q2,P
Tokyo,209.0,Q2,P
Tokyo,274.0,Q2,P
Tokyo,290.0,Q2,P
Doha,140.0,Q2,P
Doha,121.0,Q2,P
Doha,186.0,Q2,P
Doha,142.0,Q2,P
Doha,159.0,Q2,P
Doha,174.0,Q2,P
Doha,130.0,Q2,P
Doha,135.0,Q2,P
Doha,487.0,Q1,P
Doha,231.0,Q1,P
Doha,269.0,Q1,P
Doha,158.0,Q1,P
Doha,448.0,Q1,P
Doha,129.0,Q1,P
Doha,250.0,Q1,P
Doha,625.0,Q1,P
Doha,147.0,Q1,P
Doha,131.0,Q1,P
Doha,111.0,Q1,P
Doha,262.0,Q1,P
Doha,184.0,Q1,P
Doha,198.0,Q1,P
Doha,164.0,Q1,P
Moscow,160.0,Q3,P
Moscow,144.0,Q3,P
Moscow,123.0,Q3,P
Moscow,157.0,Q3,P
Moscow,251.0,Q1,P
Moscow,485.0,Q1,P
Moscow,nan,Q1,P
Moscow,1259.0,Q1,P
Moscow,226.0,Q1,P
Moscow,344.0,Q1,P
Moscow,175.0,Q1,P
Moscow,208.0,Q1,P
Moscow,182.0,Q1,P
Moscow,324.0,Q1,P
Moscow,247.0,Q1,P
Moscow,1182.0,Q1,P
Moscow,163.0,Q1,P
Moscow,167.0,Q1,P
Moscow,188.0,Q2,P
Moscow,490.0,Q2,P
Moscow,227.0,Q2,P
Moscow,372.0,Q2,P
Moscow,206.0,Q2,P
Moscow,173.0,Q2,P
Moscow,166.0,Q2,P
Moscow,217.0,Q2,P
Dubai,19.0,Q3,P
Dubai,76.0,Q3,P
Dubai,39.0,Q3,P
Dubai,82.0,Q3,P
Dubai,139.0,Q1,P
Dubai,nan,Q1,P
Dubai,109.0,Q1,P
Dubai,128.0,Q1,P
Dubai,212.0,Q1,P
Dubai,140.0,Q1,P
Dubai,149.0,Q1,P
Dubai,100.0,Q1,P
Dubai,265.0,Q1,P
Dubai,129.0,Q1,P
Dubai,nan,Q1,P
Dubai,120.0,Q1,P
Dubai,170.0,Q1,P
Dubai,48.0,Q2,P
Dubai,38.0,Q2,P
Dubai,101.0,Q2,P
Dubai,40.0,Q2,P
Dubai,137.0,Q2,P
Dubai,72.0,Q2,P
Dubai,36.0,Q2,P
Dubai,49.0,Q2,P
Charleston,91.0,Q2,P
Charleston,177.0,Q2,P
Charleston,150.0,Q2,P
Charleston,139.0,Q2,P
Charleston,149.0,Q2,P
Charleston,138.0,Q2,P
Charleston,370.0,Q2,P
Charleston,144.0,Q1,P
Charleston,225.0,Q1,P
Charleston,281.0,Q1,P
Charleston,457.0,Q1,P
Charleston,1142.0,Q1,P
Charleston,202.0,Q1,P
Charleston,432.0,Q1,P
Charleston,846.0,Q1,P
Charleston,184.0,Q1,P
Charleston,298.0,Q1,P
Charleston,323.0,Q1,P
Charleston,176.0,Q1,P
Stanford,101.0,Q2,P
Stanford,370.0,Q2,P
Stanford,1055.0,Q2,P
Stanford,197.0,Q2,P
Stanford,nan,Q1,P
Stanford,964.0,Q1,P
Stanford,119.0,Q1,P
Stanford,124.0,Q1,P
Stanford,327.0,Q1,P
Stanford,130.0,Q1,P
Cincinnati,104.0,Q2,P
Cincinnati,65.0,Q2,P
Cincinnati,60.0,Q2,P
Cincinnati,44.0,Q2,P
Cincinnati,72.0,Q2,P
Cincinnati,108.0,Q2,P
Cincinnati,121.0,Q2,P
Cincinnati,47.0,Q2,P
Cincinnati,61.0,Q2,P
Cincinnati,77.0,Q2,P
Cincinnati,89.0,Q2,P
Cincinnati,164.0,Q2,P
Cincinnati,32.0,Q1,P
Cincinnati,98.0,Q1,P
Cincinnati,169.0,Q1,P
Cincinnati,112.0,Q1,P
Cincinnati,41.0,Q1,P
Cincinnati,85.0,Q1,P
Cincinnati,132.0,Q1,P
Cincinnati,135.0,Q1,P
Cincinnati,43.0,Q1,P
Cincinnati,180.0,Q1,P
Cincinnati,94.0,Q1,P
Cincinnati,68.0,Q1,P
Cincinnati,42.0,Q1,P
Cincinnati,78.0,Q1,P
Cincinnati,143.0,Q1,P
Cincinnati,90.0,Q1,P
Cincinnati,86.0,Q1,P
Cincinnati,79.0,Q1,P
Cincinnati,51.0,Q1,P
Cincinnati,75.0,Q1,P
Cincinnati,55.0,Q1,P
Cincinnati,83.0,Q1,P
Cincinnati,93.0,Q1,P
Cincinnati,73.0,Q1,P
New Haven,70.0,Q3,P
New Haven,57.0,Q3,P
New Haven,42.0,Q3,P
New Haven,54.0,Q3,P
New Haven,76.0,Q3,P
New Haven,49.0,Q3,P
New Haven,66.0,Q1,P
New Haven,99.0,Q1,P
New Haven,111.0,Q1,P
New Haven,56.0,Q1,P
New Haven,41.0,Q1,P
New Haven,256.0,Q1,P
New Haven,67.0,Q1,P
New Haven,61.0,Q1,P
New Haven,82.0,Q1,P
New Haven,nan,Q1,P
New Haven,579.0,Q1,P
New Haven,46.0,Q1,P
New Haven,84.0,Q1,P
New Haven,100.0,Q1,P
New Haven,101.0,Q1,P
New Haven,79.0,Q1,P
New Haven,48.0,Q1,P
New Haven,93.0,Q1,P
New Haven,105.0,Q1,P
New Haven,53.0,Q1,P
New Haven,52.0,Q1,P
New Haven,110.0,Q1,P
New Haven,83.0,Q1,P
New Haven,155.0,Q1,P
New Haven,121.0,Q2,P
New Haven,77.0,Q2,P
New Haven,69.0,Q2,P
New Haven,136.0,Q2,P
New Haven,144.0,Q2,P
New Haven,74.0,Q2,P
New Haven,65.0,Q2,P
New Haven,151.0,Q2,P
New Haven,64.0,Q2,P
New Haven,120.0,Q2,P
New Haven,97.0,Q2,P
New Haven,81.0,Q2,P
Brisbane,162.0,Q3,P
Brisbane,238.0,Q3,P
Brisbane,86.0,Q3,P
Brisbane,87.0,Q3,P
Brisbane,154.0,Q1,P
Brisbane,127.0,Q1,P
Brisbane,236.0,Q1,P
Brisbane,90.0,Q1,P
Brisbane,118.0,Q1,P
Brisbane,106.0,Q1,P
Brisbane,110.0,Q1,P
Brisbane,150.0,Q1,P
Brisbane,132.0,Q1,P
Brisbane,131.0,Q1,P
Brisbane,119.0,Q1,P
Brisbane,105.0,Q1,P
Brisbane,168.0,Q1,P
Brisbane,124.0,Q1,P
Brisbane,158.0,Q1,P
Brisbane,109.0,Q1,P
Brisbane,79.0,Q2,P
Brisbane,157.0,Q2,P
Brisbane,80.0,Q2,P
Brisbane,97.0,Q2,P
Brisbane,245.0,Q2,P
Brisbane,160.0,Q2,P
Brisbane,169.0,Q2,P
Brisbane,91.0,Q2,P
Sydney,73.0,Q3,P
Sydney,52.0,Q3,P
Sydney,77.0,Q3,P
Sydney,82.0,Q3,P
Sydney,80.0,Q3,P
Sydney,78.0,Q3,P
Sydney,87.0,Q1,P
Sydney,90.0,Q1,P
Sydney,487.0,Q1,P
Sydney,nan,Q1,P
Sydney,128.0,Q1,P
Sydney,nan,Q1,P
Sydney,588.0,Q1,P
Sydney,69.0,Q1,P
Sydney,56.0,Q1,P
Sydney,315.0,Q1,P
Sydney,104.0,Q1,P
Sydney,213.0,Q1,P
Sydney,1181.0,Q1,P
Sydney,111.0,Q1,P
Sydney,296.0,Q1,P
Sydney,105.0,Q1,P
Sydney,97.0,Q1,P
Sydney,284.0,Q1,P
Sydney,98.0,Q1,P
Sydney,237.0,Q1,P
Sydney,146.0,Q1,P
Sydney,86.0,Q1,P
Sydney,120.0,Q2,P
Sydney,129.0,Q2,P
Sydney,94.0,Q2,P
Sydney,110.0,Q2,P
Sydney,119.0,Q2,P
Sydney,118.0,Q2,P
Sydney,812.0,Q2,P
Sydney,96.0,Q2,P
Sydney,85.0,Q2,P
Sydney,109.0,Q2,P
Sydney,88.0,Q2,P
Montreal,302.0,Q2,P
Montreal,178.0,Q2,P
Montreal,41.0,Q2,P
Montreal,99.0,Q2,P
Montreal,49.0,Q2,P
Montreal,50.0,Q2,P
Montreal,109.0,Q2,P
Montreal,117.0,Q2,P
Montreal,78.0,Q2,P
Montreal,89.0,Q2,P
Montreal,40.0,Q1,P
Montreal,94.0,Q1,P
Montreal,204.0,Q1,P
Montreal,96.0,Q1,P
Montreal,210.0,Q1,P
Montreal,134.0,Q1,P
Montreal,199.0,Q1,P
Montreal,1206.0,Q1,P
Montreal,108.0,Q1,P
Montreal,192.0,Q1,P
Montreal,105.0,Q1,P
Montreal,232.0,Q1,P
Montreal,180.0,Q1,P
Montreal,124.0,Q1,P
Montreal,80.0,Q1,P
Montreal,132.0,Q1,P
Montreal,655.0,Q1,P
Montreal,68.0,Q1,P
Montreal,143.0,Q1,P
Montreal,116.0,Q1,P
Wuhan,69.0,Q2,P
Wuhan,341.0,Q2,P
Wuhan,73.0,Q2,P
Wuhan,225.0,Q2,P
Wuhan,71.0,Q2,P
Wuhan,92.0,Q2,P
Wuhan,96.0,Q2,P
Wuhan,187.0,Q1,P
Wuhan,72.0,Q1,P
Wuhan,81.0,Q1,P
Paris,74.0,Q3,P
Paris,145.0,Q3,P
Paris,89.0,Q3,P
Paris,137.0,Q3,P
Paris,88.0,Q1,P
Paris,144.0,Q1,P
Paris,54.0,Q1,P
Paris,114.0,Q1,P
Paris,232.0,Q1,P
Paris,132.0,Q1,P
Paris,65.0,Q1,P
Paris,627.0,Q1,P
Paris,127.0,Q1,P
Paris,86.0,Q1,P
Paris,108.0,Q1,P
Paris,134.0,Q1,P
Paris,83.0,Q1,P
Paris,106.0,Q2,P
Paris,228.0,Q2,P
Paris,85.0,Q2,P
Paris,129.0,Q2,P
Paris,104.0,Q2,P
Paris,117.0,Q2,P
Paris,120.0,Q2,P
Birmingham,136.0,Q2,P
Birmingham,108.0,Q2,P
Birmingham,279.0,Q2,P
Birmingham,215.0,Q2,P
Birmingham,115.0,Q2,P
Birmingham,206.0,Q2,P
Birmingham,171.0,Q2,P
Birmingham,101.0,Q1,P
Birmingham,683.0,Q1,P
Birmingham,826.0,Q1,P
Birmingham,129.0,Q1,P
Birmingham,203.0,Q1,P
Birmingham,123.0,Q1,P
Birmingham,365.0,Q1,P
Birmingham,907.0,Q1,P
Birmingham,196.0,Q1,P
Birmingham,406.0,Q1,P
Birmingham,245.0,Q1,P
Birmingham,184.0,Q1,P
Birmingham,1072.0,Q1,P
Birmingham,248.0,Q1,P
Eastbourne,50.0,Q3,P
Eastbourne,123.0,Q3,P
Eastbourne,52.0,Q3,P
Eastbourne,126.0,Q3,P
Eastbourne,91.0,Q1,P
Eastbourne,120.0,Q1,P
Eastbourne,108.0,Q1,P
Eastbourne,245.0,Q1,P
Eastbourne,242.0,Q1,P
Eastbourne,122.0,Q1,P
Eastbourne,526.0,Q1,P
Eastbourne,318.0,Q1,P
Eastbourne,99.0,Q1,P
Eastbourne,153.0,Q1,P
Eastbourne,98.0,Q1,P
Eastbourne,103.0,Q1,P
Eastbourne,164.0,Q1,P
Eastbourne,84.0,Q1,P
Eastbourne,175.0,Q1,P
Eastbourne,76.0,Q2,P
Eastbourne,81.0,Q2,P
Eastbourne,49.0,Q2,P
Eastbourne,114.0,Q2,P
Eastbourne,96.0,Q2,P
Eastbourne,166.0,Q2,P
Eastbourne,56.0,Q2,P
Eastbourne,74.0,Q2,P
Stuttgart,118.0,Q3,P
Stuttgart,288.0,Q3,P
Stuttgart,87.0,Q3,P
Stuttgart,165.0,Q3,P
Stuttgart,467.0,Q1,P
Stuttgart,188.0,Q1,P
Stuttgart,225.0,Q1,P
Stuttgart,292.0,Q1,P
Stuttgart,235.0,Q1,P
Stuttgart,278.0,Q1,P
Stuttgart,153.0,Q1,P
Stuttgart,563.0,Q1,P
Stuttgart,175.0,Q1,P
Stuttgart,1017.0,Q1,P
Stuttgart,152.0,Q1,P
Stuttgart,317.0,Q1,P
Stuttgart,83.0,Q1,P
Stuttgart,249.0,Q1,P
Stuttgart,128.0,Q1,P
Stuttgart,41.0,Q2,P
Stuttgart,347.0,Q2,P
Stuttgart,162.0,Q2,P
Stuttgart,111.0,Q2,P
Stuttgart,189.0,Q2,P
Stuttgart,447.0,Q2,P
Stuttgart,98.0,Q2,P
Rome,80.0,Q2,P
Rome,78.0,Q2,P
Rome,73.0,Q2,P
Rome,70.0,Q2,P
Rome,101.0,Q2,P
Rome,72.0,Q2,P
Rome,74.0,Q2,P
Rome,105.0,Q2,P
Rome,52.0,Q1,P
Rome,217.0,Q1,P
Rome,50.0,Q1,P
Rome,86.0,Q1,P
Rome,368.0,Q1,P
Rome,213.0,Q1,P
Rome,97.0,Q1,P
Rome,327.0,Q1,P
Rome,58.0,Q1,P
Rome,106.0,Q1,P
Rome,59.0,Q1,P
Rome,89.0,Q1,P
Rome,55.0,Q1,P
Rome,95.0,Q1,P
Rome,94.0,Q1,P
Rome,64.0,Q1,P
Tokyo,183.0,Q3,P
Tokyo,245.0,Q3,P
Tokyo,133.0,Q3,P
Tokyo,178.0,Q3,P
Tokyo,211.0,Q1,P
Tokyo,349.0,Q1,P
Tokyo,346.0,Q1,P
Tokyo,443.0,Q1,P
Tokyo,283.0,Q1,P
Tokyo,430.0,Q1,P
Tokyo,329.0,Q1,P
Tokyo,115.0,Q1,P
Tokyo,762.0,Q1,P
Tokyo,267.0,Q1,P
Tokyo,356.0,Q1,P
Tokyo,536.0,Q1,P
Tokyo,879.0,Q1,P
Tokyo,383.0,Q2,P
Tokyo,108.0,Q2,P
Tokyo,194.0,Q2,P
Tokyo,205.0,Q2,P
Tokyo,209.0,Q2,P
Tokyo,274.0,Q2,P
Tokyo,290.0,Q2,P
Doha,140.0,Q2,P
Doha,121.0,Q2,P
Doha,186.0,Q2,P
Doha,142.0,Q2,P
Doha,159.0,Q2,P
Doha,174.0,Q2,P
Doha,130.0,Q2,P
Doha,135.0,Q2,P
Doha,487.0,Q1,P
Doha,231.0,Q1,P
Doha,269.0,Q1,P
Doha,158.0,Q1,P
Doha,448.0,Q1,P
Doha,129.0,Q1,P
Doha,250.0,Q1,P
Doha,625.0,Q1,P
Doha,147.0,Q1,P
Doha,131.0,Q1,P
Doha,111.0,Q1,P
Doha,262.0,Q1,P
Doha,184.0,Q1,P
Doha,198.0,Q1,P
Doha,164.0,Q1,P
Moscow,160.0,Q3,P
Moscow,144.0,Q3,P
Moscow,123.0,Q3,P
Moscow,157.0,Q3,P
Moscow,251.0,Q1,P
Moscow,485.0,Q1,P
Moscow,nan,Q1,P
Moscow,1259.0,Q1,P
Moscow,226.0,Q1,P
Moscow,344.0,Q1,P
Moscow,175.0,Q1,P
Moscow,208.0,Q1,P
Moscow,182.0,Q1,P
Moscow,324.0,Q1,P
Moscow,247.0,Q1,P
Moscow,1182.0,Q1,P
Moscow,163.0,Q1,P
Moscow,167.0,Q1,P
Moscow,188.0,Q2,P
Moscow,490.0,Q2,P
Moscow,227.0,Q2,P
Moscow,372.0,Q2,P
Moscow,206.0,Q2,P
Moscow,173.0,Q2,P
Moscow,166.0,Q2,P
Moscow,217.0,Q2,P
Dubai,19.0,Q3,P
Dubai,76.0,Q3,P
Dubai,39.0,Q3,P
Dubai,82.0,Q3,P
Dubai,139.0,Q1,P
Dubai,nan,Q1,P
Dubai,109.0,Q1,P
Dubai,128.0,Q1,P
Dubai,212.0,Q1,P
Dubai,140.0,Q1,P
Dubai,149.0,Q1,P
Dubai,100.0,Q1,P
Dubai,265.0,Q1,P
Dubai,129.0,Q1,P
Dubai,nan,Q1,P
Dubai,120.0,Q1,P
Dubai,170.0,Q1,P
Dubai,48.0,Q2,P
Dubai,38.0,Q2,P
Dubai,101.0,Q2,P
Dubai,40.0,Q2,P
Dubai,137.0,Q2,P
Dubai,72.0,Q2,P
Dubai,36.0,Q2,P
Dubai,49.0,Q2,P
Charleston,91.0,Q2,P
Charleston,177.0,Q2,P
Charleston,150.0,Q2,P
Charleston,139.0,Q2,P
Charleston,149.0,Q2,P
Charleston,138.0,Q2,P
Charleston,370.0,Q2,P
Charleston,144.0,Q1,P
Charleston,225.0,Q1,P
Charleston,281.0,Q1,P
Charleston,457.0,Q1,P
Charleston,1142.0,Q1,P
Charleston,202.0,Q1,P
Charleston,432.0,Q1,P
Charleston,846.0,Q1,P
Charleston,184.0,Q1,P
Charleston,298.0,Q1,P
Charleston,323.0,Q1,P
Charleston,176.0,Q1,P
Stanford,101.0,Q2,P
Stanford,370.0,Q2,P
Stanford,1055.0,Q2,P
Stanford,197.0,Q2,P
Stanford,nan,Q1,P
Stanford,964.0,Q1,P
Stanford,119.0,Q1,P
Stanford,124.0,Q1,P
Stanford,327.0,Q1,P
Stanford,130.0,Q1,P
Cincinnati,104.0,Q2,P
Cincinnati,65.0,Q2,P
Cincinnati,60.0,Q2,P
Cincinnati,44.0,Q2,P
Cincinnati,72.0,Q2,P
Cincinnati,108.0,Q2,P
Cincinnati,121.0,Q2,P
Cincinnati,47.0,Q2,P
Cincinnati,61.0,Q2,P
Cincinnati,77.0,Q2,P
Cincinnati,89.0,Q2,P
Cincinnati,164.0,Q2,P
Cincinnati,32.0,Q1,P
Cincinnati,98.0,Q1,P
Cincinnati,169.0,Q1,P
Cincinnati,112.0,Q1,P
Cincinnati,41.0,Q1,P
Cincinnati,85.0,Q1,P
Cincinnati,132.0,Q1,P
Cincinnati,135.0,Q1,P
Cincinnati,43.0,Q1,P
Cincinnati,180.0,Q1,P
Cincinnati,94.0,Q1,P
Cincinnati,68.0,Q1,P
Cincinnati,42.0,Q1,P
Cincinnati,78.0,Q1,P
Cincinnati,143.0,Q1,P
Cincinnati,90.0,Q1,P
Cincinnati,86.0,Q1,P
Cincinnati,79.0,Q1,P
Cincinnati,51.0,Q1,P
Cincinnati,75.0,Q1,P
Cincinnati,55.0,Q1,P
Cincinnati,83.0,Q1,P
Cincinnati,93.0,Q1,P
Cincinnati,73.0,Q1,P
New Haven,70.0,Q3,P
New Haven,57.0,Q3,P
New Haven,42.0,Q3,P
New Haven,54.0,Q3,P
New Haven,76.0,Q3,P
New Haven,49.0,Q3,P
New Haven,66.0,Q1,P
New Haven,99.0,Q1,P
New Haven,111.0,Q1,P
New Haven,56.0,Q1,P
New Haven,41.0,Q1,P
New Haven,256.0,Q1,P
New Haven,67.0,Q1,P
New Haven,61.0,Q1,P
New Haven,82.0,Q1,P
New Haven,nan,Q1,P
New Haven,579.0,Q1,P
New Haven,46.0,Q1,P
New Haven,84.0,Q1,P
New Haven,100.0,Q1,P
New Haven,101.0,Q1,P
New Haven,79.0,Q1,P
New Haven,48.0,Q1,P
New Haven,93.0,Q1,P
New Haven,105.0,Q1,P
New Haven,53.0,Q1,P
New Haven,52.0,Q1,P
New Haven,110.0,Q1,P
New Haven,83.0,Q1,P
New Haven,155.0,Q1,P
New Haven,121.0,Q2,P
New Haven,77.0,Q2,P
New Haven,69.0,Q2,P
New Haven,136.0,Q2,P
New Haven,144.0,Q2,P
New Haven,74.0,Q2,P
New Haven,65.0,Q2,P
New Haven,151.0,Q2,P
New Haven,64.0,Q2,P
New Haven,120.0,Q2,P
New Haven,97.0,Q2,P
New Haven,81.0,Q2,P
Brisbane,162.0,Q3,P
Brisbane,238.0,Q3,P
Brisbane,86.0,Q3,P
Brisbane,87.0,Q3,P
Brisbane,154.0,Q1,P
Brisbane,127.0,Q1,P
Brisbane,236.0,Q1,P
Brisbane,90.0,Q1,P
Brisbane,118.0,Q1,P
Brisbane,106.0,Q1,P
Brisbane,110.0,Q1,P
Brisbane,150.0,Q1,P
Brisbane,132.0,Q1,P
Brisbane,131.0,Q1,P
Brisbane,119.0,Q1,P
Brisbane,105.0,Q1,P
Brisbane,168.0,Q1,P
Brisbane,124.0,Q1,P
Brisbane,158.0,Q1,P
Brisbane,109.0,Q1,P
Brisbane,79.0,Q2,P
Brisbane,157.0,Q2,P
Brisbane,80.0,Q2,P
Brisbane,97.0,Q2,P
Brisbane,245.0,Q2,P
Brisbane,160.0,Q2,P
Brisbane,169.0,Q2,P
Brisbane,91.0,Q2,P
Sydney,73.0,Q3,P
Sydney,52.0,Q3,P
Sydney,77.0,Q3,P
Sydney,82.0,Q3,P
Sydney,80.0,Q3,P
Sydney,78.0,Q3,P
Sydney,87.0,Q1,P
Sydney,90.0,Q1,P
Sydney,487.0,Q1,P
Sydney,nan,Q1,P
Sydney,128.0,Q1,P
Sydney,nan,Q1,P
Sydney,588.0,Q1,P
Sydney,69.0,Q1,P
Sydney,56.0,Q1,P
Sydney,315.0,Q1,P
Sydney,104.0,Q1,P
Sydney,213.0,Q1,P
Sydney,1181.0,Q1,P
Sydney,111.0,Q1,P
Sydney,296.0,Q1,P
Sydney,105.0,Q1,P
Sydney,97.0,Q1,P
Sydney,284.0,Q1,P
Sydney,98.0,Q1,P
Sydney,237.0,Q1,P
Sydney,146.0,Q1,P
Sydney,86.0,Q1,P
Sydney,120.0,Q2,P
Sydney,129.0,Q2,P
Sydney,94.0,Q2,P
Sydney,110.0,Q2,P
Sydney,119.0,Q2,P
Sydney,118.0,Q2,P
Sydney,812.0,Q2,P
Sydney,96.0,Q2,P
Sydney,85.0,Q2,P
Sydney,109.0,Q2,P
Sydney,88.0,Q2,P
Montreal,302.0,Q2,P
Montreal,178.0,Q2,P
Montreal,41.0,Q2,P
Montreal,99.0,Q2,P
Montreal,49.0,Q2,P
Montreal,50.0,Q2,P
Montreal,109.0,Q2,P
Montreal,117.0,Q2,P
Montreal,78.0,Q2,P
Montreal,89.0,Q2,P
Montreal,40.0,Q1,P
Montreal,94.0,Q1,P
Montreal,204.0,Q1,P
Montreal,96.0,Q1,P
Montreal,210.0,Q1,P
Montreal,134.0,Q1,P
Montreal,199.0,Q1,P
Montreal,1206.0,Q1,P
Montreal,108.0,Q1,P
Montreal,192.0,Q1,P
Montreal,105.0,Q1,P
Montreal,232.0,Q1,P
Montreal,180.0,Q1,P
Montreal,124.0,Q1,P
Montreal,80.0,Q1,P
Montreal,132.0,Q1,P
Montreal,655.0,Q1,P
Montreal,68.0,Q1,P
Montreal,143.0,Q1,P
Montreal,116.0,Q1,P
Wuhan,69.0,Q2,P
Wuhan,341.0,Q2,P
Wuhan,73.0,Q2,P
Wuhan,225.0,Q2,P
Wuhan,71.0,Q2,P
Wuhan,92.0,Q2,P
Wuhan,96.0,Q2,P
Wuhan,187.0,Q1,P
Wuhan,72.0,Q1,P
Wuhan,81.0,Q1,P
Paris,74.0,Q3,P
Paris,145.0,Q3,P
Paris,89.0,Q3,P
Paris,137.0,Q3,P
Paris,88.0,Q1,P
Paris,144.0,Q1,P
Paris,54.0,Q1,P
Paris,114.0,Q1,P
Paris,232.0,Q1,P
Paris,132.0,Q1,P
Paris,65.0,Q1,P
Paris,627.0,Q1,P
Paris,127.0,Q1,P
Paris,86.0,Q1,P
Paris,108.0,Q1,P
Paris,134.0,Q1,P
Paris,83.0,Q1,P
Paris,106.0,Q2,P
Paris,228.0,Q2,P
Paris,85.0,Q2,P
Paris,129.0,Q2,P
Paris,104.0,Q2,P
Paris,117.0,Q2,P
Paris,120.0,Q2,P
Birmingham,136.0,Q2,P
Birmingham,108.0,Q2,P
Birmingham,279.0,Q2,P
Birmingham,215.0,Q2,P
Birmingham,115.0,Q2,P
Birmingham,206.0,Q2,P
Birmingham,171.0,Q2,P
Birmingham,101.0,Q1,P
Birmingham,683.0,Q1,P
Birmingham,826.0,Q1,P
Birmingham,129.0,Q1,P
Birmingham,203.0,Q1,P
Birmingham,123.0,Q1,P
Birmingham,365.0,Q1,P
Birmingham,907.0,Q1,P
Birmingham,196.0,Q1,P
Birmingham,406.0,Q1,P
Birmingham,245.0,Q1,P
Birmingham,184.0,Q1,P
Birmingham,1072.0,Q1,P
Birmingham,248.0,Q1,P
Eastbourne,50.0,Q3,P
Eastbourne,123.0,Q3,P
Eastbourne,52.0,Q3,P
Eastbourne,126.0,Q3,P
Eastbourne,91.0,Q1,P
Eastbourne,120.0,Q1,P
Eastbourne,108.0,Q1,P
Eastbourne,245.0,Q1,P
Eastbourne,242.0,Q1,P
Eastbourne,122.0,Q1,P
Eastbourne,526.0,Q1,P
Eastbourne,318.0,Q1,P
Eastbourne,99.0,Q1,P
Eastbourne,153.0,Q1,P
Eastbourne,98.0,Q1,P
Eastbourne,103.0,Q1,P
Eastbourne,164.0,Q1,P
Eastbourne,84.0,Q1,P
Eastbourne,175.0,Q1,P
Eastbourne,76.0,Q2,P
Eastbourne,81.0,Q2,P
Eastbourne,49.0,Q2,P
Eastbourne,114.0,Q2,P
Eastbourne,96.0,Q2,P
Eastbourne,166.0,Q2,P
Eastbourne,56.0,Q2,P
Eastbourne,74.0,Q2,P
Stuttgart,118.0,Q3,P
Stuttgart,288.0,Q3,P
Stuttgart,87.0,Q3,P
Stuttgart,165.0,Q3,P
Stuttgart,467.0,Q1,P
Stuttgart,188.0,Q1,P
Stuttgart,225.0,Q1,P
Stuttgart,292.0,Q1,P
Stuttgart,235.0,Q1,P
Stuttgart,278.0,Q1,P
Stuttgart,153.0,Q1,P
Stuttgart,563.0,Q1,P
Stuttgart,175.0,Q1,P
Stuttgart,1017.0,Q1,P
Stuttgart,152.0,Q1,P
Stuttgart,317.0,Q1,P
Stuttgart,83.0,Q1,P
Stuttgart,249.0,Q1,P
Stuttgart,128.0,Q1,P
Stuttgart,41.0,Q2,P
Stuttgart,347.0,Q2,P
Stuttgart,162.0,Q2,P
Stuttgart,111.0,Q2,P
Stuttgart,189.0,Q2,P
Stuttgart,447.0,Q2,P
Stuttgart,98.0,Q2,P
Rome,80.0,Q2,P
Rome,78.0,Q2,P
Rome,73.0,Q2,P
Rome,70.0,Q2,P
Rome,101.0,Q2,P
Rome,72.0,Q2,P
Rome,74.0,Q2,P
Rome,105.0,Q2,P
Rome,52.0,Q1,P
Rome,217.0,Q1,P
Rome,50.0,Q1,P
Rome,86.0,Q1,P
Rome,368.0,Q1,P
Rome,213.0,Q1,P
Rome,97.0,Q1,P
Rome,327.0,Q1,P
Rome,58.0,Q1,P
Rome,106.0,Q1,P
Rome,59.0,Q1,P
Rome,89.0,Q1,P
Rome,55.0,Q1,P
Rome,95.0,Q1,P
Rome,94.0,Q1,P
Rome,64.0,Q1,P
Tokyo,183.0,Q3,P
Tokyo,245.0,Q3,P
Tokyo,133.0,Q3,P
Tokyo,178.0,Q3,P
Tokyo,211.0,Q1,P
Tokyo,349.0,Q1,P
Tokyo,346.0,Q1,P
Tokyo,443.0,Q1,P
Tokyo,283.0,Q1,P
Tokyo,430.0,Q1,P
Tokyo,329.0,Q1,P
Tokyo,115.0,Q1,P
Tokyo,762.0,Q1,P
Tokyo,267.0,Q1,P
Tokyo,356.0,Q1,P
Tokyo,536.0,Q1,P
Tokyo,879.0,Q1,P
Tokyo,383.0,Q2,P
Tokyo,108.0,Q2,P
Tokyo,194.0,Q2,P
Tokyo,205.0,Q2,P
Tokyo,209.0,Q2,P
Tokyo,274.0,Q2,P
Tokyo,290.0,Q2,P
Doha,140.0,Q2,P
Doha,121.0,Q2,P
Doha,186.0,Q2,P
Doha,142.0,Q2,P
Doha,159.0,Q2,P
Doha,174.0,Q2,P
Doha,130.0,Q2,P
Doha,135.0,Q2,P
Doha,487.0,Q1,P
Doha,231.0,Q1,P
Doha,269.0,Q1,P
Doha,158.0,Q1,P
Doha,448.0,Q1,P
Doha,129.0,Q1,P
Doha,250.0,Q1,P
Doha,625.0,Q1,P
Doha,147.0,Q1,P
Doha,131.0,Q1,P
Doha,111.0,Q1,P
Doha,262.0,Q1,P
Doha,184.0,Q1,P
Doha,198.0,Q1,P
Doha,164.0,Q1,P
Moscow,160.0,Q3,P
Moscow,144.0,Q3,P
Moscow,123.0,Q3,P
Moscow,157.0,Q3,P
Moscow,251.0,Q1,P
Moscow,485.0,Q1,P
Moscow,nan,Q1,P
Moscow,1259.0,Q1,P
Moscow,226.0,Q1,P
Moscow,344.0,Q1,P
Moscow,175.0,Q1,P
Moscow,208.0,Q1,P
Moscow,182.0,Q1,P
Moscow,324.0,Q1,P
Moscow,247.0,Q1,P
Moscow,1182.0,Q1,P
Moscow,163.0,Q1,P
Moscow,167.0,Q1,P
Moscow,188.0,Q2,P
Moscow,490.0,Q2,P
Moscow,227.0,Q2,P
Moscow,372.0,Q2,P
Moscow,206.0,Q2,P
Moscow,173.0,Q2,P
Moscow,166.0,Q2,P
Moscow,217.0,Q2,P
Dubai,19.0,Q3,P
Dubai,76.0,Q3,P
Dubai,39.0,Q3,P
Dubai,82.0,Q3,P
Dubai,139.0,Q1,P
Dubai,nan,Q1,P
Dubai,109.0,Q1,P
Dubai,128.0,Q1,P
Dubai,212.0,Q1,P
Dubai,140.0,Q1,P
Dubai,149.0,Q1,P
Dubai,100.0,Q1,P
Dubai,265.0,Q1,P
Dubai,129.0,Q1,P
Dubai,nan,Q1,P
Dubai,120.0,Q1,P
Dubai,170.0,Q1,P
Dubai,48.0,Q2,P
Dubai,38.0,Q2,P
Dubai,101.0,Q2,P
Dubai,40.0,Q2,P
Dubai,137.0,Q2,P
Dubai,72.0,Q2,P
Dubai,36.0,Q2,P
Dubai,49.0,Q2,P
Charleston,91.0,Q2,P
Charleston,177.0,Q2,P
Charleston,150.0,Q2,P
Charleston,139.0,Q2,P
Charleston,149.0,Q2,P
Charleston,138.0,Q2,P
Charleston,370.0,Q2,P
Charleston,144.0,Q1,P
Charleston,225.0,Q1,P
Charleston,281.0,Q1,P
Charleston,457.0,Q1,P
Charleston,1142.0,Q1,P
Charleston,202.0,Q1,P
Charleston,432.0,Q1,P
Charleston,846.0,Q1,P
Charleston,184.0,Q1,P
Charleston,298.0,Q1,P
Charleston,323.0,Q1,P
Charleston,176.0,Q1,P
Stanford,101.0,Q2,P
Stanford,370.0,Q2,P
Stanford,1055.0,Q2,P
Stanford,197.0,Q2,P
Stanford,nan,Q1,P
Stanford,964.0,Q1,P
Stanford,119.0,Q1,P
Stanford,124.0,Q1,P
Stanford,327.0,Q1,P
Stanford,130.0,Q1,P
Cincinnati,104.0,Q2,P
Cincinnati,65.0,Q2,P
Cincinnati,60.0,Q2,P
Cincinnati,44.0,Q2,P
Cincinnati,72.0,Q2,P
Cincinnati,108.0,Q2,P
Cincinnati,121.0,Q2,P
Cincinnati,47.0,Q2,P
Cincinnati,61.0,Q2,P
Cincinnati,77.0,Q2,P
Cincinnati,89.0,Q2,P
Cincinnati,164.0,Q2,P
Cincinnati,32.0,Q1,P
Cincinnati,98.0,Q1,P
Cincinnati,169.0,Q1,P
Cincinnati,112.0,Q1,P
Cincinnati,41.0,Q1,P
Cincinnati,85.0,Q1,P
Cincinnati,132.0,Q1,P
Cincinnati,135.0,Q1,P
Cincinnati,43.0,Q1,P
Cincinnati,180.0,Q1,P
Cincinnati,94.0,Q1,P
Cincinnati,68.0,Q1,P
Cincinnati,42.0,Q1,P
Cincinnati,78.0,Q1,P
Cincinnati,143.0,Q1,P
Cincinnati,90.0,Q1,P
Cincinnati,86.0,Q1,P
Cincinnati,79.0,Q1,P
Cincinnati,51.0,Q1,P
Cincinnati,75.0,Q1,P
Cincinnati,55.0,Q1,P
Cincinnati,83.0,Q1,P
Cincinnati,93.0,Q1,P
Cincinnati,73.0,Q1,P
New Haven,70.0,Q3,P
New Haven,57.0,Q3,P
New Haven,42.0,Q3,P
New Haven,54.0,Q3,P
New Haven,76.0,Q3,P
New Haven,49.0,Q3,P
New Haven,66.0,Q1,P
New Haven,99.0,Q1,P
New Haven,111.0,Q1,P
New Haven,56.0,Q1,P
New Haven,41.0,Q1,P
New Haven,256.0,Q1,P
New Haven,67.0,Q1,P
New Haven,61.0,Q1,P
New Haven,82.0,Q1,P
New Haven,nan,Q1,P
New Haven,579.0,Q1,P
New Haven,46.0,Q1,P
New Haven,84.0,Q1,P
New Haven,100.0,Q1,P
New Haven,101.0,Q1,P
New Haven,79.0,Q1,P
New Haven,48.0,Q1,P
New Haven,93.0,Q1,P
New Haven,105.0,Q1,P
New Haven,53.0,Q1,P
New Haven,52.0,Q1,P
New Haven,110.0,Q1,P
New Haven,83.0,Q1,P
New Haven,155.0,Q1,P
New Haven,121.0,Q2,P
New Haven,77.0,Q2,P
New Haven,69.0,Q2,P
New Haven,136.0,Q2,P
New Haven,144.0,Q2,P
New Haven,74.0,Q2,P
New Haven,65.0,Q2,P
New Haven,151.0,Q2,P
New Haven,64.0,Q2,P
New Haven,120.0,Q2,P
New Haven,97.0,Q2,P
New Haven,81.0,Q2,P
New Haven,51.0,Q1,P
New Haven,277.0,Q1,P
New Haven,264.0,Q1,P
New Haven,79.0,Q1,P
New Haven,94.0,Q1,P
New Haven,217.0,Q1,P
New Haven,98.0,Q1,P
New Haven,61.0,Q1,P
New Haven,85.0,Q1,P
New Haven,78.0,Q1,P
New Haven,89.0,Q1,P
New Haven,270.0,Q1,P
New Haven,97.0,Q1,P
New Haven,102.0,Q1,P
New Haven,158.0,Q1,P
New Haven,56.0,Q1,P
New Haven,nan,Q1,P
New Haven,87.0,Q1,P
New Haven,38.0,Q1,P
New Haven,47.0,Q1,P
New Haven,81.0,Q1,P
New Haven,285.0,Q1,P
New Haven,84.0,Q1,P
New Haven,70.0,Q2,P
New Haven,48.0,Q2,P
New Haven,60.0,Q2,P
New Haven,391.0,Q2,P
New Haven,91.0,Q2,P
New Haven,42.0,Q2,P
New Haven,75.0,Q2,P
New Haven,275.0,Q2,P
New Haven,100.0,Q2,P
New Haven,65.0,Q2,P
New Haven,99.0,Q2,P
New Haven,96.0,Q2,P
New Haven,77.0,Q3,P
New Haven,43.0,Q3,P
New Haven,410.0,Q3,P
New Haven,64.0,Q3,P
New Haven,59.0,Q3,P
New Haven,71.0,Q3,P
San Jose,265.0,Q1,P
San Jose,359.0,Q1,P
San Jose,285.0,Q1,P
San Jose,110.0,Q1,P
San Jose,173.0,Q1,P
San Jose,nan,Q1,P
San Jose,169.0,Q1,P
San Jose,36.0,Q1,P
San Jose,121.0,Q2,P
San Jose,151.0,Q2,P
San Jose,101.0,Q2,P
San Jose,258.0,Q2,P
Dubai,91.0,Q1,P
Dubai,170.0,Q1,P
Dubai,201.0,Q1,P
Dubai,192.0,Q1,P
Dubai,125.0,Q1,P
Dubai,283.0,Q1,P
Dubai,231.0,Q1,P
Dubai,255.0,Q1,P
Dubai,464.0,Q1,P
Dubai,238.0,Q1,P
Dubai,521.0,Q1,P
Dubai,96.0,Q1,P
Dubai,52.0,Q1,P
Dubai,330.0,Q1,P
Dubai,241.0,Q1,P
Dubai,120.0,Q1,P
Dubai,63.0,Q2,P
Dubai,122.0,Q2,P
Dubai,69.0,Q2,P
Dubai,73.0,Q2,P
Dubai,242.0,Q2,P
Dubai,113.0,Q2,P
Dubai,105.0,Q2,P
Dubai,129.0,Q2,P
Dubai,46.0,Q3,P
Dubai,59.0,Q3,P
Dubai,54.0,Q3,P
Dubai,60.0,Q3,P
Charleston,166.0,Q3,P
Charleston,202.0,Q3,P
Charleston,219.0,Q3,P
Charleston,205.0,Q3,P
Charleston,225.0,Q1,P
Charleston,367.0,Q1,P
Charleston,426.0,Q1,P
Charleston,298.0,Q1,P
Charleston,551.0,Q1,P
Charleston,150.0,Q1,P
Charleston,416.0,Q1,P
Charleston,265.0,Q1,P
Charleston,840.0,Q1,P
Charleston,137.0,Q1,P
Charleston,216.0,Q1,P
Charleston,332.0,Q1,P
Charleston,945.0,Q1,P
Charleston,130.0,Q1,P
Charleston,192.0,Q1,P
Charleston,129.0,Q1,P
Charleston,164.0,Q2,P
Charleston,182.0,Q2,P
Charleston,169.0,Q2,P
Charleston,172.0,Q2,P
Charleston,218.0,Q2,P
Charleston,415.0,Q2,P
Charleston,291.0,Q2,P
Charleston,336.0,Q2,P
Montreal,82.0,Q3,P
Montreal,124.0,Q3,P
Montreal,229.0,Q3,P
Montreal,58.0,Q3,P
Montreal,232.0,Q3,P
Montreal,114.0,Q3,P
Montreal,121.0,Q1,P
Montreal,1223.0,Q1,P
Montreal,76.0,Q1,P
Montreal,702.0,Q1,P
Montreal,94.0,Q1,P
Montreal,1171.0,Q1,P
Montreal,548.0,Q1,P
Montreal,65.0,Q1,P
Montreal,nan,Q1,P
Montreal,913.0,Q1,P
Montreal,99.0,Q1,P
Montreal,141.0,Q1,P
Montreal,286.0,Q1,P
Montreal,66.0,Q1,P
Montreal,1058.0,Q1,P
Montreal,380.0,Q1,P
Montreal,nan,Q1,P
Montreal,151.0,Q1,P
Montreal,1131.0,Q1,P
Montreal,68.0,Q2,P
Montreal,77.0,Q2,P
Montreal,70.0,Q2,P
Montreal,96.0,Q2,P
Montreal,156.0,Q2,P
Montreal,92.0,Q2,P
Montreal,67.0,Q2,P
Montreal,307.0,Q2,P
Montreal,73.0,Q2,P
Montreal,593.0,Q2,P
Montreal,730.0,Q2,P
Montreal,86.0,Q2,P
Doha,92.0,Q3,P
Doha,80.0,Q3,P
Doha,105.0,Q3,P
Doha,51.0,Q3,P
Doha,130.0,Q1,P
Doha,135.0,Q1,P
Doha,115.0,Q1,P
Doha,131.0,Q1,P
Doha,126.0,Q1,P
Doha,200.0,Q1,P
Doha,142.0,Q1,P
Doha,402.0,Q1,P
Doha,132.0,Q1,P
Doha,71.0,Q1,P
Doha,95.0,Q1,P
Doha,174.0,Q1,P
Doha,262.0,Q1,P
Doha,159.0,Q1,P
Doha,93.0,Q1,P
Doha,106.0,Q2,P
Doha,85.0,Q2,P
Doha,107.0,Q2,P
Doha,72.0,Q2,P
Doha,168.0,Q2,P
Doha,295.0,Q2,P
Doha,122.0,Q2,P
Doha,145.0,Q2,P
Stuttgart,140.0,Q1,P
Stuttgart,214.0,Q1,P
Stuttgart,318.0,Q1,P
Stuttgart,394.0,Q1,P
Stuttgart,207.0,Q1,P
Stuttgart,264.0,Q1,P
Stuttgart,286.0,Q1,P
Stuttgart,239.0,Q1,P
Stuttgart,249.0,Q1,P
Stuttgart,307.0,Q1,P
Stuttgart,232.0,Q1,P
Stuttgart,168.0,Q1,P
Stuttgart,96.0,Q1,P
Stuttgart,142.0,Q1,P
Stuttgart,174.0,Q1,P
Stuttgart,501.0,Q2,P
Stuttgart,59.0,Q2,P
Stuttgart,104.0,Q2,P
Stuttgart,267.0,Q2,P
Stuttgart,162.0,Q2,P
Stuttgart,659.0,Q2,P
Stuttgart,170.0,Q2,P
Stuttgart,187.0,Q2,P
Stuttgart,74.0,Q3,P
Stuttgart,56.0,Q3,P
Stuttgart,61.0,Q3,P
Stuttgart,35.0,Q3,P
Birmingham,347.0,Q1,P
Birmingham,149.0,Q1,P
Birmingham,194.0,Q1,P
Birmingham,256.0,Q1,P
Birmingham,143.0,Q1,P
Birmingham,175.0,Q1,P
Birmingham,395.0,Q1,P
Birmingham,119.0,Q1,P
Birmingham,97.0,Q1,P
Birmingham,146.0,Q1,P
Birmingham,111.0,Q1,P
Birmingham,205.0,Q1,P
Birmingham,105.0,Q1,P
Birmingham,907.0,Q1,P
Birmingham,504.0,Q1,P
Birmingham,100.0,Q1,P
Birmingham,84.0,Q2,P
Birmingham,144.0,Q2,P
Birmingham,82.0,Q2,P
Birmingham,88.0,Q2,P
Birmingham,154.0,Q2,P
Birmingham,168.0,Q2,P
Birmingham,513.0,Q2,P
Birmingham,47.0,Q2,P
Birmingham,164.0,Q3,P
Birmingham,69.0,Q3,P
Birmingham,193.0,Q3,P
Birmingham,222.0,Q3,P
Tokyo,329.0,Q1,P
Tokyo,171.0,Q1,P
Tokyo,342.0,Q1,P
Tokyo,298.0,Q1,P
Tokyo,476.0,Q1,P
Tokyo,372.0,Q1,P
Tokyo,404.0,Q1,P
Tokyo,351.0,Q1,P
Tokyo,331.0,Q1,P
Tokyo,243.0,Q1,P
Tokyo,211.0,Q1,P
Tokyo,312.0,Q1,P
Tokyo,224.0,Q2,P
Tokyo,154.0,Q2,P
Tokyo,387.0,Q2,P
Tokyo,185.0,Q2,P
Tokyo,65.0,Q2,P
Tokyo,315.0,Q2,P
Wuhan,147.0,Q1,P
Wuhan,787.0,Q1,P
Wuhan,70.0,Q1,P
Wuhan,211.0,Q1,P
Wuhan,76.0,Q1,P
Wuhan,59.0,Q1,P
Wuhan,81.0,Q1,P
Wuhan,178.0,Q1,P
Wuhan,204.0,Q1,P
Wuhan,57.0,Q1,P
Wuhan,111.0,Q1,P
Wuhan,140.0,Q1,P
Wuhan,133.0,Q1,P
Wuhan,137.0,Q1,P
Wuhan,93.0,Q1,P
Wuhan,41.0,Q1,P
Wuhan,82.0,Q2,P
Wuhan,212.0,Q2,P
Wuhan,417.0,Q2,P
Wuhan,125.0,Q2,P
Wuhan,131.0,Q2,P
Wuhan,87.0,Q2,P
Wuhan,73.0,Q2,P
Wuhan,186.0,Q2,P
St. Petersburg,81.0,Q1,P
St. Petersburg,241.0,Q1,P
St. Petersburg,184.0,Q1,P
St. Petersburg,69.0,Q1,P
St. Petersburg,149.0,Q1,P
St. Petersburg,967.0,Q1,P
St. Petersburg,158.0,Q1,P
St. Petersburg,75.0,Q1,P
St. Petersburg,84.0,Q1,P
St. Petersburg,390.0,Q1,P
St. Petersburg,141.0,Q1,P
St. Petersburg,188.0,Q1,P
St. Petersburg,137.0,Q1,P
St. Petersburg,364.0,Q1,P
St. Petersburg,173.0,Q1,P
St. Petersburg,193.0,Q2,P
St. Petersburg,115.0,Q2,P
St. Petersburg,167.0,Q2,P
St. Petersburg,125.0,Q2,P
St. Petersburg,172.0,Q2,P
St. Petersburg,113.0,Q2,P
St. Petersburg,94.0,Q2,P
St. Petersburg,78.0,Q2,P
St. Petersburg,185.0,Q3,P
St. Petersburg,98.0,Q3,P
St. Petersburg,76.0,Q3,P
St. Petersburg,133.0,Q3,P
Sydney,51.0,Q1,P
Sydney,67.0,Q1,P
Sydney,97.0,Q1,P
Sydney,76.0,Q1,P
Sydney,281.0,Q1,P
Sydney,244.0,Q1,P
Sydney,344.0,Q1,P
Sydney,39.0,Q1,P
Sydney,426.0,Q1,P
Sydney,1048.0,Q1,P
Sydney,400.0,Q1,P
Sydney,34.0,Q1,P
Sydney,65.0,Q1,P
Sydney,418.0,Q1,P
Sydney,1218.0,Q1,P
Sydney,1219.0,Q1,P
Sydney,94.0,Q2,P
Sydney,433.0,Q2,P
Sydney,84.0,Q2,P
Sydney,80.0,Q2,P
Sydney,582.0,Q2,P
Sydney,366.0,Q2,P
Sydney,250.0,Q2,P
Sydney,335.0,Q2,P
Sydney,86.0,Q3,P
Sydney,58.0,Q3,P
Sydney,48.0,Q3,P
Sydney,95.0,Q3,P
Rome,68.0,Q1,P
Rome,264.0,Q1,P
Rome,51.0,Q1,P
Rome,80.0,Q1,P
Rome,91.0,Q1,P
Rome,87.0,Q1,P
Rome,189.0,Q1,P
Rome,86.0,Q1,P
Rome,166.0,Q1,P
Rome,89.0,Q1,P
Rome,94.0,Q1,P
Rome,193.0,Q1,P
Rome,74.0,Q1,P
Rome,105.0,Q1,P
Rome,376.0,Q1,P
Rome,82.0,Q1,P
Rome,54.0,Q2,P
Rome,107.0,Q2,P
Rome,57.0,Q2,P
Rome,63.0,Q2,P
Rome,56.0,Q2,P
Rome,78.0,Q2,P
Rome,45.0,Q2,P
Rome,46.0,Q2,P
Moscow,192.0,Q1,P
Moscow,477.0,Q1,P
Moscow,184.0,Q1,P
Moscow,127.0,Q1,P
Moscow,186.0,Q1,P
Moscow,207.0,Q1,P
Moscow,157.0,Q1,P
Moscow,85.0,Q1,P
Moscow,298.0,Q1,P
Moscow,205.0,Q1,P
Moscow,214.0,Q1,P
Moscow,227.0,Q1,P
Moscow,401.0,Q1,P
Moscow,235.0,Q1,P
Moscow,233.0,Q1,P
Moscow,269.0,Q1,P
Moscow,128.0,Q2,P
Moscow,169.0,Q2,P
Moscow,132.0,Q2,P
Moscow,134.0,Q2,P
Moscow,587.0,Q2,P
Moscow,73.0,Q2,P
Moscow,122.0,Q2,P
Moscow,514.0,Q2,P
Moscow,170.0,Q3,P
Moscow,115.0,Q3,P
Moscow,182.0,Q3,P
Moscow,173.0,Q3,P
Eastbourne,101.0,Q3,P
Eastbourne,89.0,Q3,P
Eastbourne,825.0,Q3,P
Eastbourne,334.0,Q1,P
Eastbourne,352.0,Q1,P
Eastbourne,138.0,Q1,P
Eastbourne,77.0,Q1,P
Eastbourne,526.0,Q1,P
Eastbourne,73.0,Q1,P
Eastbourne,365.0,Q1,P
Eastbourne,119.0,Q1,P
Eastbourne,541.0,Q1,P
Eastbourne,82.0,Q2,P
Eastbourne,217.0,Q2,P
Eastbourne,142.0,Q2,P
Eastbourne,107.0,Q2,P
Eastbourne,70.0,Q2,P
Eastbourne,90.0,Q2,P
Brisbane,98.0,Q1,P
Brisbane,162.0,Q1,P
Brisbane,345.0,Q1,P
Brisbane,135.0,Q1,P
Brisbane,348.0,Q1,P
Brisbane,151.0,Q1,P
Brisbane,180.0,Q1,P
Brisbane,216.0,Q1,P
Brisbane,154.0,Q1,P
Brisbane,214.0,Q1,P
Brisbane,155.0,Q1,P
Brisbane,152.0,Q1,P
Brisbane,368.0,Q1,P
Brisbane,281.0,Q1,P
Brisbane,134.0,Q1,P
Brisbane,139.0,Q1,P
Brisbane,128.0,Q2,P
Brisbane,253.0,Q2,P
Brisbane,463.0,Q2,P
Brisbane,120.0,Q2,P
Brisbane,221.0,Q2,P
Brisbane,130.0,Q2,P
Brisbane,325.0,Q2,P
Brisbane,62.0,Q2,P
Brisbane,176.0,Q3,P
Brisbane,75.0,Q3,P
Brisbane,112.0,Q3,P
Brisbane,188.0,Q3,P
San Jose,387.0,Q1,P
San Jose,346.0,Q1,P
San Jose,408.0,Q1,P
San Jose,605.0,Q1,P
San Jose,235.0,Q1,P
San Jose,342.0,Q1,P
San Jose,629.0,Q1,P
San Jose,nan,Q1,P
San Jose,166.0,Q2,P
San Jose,135.0,Q2,P
San Jose,127.0,Q2,P
San Jose,222.0,Q2,P
Dubai,169.0,Q1,P
Dubai,nan,Q1,P
Dubai,164.0,Q1,P
Dubai,270.0,Q1,P
Dubai,138.0,Q1,P
Dubai,186.0,Q1,P
Dubai,174.0,Q1,P
Dubai,90.0,Q1,P
Dubai,461.0,Q1,P
Dubai,525.0,Q1,P
Dubai,163.0,Q1,P
Dubai,218.0,Q1,P
Dubai,291.0,Q1,P
Dubai,206.0,Q1,P
Dubai,188.0,Q1,P
Dubai,nan,Q1,P
Dubai,122.0,Q2,P
Dubai,136.0,Q2,P
Dubai,446.0,Q2,P
Dubai,162.0,Q2,P
Dubai,88.0,Q2,P
Dubai,85.0,Q2,P
Dubai,83.0,Q2,P
Dubai,130.0,Q2,P
Charleston,nan,Q1,P
Charleston,214.0,Q1,P
Charleston,510.0,Q1,P
Charleston,158.0,Q1,P
Charleston,180.0,Q1,P
Charleston,nan,Q1,P
Charleston,852.0,Q1,P
Charleston,321.0,Q1,P
Charleston,nan,Q1,P
Charleston,nan,Q1,P
Charleston,279.0,Q1,P
Charleston,509.0,Q1,P
Charleston,193.0,Q1,P
Charleston,nan,Q1,P
Charleston,188.0,Q1,P
Charleston,784.0,Q1,P
Charleston,197.0,Q2,P
Charleston,367.0,Q2,P
Charleston,153.0,Q2,P
Charleston,154.0,Q2,P
Charleston,148.0,Q2,P
Charleston,144.0,Q2,P
Charleston,627.0,Q2,P
Charleston,689.0,Q2,P
Toronto ,603.0,Q1,P
Toronto ,77.0,Q1,P
Toronto ,110.0,Q1,P
Toronto ,984.0,Q1,P
Toronto ,238.0,Q1,P
Toronto ,70.0,Q1,P
Toronto ,293.0,Q1,P
Toronto ,296.0,Q1,P
Toronto ,100.0,Q1,P
Toronto ,224.0,Q1,P
Toronto ,nan,Q1,P
Toronto ,472.0,Q1,P
Toronto ,137.0,Q1,P
Toronto ,150.0,Q1,P
Toronto ,116.0,Q1,P
Toronto ,1032.0,Q1,P
Toronto ,167.0,Q1,P
Toronto ,186.0,Q1,P
Toronto ,775.0,Q1,P
Toronto ,157.0,Q1,P
Toronto ,279.0,Q1,P
Toronto ,456.0,Q1,P
Toronto ,373.0,Q1,P
Toronto ,129.0,Q1,P
Toronto ,139.0,Q2,P
Toronto ,71.0,Q2,P
Toronto ,149.0,Q2,P
Toronto ,113.0,Q2,P
Toronto ,60.0,Q2,P
Toronto ,127.0,Q2,P
Toronto ,87.0,Q2,P
Toronto ,131.0,Q2,P
Toronto ,43.0,Q2,P
Toronto ,103.0,Q2,P
Toronto ,115.0,Q2,P
Toronto ,35.0,Q2,P
Doha,98.0,Q1,P
Doha,504.0,Q1,P
Doha,136.0,Q1,P
Doha,210.0,Q1,P
Doha,nan,Q1,P
Doha,63.0,Q1,P
Doha,80.0,Q1,P
Doha,163.0,Q1,P
Doha,130.0,Q1,P
Doha,144.0,Q1,P
Doha,528.0,Q1,P
Doha,nan,Q1,P
Doha,92.0,Q1,P
Doha,82.0,Q2,P
Doha,202.0,Q2,P
Doha,90.0,Q2,P
Doha,94.0,Q2,P
Doha,97.0,Q2,P
Doha,119.0,Q2,P
Doha,139.0,Q2,P
Doha,651.0,Q2,P
Doha,73.0,Q3,P
Doha,167.0,Q3,P
Doha,52.0,Q3,P
Doha,88.0,Q3,P
Stuttgart,155.0,Q1,P
Stuttgart,159.0,Q1,P
Stuttgart,687.0,Q1,P
Stuttgart,102.0,Q1,P
Stuttgart,342.0,Q1,P
Stuttgart,172.0,Q1,P
Stuttgart,298.0,Q1,P
Stuttgart,221.0,Q1,P
Stuttgart,145.0,Q1,P
Stuttgart,197.0,Q1,P
Stuttgart,140.0,Q1,P
Stuttgart,153.0,Q1,P
Stuttgart,229.0,Q1,P
Stuttgart,393.0,Q1,P
Stuttgart,208.0,Q1,P
Stuttgart,57.0,Q1,P
Stuttgart,121.0,Q2,P
Stuttgart,173.0,Q2,P
Stuttgart,183.0,Q2,P
Stuttgart,220.0,Q2,P
Stuttgart,110.0,Q2,P
Stuttgart,151.0,Q2,P
Stuttgart,200.0,Q2,P
Stuttgart,162.0,Q2,P
Stuttgart,169.0,Q3,P
Stuttgart,84.0,Q3,P
Stuttgart,193.0,Q3,P
Stuttgart,123.0,Q3,P
Birmingham,284.0,Q1,P
Birmingham,172.0,Q1,P
Birmingham,146.0,Q1,P
Birmingham,510.0,Q1,P
Birmingham,255.0,Q1,P
Birmingham,218.0,Q1,P
Birmingham,158.0,Q1,P
Birmingham,168.0,Q1,P
Birmingham,102.0,Q1,P
Birmingham,466.0,Q1,P
Birmingham,120.0,Q1,P
Birmingham,73.0,Q1,P
Birmingham,435.0,Q1,P
Birmingham,188.0,Q1,P
Birmingham,533.0,Q1,P
Birmingham,166.0,Q1,P
Birmingham,229.0,Q2,P
Birmingham,167.0,Q2,P
Birmingham,145.0,Q2,P
Birmingham,74.0,Q2,P
Birmingham,169.0,Q2,P
Birmingham,375.0,Q2,P
Birmingham,224.0,Q2,P
Birmingham,197.0,Q2,P
Birmingham,88.0,Q3,P
Birmingham,119.0,Q3,P
Birmingham,144.0,Q3,P
Birmingham,93.0,Q3,P
Wuhan,121.0,Q1,P
Wuhan,112.0,Q1,P
Wuhan,72.0,Q1,P
Wuhan,242.0,Q1,P
Wuhan,227.0,Q1,P
Wuhan,697.0,Q1,P
Wuhan,309.0,Q1,P
Wuhan,152.0,Q1,P
Wuhan,85.0,Q1,P
Wuhan,63.0,Q1,P
Wuhan,514.0,Q1,P
Wuhan,950.0,Q1,P
Wuhan,168.0,Q1,P
Wuhan,125.0,Q1,P
Wuhan,164.0,Q1,P
Wuhan,161.0,Q1,P
Wuhan,67.0,Q2,P
Wuhan,165.0,Q2,P
Wuhan,444.0,Q2,P
Wuhan,78.0,Q2,P
Wuhan,169.0,Q2,P
Wuhan,54.0,Q2,P
Wuhan,53.0,Q2,P
Wuhan,173.0,Q2,P
St. Petersburg,93.0,Q1,P
St. Petersburg,642.0,Q1,P
St. Petersburg,125.0,Q1,P
St. Petersburg,205.0,Q1,P
St. Petersburg,174.0,Q1,P
St. Petersburg,551.0,Q1,P
St. Petersburg,63.0,Q1,P
St. Petersburg,120.0,Q1,P
St. Petersburg,208.0,Q1,P
St. Petersburg,170.0,Q1,P
St. Petersburg,127.0,Q1,P
St. Petersburg,85.0,Q1,P
St. Petersburg,135.0,Q1,P
St. Petersburg,271.0,Q1,P
St. Petersburg,212.0,Q1,P
St. Petersburg,194.0,Q2,P
St. Petersburg,66.0,Q2,P
St. Petersburg,260.0,Q2,P
St. Petersburg,225.0,Q2,P
St. Petersburg,179.0,Q2,P
St. Petersburg,43.0,Q2,P
St. Petersburg,182.0,Q2,P
St. Petersburg,45.0,Q2,P
St. Petersburg,109.0,Q3,P
St. Petersburg,146.0,Q3,P
St. Petersburg,108.0,Q3,P
St. Petersburg,88.0,Q3,P
Zhengzhou,321.0,Q1,P
Zhengzhou,302.0,Q1,P
Zhengzhou,481.0,Q1,P
Zhengzhou,173.0,Q1,P
Zhengzhou,277.0,Q1,P
Zhengzhou,1250.0,Q1,P
Zhengzhou,293.0,Q1,P
Zhengzhou,164.0,Q1,P
Zhengzhou,747.0,Q1,P
Zhengzhou,253.0,Q1,P
Zhengzhou,535.0,Q1,P
Zhengzhou,160.0,Q1,P
Zhengzhou,725.0,Q1,P
Zhengzhou,678.0,Q1,P
Zhengzhou,729.0,Q1,P
Zhengzhou,210.0,Q2,P
Zhengzhou,286.0,Q2,P
Zhengzhou,215.0,Q2,P
Zhengzhou,342.0,Q2,P
Zhengzhou,244.0,Q2,P
Zhengzhou,229.0,Q2,P
Zhengzhou,181.0,Q2,P
Zhengzhou,424.0,Q2,P
Zhengzhou,nan,Q3,P
Zhengzhou,296.0,Q3,P
Zhengzhou,281.0,Q3,P
Zhengzhou,207.0,Q3,P
Sydney,60.0,Q1,P
Sydney,43.0,Q1,P
Sydney,85.0,Q1,P
Sydney,278.0,Q1,P
Sydney,284.0,Q1,P
Sydney,361.0,Q1,P
Sydney,193.0,Q1,P
Sydney,32.0,Q1,P
Sydney,358.0,Q1,P
Sydney,318.0,Q1,P
Sydney,348.0,Q1,P
Sydney,78.0,Q1,P
Sydney,249.0,Q2,P
Sydney,38.0,Q2,P
Sydney,71.0,Q2,P
Sydney,98.0,Q2,P
Sydney,69.0,Q2,P
Sydney,53.0,Q2,P
Rome,65.0,Q1,P
Rome,58.0,Q1,P
Rome,62.0,Q1,P
Rome,75.0,Q1,P
Rome,277.0,Q1,P
Rome,55.0,Q1,P
Rome,59.0,Q1,P
Rome,57.0,Q1,P
Rome,401.0,Q1,P
Rome,73.0,Q1,P
Rome,67.0,Q1,P
Rome,84.0,Q1,P
Rome,88.0,Q1,P
Rome,82.0,Q1,P
Rome,410.0,Q1,P
Rome,79.0,Q1,P
Rome,458.0,Q2,P
Rome,94.0,Q2,P
Rome,61.0,Q2,P
Rome,80.0,Q2,P
Rome,56.0,Q2,P
Rome,108.0,Q2,P
Rome,54.0,Q2,P
Rome,69.0,Q2,P
Eastbourne,85.0,Q1,P
Eastbourne,100.0,Q1,P
Eastbourne,79.0,Q1,P
Eastbourne,105.0,Q1,P
Eastbourne,273.0,Q1,P
Eastbourne,63.0,Q1,P
Eastbourne,256.0,Q1,P
Eastbourne,91.0,Q1,P
Eastbourne,476.0,Q1,P
Eastbourne,92.0,Q1,P
Eastbourne,93.0,Q1,P
Eastbourne,532.0,Q1,P
Eastbourne,98.0,Q2,P
Eastbourne,78.0,Q2,P
Eastbourne,75.0,Q2,P
Eastbourne,82.0,Q2,P
Eastbourne,89.0,Q2,P
Eastbourne,83.0,Q2,P
Brisbane,91.0,Q1,P
Brisbane,150.0,Q1,P
Brisbane,303.0,Q1,P
Brisbane,69.0,Q1,P
Brisbane,158.0,Q1,P
Brisbane,126.0,Q1,P
Brisbane,108.0,Q1,P
Brisbane,116.0,Q1,P
Brisbane,123.0,Q1,P
Brisbane,122.0,Q1,P
Brisbane,233.0,Q1,P
Brisbane,129.0,Q1,P
Brisbane,161.0,Q1,P
Brisbane,356.0,Q1,P
Brisbane,115.0,Q1,P
Brisbane,55.0,Q1,P
Brisbane,119.0,Q2,P
Brisbane,160.0,Q2,P
Brisbane,98.0,Q2,P
Brisbane,605.0,Q2,P
Brisbane,220.0,Q2,P
Brisbane,58.0,Q2,P
Brisbane,103.0,Q2,P
Brisbane,156.0,Q2,P
Brisbane,104.0,Q3,P
Brisbane,64.0,Q3,P
Brisbane,144.0,Q3,P
Brisbane,151.0,Q3,P
Cincinnati,64.0,Q1,P
Cincinnati,72.0,Q1,P
Cincinnati,299.0,Q1,P
Cincinnati,60.0,Q1,P
Cincinnati,73.0,Q1,P
Cincinnati,467.0,Q1,P
Cincinnati,58.0,Q1,P
Cincinnati,50.0,Q1,P
Cincinnati,136.0,Q1,P
Cincinnati,45.0,Q1,P
Cincinnati,188.0,Q1,P
Cincinnati,76.0,Q1,P
Cincinnati,152.0,Q1,P
Cincinnati,34.0,Q1,P
Cincinnati,59.0,Q1,P
Cincinnati,77.0,Q1,P
Cincinnati,486.0,Q2,P
Cincinnati,87.0,Q2,P
Cincinnati,52.0,Q2,P
Cincinnati,79.0,Q2,P
Cincinnati,56.0,Q2,P
Cincinnati,44.0,Q2,P
Cincinnati,85.0,Q2,P
Cincinnati,31.0,Q2,P
Brisbane,96.0,Q3,P
Brisbane,156.0,Q3,P
Brisbane,42.0,Q3,P
Brisbane,378.0,Q3,P
Brisbane,93.0,Q2,P
Brisbane,79.0,Q2,P
Brisbane,37.0,Q2,P
Brisbane,133.0,Q2,P
Brisbane,114.0,Q2,P
Brisbane,132.0,Q2,P
Brisbane,121.0,Q2,P
Brisbane,102.0,Q2,P
Brisbane,171.0,Q1,P
Brisbane,106.0,Q1,P
Brisbane,266.0,Q1,P
Brisbane,172.0,Q1,P
Brisbane,247.0,Q1,P
Brisbane,210.0,Q1,P
Brisbane,146.0,Q1,P
Brisbane,65.0,Q1,P
Brisbane,144.0,Q1,P
Brisbane,130.0,Q1,P
Brisbane,136.0,Q1,P
Brisbane,100.0,Q1,P
Brisbane,166.0,Q1,P
Brisbane,125.0,Q1,P
Brisbane,123.0,Q1,P
Brisbane,62.0,Q1,P
Adelaide,87.0,Q2,P
Adelaide,90.0,Q2,P
Adelaide,239.0,Q2,P
Adelaide,83.0,Q2,P
Adelaide,478.0,Q2,P
Adelaide,86.0,Q2,P
Adelaide,500.0,Q1,P
Adelaide,nan,Q1,P
Adelaide,54.0,Q1,P
Adelaide,787.0,Q1,P
Adelaide,317.0,Q1,P
Adelaide,94.0,Q1,P
Adelaide,740.0,Q1,P
Adelaide,177.0,Q1,P
Adelaide,nan,Q1,P
Adelaide,133.0,Q1,P
Adelaide,715.0,Q1,P
Adelaide,315.0,Q1,P
St. Petersburg,58.0,Q2,P
St. Petersburg,476.0,Q2,P
St. Petersburg,122.0,Q2,P
St. Petersburg,153.0,Q2,P
St. Petersburg,98.0,Q2,P
St. Petersburg,132.0,Q2,P
St. Petersburg,219.0,Q1,P
St. Petersburg,102.0,Q1,P
St. Petersburg,233.0,Q1,P
St. Petersburg,107.0,Q1,P
St. Petersburg,423.0,Q1,P
St. Petersburg,208.0,Q1,P
St. Petersburg,367.0,Q1,P
St. Petersburg,800.0,Q1,P
St. Petersburg,179.0,Q1,P
St. Petersburg,692.0,Q1,P
St. Petersburg,185.0,Q1,P
St. Petersburg,170.0,Q1,P
Dubai,59.0,Q3,P
Dubai,91.0,Q3,P
Dubai,48.0,Q3,P
Dubai,43.0,Q3,P
Dubai,389.0,Q3,P
Dubai,40.0,Q3,P
Dubai,36.0,Q2,P
Dubai,291.0,Q2,P
Dubai,30.0,Q2,P
Dubai,61.0,Q2,P
Dubai,153.0,Q2,P
Dubai,175.0,Q2,P
Dubai,71.0,Q2,P
Dubai,190.0,Q2,P
Dubai,157.0,Q2,P
Dubai,83.0,Q2,P
Dubai,116.0,Q2,P
Dubai,449.0,Q2,P
Dubai,102.0,Q1,P
Dubai,109.0,Q1,P
Dubai,137.0,Q1,P
Dubai,198.0,Q1,P
Dubai,88.0,Q1,P
Dubai,113.0,Q1,P
Dubai,714.0,Q1,P
Dubai,165.0,Q1,P
Dubai,37.0,Q1,P
Dubai,194.0,Q1,P
Dubai,105.0,Q1,P
Dubai,462.0,Q1,P
Dubai,96.0,Q1,P
Dubai,123.0,Q1,P
Dubai,117.0,Q1,P
Dubai,191.0,Q1,P
Dubai,597.0,Q1,P
Dubai,68.0,Q1,P
Dubai,94.0,Q1,P
Dubai,55.0,Q1,P
Dubai,166.0,Q1,P
Dubai,269.0,Q1,P
Dubai,67.0,Q1,P
Doha,98.0,Q2,P
Doha,115.0,Q2,P
Doha,100.0,Q2,P
Doha,89.0,Q2,P
Doha,164.0,Q2,P
Doha,119.0,Q2,P
Doha,176.0,Q2,P
Doha,105.0,Q2,P
Doha,180.0,Q1,P
Doha,615.0,Q1,P
Doha,59.0,Q1,P
Doha,469.0,Q1,P
Doha,375.0,Q1,P
Doha,133.0,Q1,P
Doha,65.0,Q1,P
Doha,276.0,Q1,P
Doha,109.0,Q1,P
Doha,101.0,Q1,P
Doha,123.0,Q1,P
Doha,92.0,Q1,P
Doha,nan,Q1,P
Doha,103.0,Q1,P
Doha,118.0,Q1,P
Doha,150.0,Q1,P
Cincinnati,95.0,Q2,P
Cincinnati,97.0,Q2,P
Cincinnati,120.0,Q2,P
Cincinnati,84.0,Q2,P
Cincinnati,136.0,Q2,P
Cincinnati,68.0,Q2,P
Cincinnati,88.0,Q2,P
Cincinnati,121.0,Q2,P
Cincinnati,126.0,Q2,P
Cincinnati,77.0,Q2,P
Cincinnati,94.0,Q2,P
Cincinnati,350.0,Q2,P
Cincinnati,103.0,Q1,P
Cincinnati,115.0,Q1,P
Cincinnati,62.0,Q1,P
Cincinnati,108.0,Q1,P
Cincinnati,63.0,Q1,P
Cincinnati,102.0,Q1,P
Cincinnati,66.0,Q1,P
Cincinnati,106.0,Q1,P
Cincinnati,99.0,Q1,P
Cincinnati,96.0,Q1,P
Cincinnati,349.0,Q1,P
Cincinnati,140.0,Q1,P
Cincinnati,113.0,Q1,P
Cincinnati,110.0,Q1,P
Cincinnati,74.0,Q1,P
Cincinnati,82.0,Q1,P
Cincinnati,75.0,Q1,P
Cincinnati,92.0,Q1,P
Cincinnati,597.0,Q1,P
Cincinnati,86.0,Q1,P
Cincinnati,78.0,Q1,P
Cincinnati,128.0,Q1,P
Cincinnati,107.0,Q1,P
Cincinnati,91.0,Q1,P
Rome,116.0,Q2,P
Rome,811.0,Q2,P
Rome,106.0,Q2,P
Rome,113.0,Q2,P
Rome,475.0,Q2,P
Rome,103.0,Q2,P
Rome,131.0,Q2,P
Rome,158.0,Q1,P
Rome,98.0,Q1,P
Rome,67.0,Q1,P
Rome,83.0,Q1,P
Rome,125.0,Q1,P
Rome,155.0,Q1,P
Rome,72.0,Q1,P
Rome,287.0,Q1,P
Rome,164.0,Q1,P
Rome,149.0,Q1,P
Rome,193.0,Q1,P
Rome,79.0,Q1,P
Rome,253.0,Q1,P
Ostrava,71.0,Q2,P
Ostrava,51.0,Q2,P
Ostrava,76.0,Q2,P
Ostrava,58.0,Q2,P
Ostrava,61.0,Q2,P
Ostrava,69.0,Q2,P
Ostrava,123.0,Q1,P
Ostrava,95.0,Q1,P
Ostrava,117.0,Q1,P
Ostrava,343.0,Q1,P
Ostrava,168.0,Q1,P
Ostrava,96.0,Q1,P
Ostrava,107.0,Q1,P
Ostrava,101.0,Q1,P
Ostrava,87.0,Q1,P
Ostrava,92.0,Q1,P
Ostrava,62.0,Q1,P
Ostrava,88.0,Q1,P
Abu Dhabi,309.0,Q2,P
Abu Dhabi,537.0,Q2,P
Abu Dhabi,263.0,Q2,P
Abu Dhabi,269.0,Q2,P
Abu Dhabi,549.0,Q2,P
Abu Dhabi,294.0,Q2,P
Abu Dhabi,278.0,Q2,P
Abu Dhabi,305.0,Q2,P
Abu Dhabi,256.0,Q1,P
Abu Dhabi,353.0,Q1,P
Abu Dhabi,894.0,Q1,P
Abu Dhabi,475.0,Q1,P
Abu Dhabi,658.0,Q1,P
Abu Dhabi,331.0,Q1,P
Abu Dhabi,730.0,Q1,P
Abu Dhabi,354.0,Q1,P
Abu Dhabi,272.0,Q1,P
Abu Dhabi,314.0,Q1,P
Abu Dhabi,659.0,Q1,P
Abu Dhabi,366.0,Q1,P
Abu Dhabi,320.0,Q1,P
Abu Dhabi,282.0,Q1,P
Abu Dhabi,280.0,Q1,P
Abu Dhabi,387.0,Q1,P
Abu Dhabi,309.0,Q2,P
Abu Dhabi,537.0,Q2,P
Abu Dhabi,263.0,Q2,P
Abu Dhabi,269.0,Q2,P
Abu Dhabi,549.0,Q2,P
Abu Dhabi,294.0,Q2,P
Abu Dhabi,278.0,Q2,P
Abu Dhabi,305.0,Q2,P
Abu Dhabi,256.0,Q1,P
Abu Dhabi,353.0,Q1,P
Abu Dhabi,894.0,Q1,P
Abu Dhabi,475.0,Q1,P
Abu Dhabi,658.0,Q1,P
Abu Dhabi,331.0,Q1,P
Abu Dhabi,730.0,Q1,P
Abu Dhabi,354.0,Q1,P
Abu Dhabi,272.0,Q1,P
Abu Dhabi,314.0,Q1,P
Abu Dhabi,659.0,Q1,P
Abu Dhabi,366.0,Q1,P
Abu Dhabi,320.0,Q1,P
Abu Dhabi,282.0,Q1,P
Abu Dhabi,280.0,Q1,P
Abu Dhabi,387.0,Q1,P
Adelaide,91.0,Q2,P
Adelaide,85.0,Q2,P
Adelaide,233.0,Q2,P
Adelaide,86.0,Q2,P
Adelaide,135.0,Q2,P
Adelaide,206.0,Q1,P
Adelaide,140.0,Q1,P
Adelaide,65.0,Q1,P
Adelaide,374.0,Q1,P
Adelaide,384.0,Q1,P
Adelaide,208.0,Q1,P
Adelaide,101.0,Q1,P
Adelaide,171.0,Q1,P
Adelaide,701.0,Q1,P
Adelaide,203.0,Q1,P
Adelaide,145.0,Q1,P
Doha,83.0,Q3,P
Doha,146.0,Q3,P
Doha,299.0,Q3,P
Doha,166.0,Q3,P
Doha,88.0,Q2,P
Doha,320.0,Q2,P
Doha,164.0,Q2,P
Doha,68.0,Q2,P
Doha,1029.0,Q2,P
Doha,503.0,Q2,P
Doha,63.0,Q2,P
Doha,99.0,Q2,P
Doha,496.0,Q1,P
Doha,237.0,Q1,P
Doha,427.0,Q1,P
Doha,469.0,Q1,P
Doha,nan,Q1,P
Doha,570.0,Q1,P
Doha,249.0,Q1,P
Doha,147.0,Q1,P
Doha,61.0,Q1,P
Doha,425.0,Q1,P
Doha,nan,Q1,P
Doha,180.0,Q1,P
Doha,90.0,Q1,P
Doha,300.0,Q1,P
Doha,295.0,Q1,P
Doha,1261.0,Q1,P
Dubai,146.0,Q2,P
Dubai,151.0,Q2,P
Dubai,77.0,Q2,P
Dubai,90.0,Q2,P
Dubai,180.0,Q2,P
Dubai,152.0,Q2,P
Dubai,140.0,Q2,P
Dubai,225.0,Q2,P
Dubai,457.0,Q1,P
Dubai,424.0,Q1,P
Dubai,290.0,Q1,P
Dubai,496.0,Q1,P
Dubai,161.0,Q1,P
Dubai,147.0,Q1,P
Dubai,172.0,Q1,P
Dubai,165.0,Q1,P
Dubai,100.0,Q1,P
Dubai,430.0,Q1,P
Dubai,179.0,Q1,P
Dubai,160.0,Q1,P
Dubai,200.0,Q1,P
Dubai,470.0,Q1,P
Dubai,129.0,Q1,P
Dubai,148.0,Q1,P
St. Petersburg,176.0,Q2,P
St. Petersburg,540.0,Q2,P
St. Petersburg,350.0,Q2,P
St. Petersburg,228.0,Q2,P
St. Petersburg,161.0,Q2,P
St. Petersburg,181.0,Q2,P
St. Petersburg,714.0,Q1,P
St. Petersburg,234.0,Q1,P
St. Petersburg,271.0,Q1,P
St. Petersburg,201.0,Q1,P
St. Petersburg,147.0,Q1,P
St. Petersburg,200.0,Q1,P
St. Petersburg,148.0,Q1,P
St. Petersburg,248.0,Q1,P
St. Petersburg,213.0,Q1,P
St. Petersburg,662.0,Q1,P
St. Petersburg,207.0,Q1,P
St. Petersburg,209.0,Q1,P
Miami,112.0,Q2,P
Miami,125.0,Q2,P
Miami,143.0,Q2,P
Miami,94.0,Q2,P
Miami,97.0,Q2,P
Miami,99.0,Q2,P
Miami,292.0,Q2,P
Miami,121.0,Q2,P
Miami,148.0,Q2,P
Miami,110.0,Q2,P
Miami,104.0,Q2,P
Miami,108.0,Q2,P
Miami,76.0,Q1,P
Miami,159.0,Q1,P
Miami,72.0,Q1,P
Miami,154.0,Q1,P
Miami,92.0,Q1,P
Miami,119.0,Q1,P
Miami,158.0,Q1,P
Miami,231.0,Q1,P
Miami,168.0,Q1,P
Miami,313.0,Q1,P
Miami,498.0,Q1,P
Miami,152.0,Q1,P
Miami,515.0,Q1,P
Miami,111.0,Q1,P
Miami,101.0,Q1,P
Miami,151.0,Q1,P
Miami,103.0,Q1,P
Miami,145.0,Q1,P
Miami,106.0,Q1,P
Miami,130.0,Q1,P
Miami,737.0,Q1,P
Miami,129.0,Q1,P
Miami,157.0,Q1,P
Miami,190.0,Q1,P
Charleston 1,149.0,Q2,P
Charleston 1,242.0,Q2,P
Charleston 1,147.0,Q2,P
Charleston 1,320.0,Q2,P
Charleston 1,155.0,Q2,P
Charleston 1,168.0,Q2,P
Charleston 1,258.0,Q2,P
Charleston 1,189.0,Q2,P
Charleston 1,1122.0,Q1,P
Charleston 1,305.0,Q1,P
Charleston 1,139.0,Q1,P
Charleston 1,298.0,Q1,P
Charleston 1,698.0,Q1,P
Charleston 1,477.0,Q1,P
Charleston 1,nan,Q1,P
Charleston 1,238.0,Q1,P
Charleston 1,315.0,Q1,P
Charleston 1,499.0,Q1,P
Charleston 1,1357.0,Q1,P
Charleston 1,261.0,Q1,P
Charleston 1,418.0,Q1,P
Charleston 1,179.0,Q1,P
Charleston 1,nan,Q1,P
Charleston 1,430.0,Q1,P
Stuttgart,788.0,Q2,P
Stuttgart,98.0,Q2,P
Stuttgart,476.0,Q2,P
Stuttgart,215.0,Q2,P
Stuttgart,246.0,Q2,P
Stuttgart,137.0,Q2,P
Stuttgart,89.0,Q1,P
Stuttgart,203.0,Q1,P
Stuttgart,267.0,Q1,P
Stuttgart,304.0,Q1,P
Stuttgart,274.0,Q1,P
Stuttgart,206.0,Q1,P
Stuttgart,303.0,Q1,P
Stuttgart,205.0,Q1,P
Stuttgart,396.0,Q1,P
Stuttgart,219.0,Q1,P
Stuttgart,947.0,Q1,P
Stuttgart,202.0,Q1,P
Madrid,77.0,Q2,P
Madrid,76.0,Q2,P
Madrid,92.0,Q2,P
Madrid,136.0,Q2,P
Madrid,63.0,Q2,P
Madrid,65.0,Q2,P
Madrid,89.0,Q2,P
Madrid,82.0,Q2,P
Madrid,115.0,Q2,P
Madrid,127.0,Q2,P
Madrid,73.0,Q2,P
Madrid,205.0,Q2,P
Madrid,116.0,Q1,P
Madrid,98.0,Q1,P
Madrid,716.0,Q1,P
Madrid,96.0,Q1,P
Madrid,109.0,Q1,P
Madrid,640.0,Q1,P
Madrid,60.0,Q1,P
Madrid,176.0,Q1,P
Madrid,782.0,Q1,P
Madrid,233.0,Q1,P
Madrid,147.0,Q1,P
Madrid,99.0,Q1,P
Madrid,66.0,Q1,P
Madrid,100.0,Q1,P
Madrid,67.0,Q1,P
Madrid,117.0,Q1,P
Madrid,68.0,Q1,P
Madrid,85.0,Q1,P
Madrid,69.0,Q1,P
Madrid,104.0,Q1,P
Madrid,105.0,Q1,P
Madrid,122.0,Q1,P
Madrid,72.0,Q1,P
Madrid,103.0,Q1,P
Berlin,122.0,Q2,P
Berlin,242.0,Q2,P
Berlin,109.0,Q2,P
Berlin,123.0,Q2,P
Berlin,176.0,Q2,P
Berlin,131.0,Q2,P
Berlin,68.0,Q1,P
Berlin,190.0,Q1,P
Berlin,88.0,Q1,P
Berlin,144.0,Q1,P
Berlin,187.0,Q1,P
Berlin,155.0,Q1,P
Berlin,104.0,Q1,P
Berlin,842.0,Q1,P
Berlin,101.0,Q1,P
Berlin,150.0,Q1,P
Berlin,695.0,Q1,P
Berlin,nan,Q1,P
Montreal,150.0,Q2,P
Montreal,57.0,Q2,P
Montreal,87.0,Q2,P
Montreal,67.0,Q2,P
Montreal,69.0,Q2,P
Montreal,140.0,Q2,P
Montreal,137.0,Q2,P
Montreal,104.0,Q2,P
Montreal,923.0,Q1,P
Montreal,116.0,Q1,P
Montreal,nan,Q1,P
Montreal,784.0,Q1,P
Montreal,nan,Q1,P
Montreal,142.0,Q1,P
Montreal,310.0,Q1,P
Montreal,494.0,Q1,P
Montreal,nan,Q1,P
Montreal,nan,Q1,P
Montreal,358.0,Q1,P
Montreal,1124.0,Q1,P
Montreal,147.0,Q1,P
Montreal,1013.0,Q1,P
Montreal,83.0,Q1,P
Montreal,744.0,Q1,P
Cincinnati,73.0,Q2,P
Cincinnati,77.0,Q2,P
Cincinnati,81.0,Q2,P
Cincinnati,59.0,Q2,P
Cincinnati,97.0,Q2,P
Cincinnati,55.0,Q2,P
Cincinnati,65.0,Q2,P
Cincinnati,110.0,Q2,P
Cincinnati,47.0,Q1,P
Cincinnati,245.0,Q1,P
Cincinnati,447.0,Q1,P
Cincinnati,85.0,Q1,P
Cincinnati,84.0,Q1,P
Cincinnati,72.0,Q1,P
Cincinnati,116.0,Q1,P
Cincinnati,190.0,Q1,P
Cincinnati,138.0,Q1,P
Cincinnati,382.0,Q1,P
Cincinnati,106.0,Q1,P
Cincinnati,62.0,Q1,P
Cincinnati,54.0,Q1,P
Cincinnati,327.0,Q1,P
Cincinnati,60.0,Q1,P
Cincinnati,75.0,Q1,P
Ostrava,34.0,Q2,P
Ostrava,159.0,Q2,P
Ostrava,82.0,Q2,P
Ostrava,108.0,Q2,P
Ostrava,88.0,Q2,P
Ostrava,126.0,Q2,P
Ostrava,961.0,Q1,P
Ostrava,121.0,Q1,P
Ostrava,476.0,Q1,P
Ostrava,115.0,Q1,P
Ostrava,282.0,Q1,P
Ostrava,130.0,Q1,P
Ostrava,78.0,Q1,P
Ostrava,729.0,Q1,P
Ostrava,1282.0,Q1,P
Ostrava,453.0,Q1,P
Ostrava,nan,Q1,P
Ostrava,nan,Q1,P
Chicago 2,366.0,Q2,P
Chicago 2,164.0,Q2,P
Chicago 2,203.0,Q2,P
Chicago 2,136.0,Q2,P
Chicago 2,158.0,Q2,P
Chicago 2,234.0,Q2,P
Chicago 2,185.0,Q2,P
Chicago 2,141.0,Q2,P
Chicago 2,271.0,Q1,P
Chicago 2,242.0,Q1,P
Chicago 2,1370.0,Q1,P
Chicago 2,851.0,Q1,P
Chicago 2,942.0,Q1,P
Chicago 2,577.0,Q1,P
Chicago 2,nan,Q1,P
Chicago 2,417.0,Q1,P
Chicago 2,341.0,Q1,P
Chicago 2,1132.0,Q1,P
Chicago 2,293.0,Q1,P
Chicago 2,245.0,Q1,P
Chicago 2,351.0,Q1,P
Chicago 2,444.0,Q1,P
Chicago 2,331.0,Q1,P
Indian Wells,63.0,Q2,P
Indian Wells,695.0,Q2,P
Indian Wells,153.0,Q2,P
Indian Wells,390.0,Q2,P
Indian Wells,157.0,Q2,P
Indian Wells,138.0,Q2,P
Indian Wells,112.0,Q2,P
Indian Wells,232.0,Q2,P
Indian Wells,115.0,Q2,P
Indian Wells,201.0,Q2,P
Indian Wells,127.0,Q2,P
Indian Wells,163.0,Q2,P
Indian Wells,166.0,Q1,P
Indian Wells,216.0,Q1,P
Indian Wells,168.0,Q1,P
Indian Wells,155.0,Q1,P
Indian Wells,566.0,Q1,P
Indian Wells,228.0,Q1,P
Indian Wells,639.0,Q1,P
Indian Wells,145.0,Q1,P
Indian Wells,167.0,Q1,P
Indian Wells,194.0,Q1,P
Indian Wells,170.0,Q1,P
Indian Wells,190.0,Q1,P
Indian Wells,322.0,Q1,P
Indian Wells,143.0,Q1,P
Indian Wells,116.0,Q1,P
Indian Wells,199.0,Q1,P
Indian Wells,191.0,Q1,P
Indian Wells,154.0,Q1,P
Indian Wells,117.0,Q1,P
Indian Wells,169.0,Q1,P
Indian Wells,184.0,Q1,P
Indian Wells,172.0,Q1,P
Indian Wells,223.0,Q1,P
Moscow,373.0,Q2,P
Moscow,nan,Q2,P
Moscow,136.0,Q2,P
Moscow,266.0,Q2,P
Moscow,135.0,Q2,P
Moscow,133.0,Q2,P
Moscow,420.0,Q1,P
Moscow,148.0,Q1,P
Moscow,117.0,Q1,P
Moscow,160.0,Q1,P
Moscow,164.0,Q1,P
Moscow,143.0,Q1,P
Moscow,111.0,Q1,P
Moscow,152.0,Q1,P
Moscow,185.0,Q1,P
Moscow,174.0,Q1,P
Moscow,161.0,Q1,P
Moscow,176.0,Q1,P
Adelaide 1,154.0,Q2,P
Adelaide 1,207.0,Q2,P
Adelaide 1,215.0,Q2,P
Adelaide 1,149.0,Q2,P
Adelaide 1,1467.0,Q2,P
Adelaide 1,147.0,Q2,P
Adelaide 1,201.0,Q1,P
Adelaide 1,211.0,Q1,P
Adelaide 1,140.0,Q1,P
Adelaide 1,441.0,Q1,P
Adelaide 1,451.0,Q1,P
Adelaide 1,170.0,Q1,P
Adelaide 1,142.0,Q1,P
Adelaide 1,177.0,Q1,P
Adelaide 1,145.0,Q1,P
Adelaide 1,175.0,Q1,P
Adelaide 1,284.0,Q1,P
Adelaide 1,151.0,Q1,P
Sydney,726.0,Q2,P
Sydney,594.0,Q2,P
Sydney,104.0,Q2,P
Sydney,96.0,Q2,P
Sydney,94.0,Q2,P
Sydney,117.0,Q2,P
Sydney,915.0,Q1,P
Sydney,597.0,Q1,P
Sydney,nan,Q1,P
Sydney,733.0,Q1,P
Sydney,766.0,Q1,P
Sydney,nan,Q1,P
Sydney,1364.0,Q1,P
Sydney,765.0,Q1,P
Sydney,781.0,Q1,P
Sydney,nan,Q1,P
Sydney,98.0,Q1,P
Sydney,nan,Q1,P
St. Petersburg,100.0,Q3,P
St. Petersburg,161.0,Q3,P
St. Petersburg,101.0,Q3,P
St. Petersburg,304.0,Q3,P
St. Petersburg,132.0,Q2,P
St. Petersburg,306.0,Q2,P
St. Petersburg,103.0,Q2,P
St. Petersburg,421.0,Q2,P
St. Petersburg,121.0,Q2,P
St. Petersburg,280.0,Q2,P
St. Petersburg,244.0,Q2,P
St. Petersburg,147.0,Q2,P
St. Petersburg,201.0,Q1,P
St. Petersburg,nan,Q1,P
St. Petersburg,126.0,Q1,P
St. Petersburg,109.0,Q1,P
St. Petersburg,78.0,Q1,P
St. Petersburg,273.0,Q1,P
St. Petersburg,245.0,Q1,P
St. Petersburg,123.0,Q1,P
St. Petersburg,296.0,Q1,P
St. Petersburg,873.0,Q1,P
St. Petersburg,130.0,Q1,P
St. Petersburg,114.0,Q1,P
St. Petersburg,84.0,Q1,P
St. Petersburg,224.0,Q1,P
St. Petersburg,143.0,Q1,P
St. Petersburg,98.0,Q1,P
Dubai,35.0,Q3,P
Dubai,60.0,Q3,P
Dubai,126.0,Q3,P
Dubai,69.0,Q3,P
Dubai,42.0,Q3,P
Dubai,39.0,Q3,P
Dubai,324.0,Q2,P
Dubai,125.0,Q2,P
Dubai,33.0,Q2,P
Dubai,87.0,Q2,P
Dubai,34.0,Q2,P
Dubai,104.0,Q2,P
Dubai,36.0,Q2,P
Dubai,71.0,Q2,P
Dubai,94.0,Q2,P
Dubai,99.0,Q2,P
Dubai,83.0,Q2,P
Dubai,46.0,Q2,P
Dubai,122.0,Q1,P
Dubai,280.0,Q1,P
Dubai,145.0,Q1,P
Dubai,67.0,Q1,P
Dubai,81.0,Q1,P
Dubai,335.0,Q1,P
Dubai,95.0,Q1,P
Dubai,41.0,Q1,P
Dubai,77.0,Q1,P
Dubai,281.0,Q1,P
Dubai,216.0,Q1,P
Dubai,100.0,Q1,P
Dubai,368.0,Q1,P
Dubai,111.0,Q1,P
Dubai,602.0,Q1,P
Dubai,538.0,Q1,P
Dubai,153.0,Q1,P
Dubai,98.0,Q1,P
Dubai,66.0,Q1,P
Dubai,57.0,Q1,P
Dubai,388.0,Q1,P
Dubai,155.0,Q1,P
Dubai,574.0,Q1,P
Doha,91.0,Q2,P
Doha,81.0,Q2,P
Doha,328.0,Q2,P
Doha,203.0,Q2,P
Doha,71.0,Q2,P
Doha,66.0,Q2,P
Doha,69.0,Q2,P
Doha,75.0,Q2,P
Doha,nan,Q1,P
Doha,160.0,Q1,P
Doha,215.0,Q1,P
Doha,183.0,Q1,P
Doha,99.0,Q1,P
Doha,84.0,Q1,P
Doha,102.0,Q1,P
Doha,82.0,Q1,P
Doha,282.0,Q1,P
Doha,124.0,Q1,P
Doha,117.0,Q1,P
Doha,92.0,Q1,P
Doha,98.0,Q1,P
Doha,346.0,Q1,P
Doha,107.0,Q1,P
Doha,123.0,Q1,P
Indian Wells,126.0,Q2,P
Indian Wells,106.0,Q2,P
Indian Wells,141.0,Q2,P
Indian Wells,168.0,Q2,P
Indian Wells,90.0,Q2,P
Indian Wells,148.0,Q2,P
Indian Wells,88.0,Q2,P
Indian Wells,333.0,Q2,P
Indian Wells,96.0,Q2,P
Indian Wells,118.0,Q2,P
Indian Wells,155.0,Q2,P
Indian Wells,101.0,Q2,P
Indian Wells,80.0,Q1,P
Indian Wells,134.0,Q1,P
Indian Wells,281.0,Q1,P
Indian Wells,137.0,Q1,P
Indian Wells,248.0,Q1,P
Indian Wells,116.0,Q1,P
Indian Wells,82.0,Q1,P
Indian Wells,109.0,Q1,P
Indian Wells,525.0,Q1,P
Indian Wells,84.0,Q1,P
Indian Wells,120.0,Q1,P
Indian Wells,152.0,Q1,P
Indian Wells,112.0,Q1,P
Indian Wells,92.0,Q1,P
Indian Wells,184.0,Q1,P
Indian Wells,145.0,Q1,P
Indian Wells,313.0,Q1,P
Indian Wells,227.0,Q1,P
Indian Wells,165.0,Q1,P
Indian Wells,98.0,Q1,P
Indian Wells,136.0,Q1,P
Indian Wells,142.0,Q1,P
Indian Wells,124.0,Q1,P
Miami,163.0,Q2,P
Miami,156.0,Q2,P
Miami,109.0,Q2,P
Miami,254.0,Q2,P
Miami,135.0,Q2,P
Miami,140.0,Q2,P
Miami,174.0,Q2,P
Miami,91.0,Q2,P
Miami,153.0,Q2,P
Miami,124.0,Q2,P
Miami,155.0,Q2,P
Miami,102.0,Q2,P
Miami,58.0,Q1,P
Miami,169.0,Q1,P
Miami,308.0,Q1,P
Miami,111.0,Q1,P
Miami,80.0,Q1,P
Miami,211.0,Q1,P
Miami,88.0,Q1,P
Miami,99.0,Q1,P
Miami,90.0,Q1,P
Miami,183.0,Q1,P
Miami,262.0,Q1,P
Miami,118.0,Q1,P
Miami,184.0,Q1,P
Miami,104.0,Q1,P
Miami,139.0,Q1,P
Miami,126.0,Q1,P
Miami,229.0,Q1,P
Miami,106.0,Q1,P
Miami,148.0,Q1,P
Miami,129.0,Q1,P
Miami,98.0,Q1,P
Miami,114.0,Q1,P
Miami,138.0,Q1,P
Miami,142.0,Q1,P
Charleston,105.0,Q2,P
Charleston,271.0,Q2,P
Charleston,168.0,Q2,P
Charleston,294.0,Q2,P
Charleston,332.0,Q2,P
Charleston,179.0,Q2,P
Charleston,192.0,Q2,P
Charleston,1572.0,Q2,P
Charleston,461.0,Q1,P
Charleston,nan,Q1,P
Charleston,156.0,Q1,P
Charleston,829.0,Q1,P
Charleston,517.0,Q1,P
Charleston,369.0,Q1,P
Charleston,307.0,Q1,P
Charleston,nan,Q1,P
Charleston,173.0,Q1,P
Charleston,269.0,Q1,P
Charleston,295.0,Q1,P
Charleston,570.0,Q1,P
Charleston,596.0,Q1,P
Charleston,908.0,Q1,P
Charleston,622.0,Q1,P
Charleston,240.0,Q1,P
Stuttgart,243.0,Q2,P
Stuttgart,156.0,Q2,P
Stuttgart,118.0,Q2,P
Stuttgart,145.0,Q2,P
Stuttgart,81.0,Q1,P
Stuttgart,129.0,Q1,P
Stuttgart,208.0,Q1,P
Stuttgart,262.0,Q1,P
Stuttgart,253.0,Q1,P
Stuttgart,974.0,Q1,P
Stuttgart,124.0,Q1,P
Stuttgart,206.0,Q1,P
Madrid,84.0,Q2,P
Madrid,114.0,Q2,P
Madrid,107.0,Q2,P
Madrid,81.0,Q2,P
Madrid,56.0,Q2,P
Madrid,80.0,Q2,P
Madrid,99.0,Q2,P
Madrid,96.0,Q2,P
Madrid,82.0,Q2,P
Madrid,65.0,Q2,P
Madrid,79.0,Q2,P
Madrid,103.0,Q2,P
Madrid,109.0,Q1,P
Madrid,97.0,Q1,P
Madrid,50.0,Q1,P
Madrid,146.0,Q1,P
Madrid,54.0,Q1,P
Madrid,90.0,Q1,P
Madrid,102.0,Q1,P
Madrid,131.0,Q1,P
Madrid,136.0,Q1,P
Madrid,323.0,Q1,P
Madrid,91.0,Q1,P
Madrid,441.0,Q1,P
Madrid,61.0,Q1,P
Madrid,134.0,Q1,P
Madrid,118.0,Q1,P
Madrid,88.0,Q1,P
Madrid,94.0,Q1,P
Madrid,98.0,Q1,P
Madrid,242.0,Q1,P
Madrid,83.0,Q1,P
Madrid,394.0,Q1,P
Madrid,101.0,Q1,P
Madrid,126.0,Q1,P
Madrid,87.0,Q1,P
Rome,67.0,Q2,P
Rome,86.0,Q2,P
Rome,64.0,Q2,P
Rome,51.0,Q2,P
Rome,61.0,Q2,P
Rome,57.0,Q2,P
Rome,198.0,Q2,P
Rome,130.0,Q2,P
Rome,191.0,Q1,P
Rome,190.0,Q1,P
Rome,823.0,Q1,P
Rome,297.0,Q1,P
Rome,464.0,Q1,P
Rome,541.0,Q1,P
Rome,275.0,Q1,P
Rome,nan,Q1,P
Rome,148.0,Q1,P
Rome,267.0,Q1,P
Rome,187.0,Q1,P
Rome,406.0,Q1,P
Rome,211.0,Q1,P
Rome,97.0,Q1,P
Rome,208.0,Q1,P
Rome,254.0,Q1,P
Berlin,225.0,Q2,P
Berlin,988.0,Q2,P
Berlin,227.0,Q2,P
Berlin,113.0,Q2,P
Berlin,196.0,Q2,P
Berlin,210.0,Q2,P
Berlin,328.0,Q1,P
Berlin,172.0,Q1,P
Berlin,812.0,Q1,P
Berlin,153.0,Q1,P
Berlin,318.0,Q1,P
Berlin,155.0,Q1,P
Berlin,218.0,Q1,P
Berlin,277.0,Q1,P
Berlin,251.0,Q1,P
Berlin,854.0,Q1,P
Berlin,222.0,Q1,P
Berlin,317.0,Q1,P
Eastbourne,206.0,Q2,P
Eastbourne,128.0,Q2,P
Eastbourne,120.0,Q2,P
Eastbourne,107.0,Q2,P
Eastbourne,nan,Q1,P
Eastbourne,96.0,Q1,P
Eastbourne,345.0,Q1,P
Eastbourne,118.0,Q1,P
Eastbourne,328.0,Q1,P
Eastbourne,475.0,Q1,P
Eastbourne,178.0,Q1,P
Eastbourne,543.0,Q1,P
San Jose,21.0,Q2,P
San Jose,212.0,Q2,P
San Jose,249.0,Q2,P
San Jose,168.0,Q2,P
San Jose,246.0,Q1,P
San Jose,200.0,Q1,P
San Jose,107.0,Q1,P
San Jose,182.0,Q1,P
San Jose,121.0,Q1,P
San Jose,185.0,Q1,P
San Jose,144.0,Q1,P
San Jose,254.0,Q1,P
Toronto,100.0,Q2,P
Toronto,57.0,Q2,P
Toronto,109.0,Q2,P
Toronto,251.0,Q2,P
Toronto,nan,Q2,P
Toronto,82.0,Q2,P
Toronto,86.0,Q2,P
Toronto,756.0,Q2,P
Toronto,236.0,Q1,P
Toronto,116.0,Q1,P
Toronto,1206.0,Q1,P
Toronto,88.0,Q1,P
Toronto,255.0,Q1,P
Toronto,216.0,Q1,P
Toronto,191.0,Q1,P
Toronto,248.0,Q1,P
Toronto,169.0,Q1,P
Toronto,521.0,Q1,P
Toronto,108.0,Q1,P
Toronto,214.0,Q1,P
Toronto,nan,Q1,P
Toronto,163.0,Q1,P
Toronto,227.0,Q1,P
Toronto,83.0,Q1,P
Cincinnati,70.0,Q2,P
Cincinnati,106.0,Q2,P
Cincinnati,86.0,Q2,P
Cincinnati,54.0,Q2,P
Cincinnati,62.0,Q2,P
Cincinnati,56.0,Q2,P
Cincinnati,356.0,Q2,P
Cincinnati,105.0,Q2,P
Cincinnati,34.0,Q1,P
Cincinnati,154.0,Q1,P
Cincinnati,78.0,Q1,P
Cincinnati,77.0,Q1,P
Cincinnati,92.0,Q1,P
Cincinnati,68.0,Q1,P
Cincinnati,94.0,Q1,P
Cincinnati,93.0,Q1,P
Cincinnati,47.0,Q1,P
Cincinnati,83.0,Q1,P
Cincinnati,104.0,Q1,P
Cincinnati,80.0,Q1,P
Cincinnati,55.0,Q1,P
Cincinnati,60.0,Q1,P
Cincinnati,52.0,Q1,P
Cincinnati,67.0,Q1,P
Tokyo,358.0,Q2,P
Tokyo,301.0,Q2,P
Tokyo,174.0,Q2,P
Tokyo,357.0,Q2,P
Tokyo,235.0,Q2,P
Tokyo,222.0,Q2,P
Tokyo,157.0,Q1,P
Tokyo,247.0,Q1,P
Tokyo,490.0,Q1,P
Tokyo,620.0,Q1,P
Tokyo,644.0,Q1,P
Tokyo,400.0,Q1,P
Tokyo,438.0,Q1,P
Tokyo,nan,Q1,P
Tokyo,nan,Q1,P
Tokyo,nan,Q1,P
Tokyo,521.0,Q1,P
Tokyo,927.0,Q1,P
Ostrava,343.0,Q2,P
Ostrava,313.0,Q2,P
Ostrava,170.0,Q2,P
Ostrava,107.0,Q2,P
Ostrava,87.0,Q2,P
Ostrava,98.0,Q2,P
Ostrava,174.0,Q1,P
Ostrava,115.0,Q1,P
Ostrava,240.0,Q1,P
Ostrava,97.0,Q1,P
Ostrava,179.0,Q1,P
Ostrava,163.0,Q1,P
Ostrava,59.0,Q1,P
Ostrava,nan,Q1,P
Ostrava,521.0,Q1,P
Ostrava,100.0,Q1,P
Ostrava,142.0,Q1,P
Ostrava,165.0,Q1,P
San Diego,58.0,Q2,P
San Diego,43.0,Q2,P
San Diego,28.0,Q2,P
San Diego,198.0,Q2,P
San Diego,85.0,Q2,P
San Diego,38.0,Q2,P
San Diego,690.0,Q1,P
San Diego,134.0,Q1,P
San Diego,27.0,Q1,P
San Diego,92.0,Q1,P
San Diego,79.0,Q1,P
San Diego,491.0,Q1,P
San Diego,29.0,Q1,P
San Diego,47.0,Q1,P
San Diego,33.0,Q1,P
San Diego,128.0,Q1,P
San Diego,176.0,Q1,P
San Diego,49.0,Q1,P
Guadalajara 2,130.0,Q2,P
Guadalajara 2,229.0,Q2,P
Guadalajara 2,148.0,Q2,P
Guadalajara 2,129.0,Q2,P
Guadalajara 2,279.0,Q2,P
Guadalajara 2,108.0,Q2,P
Guadalajara 2,181.0,Q2,P
Guadalajara 2,209.0,Q2,P
Guadalajara 2,704.0,Q1,P
Guadalajara 2,762.0,Q1,P
Guadalajara 2,182.0,Q1,P
Guadalajara 2,173.0,Q1,P
Guadalajara 2,nan,Q1,P
Guadalajara 2,477.0,Q1,P
Guadalajara 2,87.0,Q1,P
Guadalajara 2,176.0,Q1,P
Guadalajara 2,174.0,Q1,P
Guadalajara 2,147.0,Q1,P
Guadalajara 2,680.0,Q1,P
Guadalajara 2,127.0,Q1,P
Guadalajara 2,124.0,Q1,P
Guadalajara 2,384.0,Q1,P
Guadalajara 2,461.0,Q1,P
Guadalajara 2,165.0,Q1,P
Adelaide 1,77.0,Q2,P
Adelaide 1,241.0,Q2,P
Adelaide 1,43.0,Q2,P
Adelaide 1,173.0,Q2,P
Adelaide 1,49.0,Q2,P
Adelaide 1,52.0,Q2,P
Adelaide 1,101.0,Q1,P
Adelaide 1,62.0,Q1,P
Adelaide 1,41.0,Q1,P
Adelaide 1,74.0,Q1,P
Adelaide 1,133.0,Q1,P
Adelaide 1,58.0,Q1,P
Adelaide 1,97.0,Q1,P
Adelaide 1,56.0,Q1,P
Adelaide 1,94.0,Q1,P
Adelaide 1,106.0,Q1,P
Adelaide 1,265.0,Q1,P
Adelaide 1,105.0,Q1,P
Adelaide 2,29.0,Q2,P
Adelaide 2,61.0,Q2,P
Adelaide 2,45.0,Q2,P
Adelaide 2,41.0,Q2,P
Adelaide 2,53.0,Q2,P
Adelaide 2,32.0,Q2,P
Adelaide 2,136.0,Q1,P
Adelaide 2,430.0,Q1,P
Adelaide 2,24.0,Q1,P
Adelaide 2,675.0,Q1,P
Adelaide 2,955.0,Q1,P
Adelaide 2,86.0,Q1,P
Adelaide 2,38.0,Q1,P
Adelaide 2,489.0,Q1,P
Adelaide 2,68.0,Q1,P
Adelaide 2,57.0,Q1,P
Adelaide 2,79.0,Q1,P
Adelaide 2,69.0,Q1,P
Abu Dhabi,149.0,Q2,P
Abu Dhabi,289.0,Q2,P
Abu Dhabi,182.0,Q2,P
Abu Dhabi,104.0,Q2,P
Abu Dhabi,56.0,Q2,P
Abu Dhabi,96.0,Q2,P
Abu Dhabi,38.0,Q1,P
Abu Dhabi,88.0,Q1,P
Abu Dhabi,150.0,Q1,P
Abu Dhabi,120.0,Q1,P
Abu Dhabi,166.0,Q1,P
Abu Dhabi,110.0,Q1,P
Abu Dhabi,436.0,Q1,P
Abu Dhabi,143.0,Q1,P
Abu Dhabi,851.0,Q1,P
Abu Dhabi,129.0,Q1,P
Abu Dhabi,nan,Q1,P
Abu Dhabi,nan,Q1,P
Doha,39.0,Q3,P
Doha,26.0,Q3,P
Doha,143.0,Q3,P
Doha,81.0,Q3,P
Doha,109.0,Q2,P
Doha,99.0,Q2,P
Doha,98.0,Q2,P
Doha,44.0,Q2,P
Doha,28.0,Q2,P
Doha,104.0,Q2,P
Doha,49.0,Q2,P
Doha,45.0,Q2,P
Doha,76.0,Q1,P
Doha,247.0,Q1,P
Doha,57.0,Q1,P
Doha,64.0,Q1,P
Doha,130.0,Q1,P
Doha,181.0,Q1,P
Doha,277.0,Q1,P
Doha,1119.0,Q1,P
Doha,70.0,Q1,P
Doha,121.0,Q1,P
Doha,111.0,Q1,P
Doha,nan,Q1,P
Doha,33.0,Q1,P
Doha,78.0,Q1,P
Doha,391.0,Q1,P
Doha,56.0,Q1,P
Dubai,49.0,Q2,P
Dubai,145.0,Q2,P
Dubai,57.0,Q2,P
Dubai,831.0,Q2,P
Dubai,101.0,Q2,P
Dubai,74.0,Q2,P
Dubai,98.0,Q2,P
Dubai,149.0,Q2,P
Dubai,541.0,Q1,P
Dubai,106.0,Q1,P
Dubai,56.0,Q1,P
Dubai,245.0,Q1,P
Dubai,341.0,Q1,P
Dubai,86.0,Q1,P
Dubai,63.0,Q1,P
Dubai,80.0,Q1,P
Dubai,nan,Q1,P
Dubai,118.0,Q1,P
Dubai,111.0,Q1,P
Dubai,142.0,Q1,P
Dubai,105.0,Q1,P
Dubai,104.0,Q1,P
Dubai,78.0,Q1,P
Dubai,304.0,Q1,P
Charleston,236.0,Q2,P
Charleston,277.0,Q2,P
Charleston,98.0,Q2,P
Charleston,156.0,Q2,P
Charleston,233.0,Q2,P
Charleston,164.0,Q2,P
Charleston,232.0,Q2,P
Charleston,293.0,Q2,P
Charleston,105.0,Q1,P
Charleston,203.0,Q1,P
Charleston,379.0,Q1,P
Charleston,146.0,Q1,P
Charleston,268.0,Q1,P
Charleston,234.0,Q1,P
Charleston,104.0,Q1,P
Charleston,178.0,Q1,P
Charleston,111.0,Q1,P
Charleston,189.0,Q1,P
Charleston,194.0,Q1,P
Charleston,377.0,Q1,P
Charleston,125.0,Q1,P
Charleston,228.0,Q1,P
Charleston,143.0,Q1,P
Charleston,252.0,Q1,P
Stuttgart,282.0,Q2,P
Stuttgart,55.0,Q2,P
Stuttgart,58.0,Q2,P
Stuttgart,103.0,Q2,P
Stuttgart,184.0,Q1,P
Stuttgart,113.0,Q1,P
Stuttgart,165.0,Q1,P
Stuttgart,334.0,Q1,P
Stuttgart,500.0,Q1,P
Stuttgart,201.0,Q1,P
Stuttgart,147.0,Q1,P
Stuttgart,207.0,Q1,P
Berlin,56.0,Q2,P
Berlin,203.0,Q2,P
Berlin,81.0,Q2,P
Berlin,388.0,Q2,P
Berlin,220.0,Q2,P
Berlin,111.0,Q2,P
Berlin,193.0,Q1,P
Berlin,451.0,Q1,P
Berlin,414.0,Q1,P
Berlin,168.0,Q1,P
Berlin,870.0,Q1,P
Berlin,383.0,Q1,P
Berlin,121.0,Q1,P
Berlin,333.0,Q1,P
Berlin,114.0,Q1,P
Berlin,172.0,Q1,P
Berlin,214.0,Q1,P
Berlin,765.0,Q1,P
Eastbourne,30.0,Q2,P
Eastbourne,128.0,Q2,P
Eastbourne,677.0,Q2,P
Eastbourne,113.0,Q2,P
Eastbourne,149.0,Q2,P
Eastbourne,49.0,Q2,P
Eastbourne,83.0,Q1,P
Eastbourne,82.0,Q1,P
Eastbourne,1035.0,Q1,P
Eastbourne,70.0,Q1,P
Eastbourne,100.0,Q1,P
Eastbourne,1340.0,Q1,P
Eastbourne,94.0,Q1,P
Eastbourne,68.0,Q1,P
Eastbourne,53.0,Q1,P
Eastbourne,77.0,Q1,P
Eastbourne,124.0,Q1,P
Washington,544.0,Q2,P
Washington,76.0,Q2,P
Washington,59.0,Q2,P
Washington,124.0,Q2,P
Washington,35.0,Q1,P
Washington,97.0,Q1,P
Washington,43.0,Q1,P
Washington,121.0,Q1,P
Washington,48.0,Q1,P
Washington,171.0,Q1,P
Washington,534.0,Q1,P
Washington,87.0,Q1,P
Montreal,121.0,Q2,P
Montreal,84.0,Q2,P
Montreal,130.0,Q2,P
Montreal,124.0,Q2,P
Montreal,216.0,Q2,P
Montreal,80.0,Q2,P
Montreal,60.0,Q2,P
Montreal,140.0,Q2,P
Montreal,624.0,Q1,P
Montreal,208.0,Q1,P
Montreal,414.0,Q1,P
Montreal,245.0,Q1,P
Montreal,223.0,Q1,P
Montreal,116.0,Q1,P
Montreal,178.0,Q1,P
Montreal,139.0,Q1,P
Montreal,57.0,Q1,P
Montreal,202.0,Q1,P
Montreal,144.0,Q1,P
Montreal,151.0,Q1,P
Montreal,860.0,Q1,P
Montreal,163.0,Q1,P
Montreal,222.0,Q1,P
Montreal,94.0,Q1,P
Cincinnati,79.0,Q2,P
Cincinnati,45.0,Q2,P
Cincinnati,130.0,Q2,P
Cincinnati,40.0,Q2,P
Cincinnati,65.0,Q2,P
Cincinnati,66.0,Q2,P
Cincinnati,103.0,Q2,P
Cincinnati,75.0,Q2,P
Cincinnati,97.0,Q1,P
Cincinnati,865.0,Q1,P
Cincinnati,56.0,Q1,P
Cincinnati,42.0,Q1,P
Cincinnati,695.0,Q1,P
Cincinnati,678.0,Q1,P
Cincinnati,59.0,Q1,P
Cincinnati,73.0,Q1,P
Cincinnati,60.0,Q1,P
Cincinnati,49.0,Q1,P
Cincinnati,110.0,Q1,P
Cincinnati,52.0,Q1,P
Cincinnati,72.0,Q1,P
Cincinnati,77.0,Q1,P
Cincinnati,68.0,Q1,P
San Diego,179.0,Q2,P
San Diego,159.0,Q2,P
San Diego,97.0,Q2,P
San Diego,70.0,Q2,P
San Diego,169.0,Q2,P
San Diego,409.0,Q2,P
San Diego,54.0,Q1,P
San Diego,111.0,Q1,P
San Diego,594.0,Q1,P
San Diego,307.0,Q1,P
San Diego,271.0,Q1,P
San Diego,388.0,Q1,P
San Diego,1201.0,Q1,P
San Diego,151.0,Q1,P
San Diego,nan,Q1,P
San Diego,400.0,Q1,P
San Diego,742.0,Q1,P
San Diego,101.0,Q1,P
Guadalajara,nan,Q2,P
Guadalajara,381.0,Q2,P
Guadalajara,175.0,Q2,P
Guadalajara,182.0,Q2,P
Guadalajara,199.0,Q2,P
Guadalajara,198.0,Q2,P
Guadalajara,328.0,Q2,P
Guadalajara,406.0,Q2,P
Guadalajara,427.0,Q1,P
Guadalajara,304.0,Q1,P
Guadalajara,170.0,Q1,P
Guadalajara,628.0,Q1,P
Guadalajara,506.0,Q1,P
Guadalajara,359.0,Q1,P
Guadalajara,nan,Q1,P
Guadalajara,263.0,Q1,P
Guadalajara,659.0,Q1,P
Guadalajara,nan,Q1,P
Guadalajara,497.0,Q1,P
Guadalajara,639.0,Q1,P
Guadalajara,431.0,Q1,P
Guadalajara,nan,Q1,P
Guadalajara,233.0,Q1,P
Guadalajara,382.0,Q1,P
Tokyo,75.0,Q2,P
Tokyo,452.0,Q2,P
Tokyo,nan,Q2,P
Tokyo,181.0,Q2,P
Tokyo,480.0,Q2,P
Tokyo,256.0,Q2,P
Tokyo,969.0,Q1,P
Tokyo,573.0,Q1,P
Tokyo,nan,Q1,P
Tokyo,626.0,Q1,P
Tokyo,409.0,Q1,P
Tokyo,497.0,Q1,P
Tokyo,926.0,Q1,P
Tokyo,nan,Q1,P
Tokyo,504.0,Q1,P
Tokyo,596.0,Q1,P
Tokyo,nan,Q1,P
Zhengzhou,182.0,Q2,P
Zhengzhou,66.0,Q2,P
Zhengzhou,219.0,Q2,P
Zhengzhou,181.0,Q2,P
Zhengzhou,230.0,Q2,P
Zhengzhou,101.0,Q2,P
Zhengzhou,652.0,Q1,P
Zhengzhou,487.0,Q1,P
Zhengzhou,1094.0,Q1,P
Zhengzhou,611.0,Q1,P
Zhengzhou,666.0,Q1,P
Zhengzhou,278.0,Q1,P
Zhengzhou,75.0,Q1,P
Zhengzhou,432.0,Q1,P
Zhengzhou,1084.0,Q1,P
Zhengzhou,515.0,Q1,P
Zhengzhou,518.0,Q1,P
Zhengzhou,224.0,Q1,P
