DATE,PRIZE MONEY (US$),CITY,COUNTRY,REGION, Week number 
02-Jan-2023,60000,Canberra,Australia,O,1
02-Jan-2023,40000,Nonthaburi,Thailand,A,1
02-Jan-2023,25000,Monastir,Tunisia,AF,1
02-Jan-2023,25000,"Malibu, CA",USA,NA,1
09-Jan-2023,40000,Tallinn,Estonia,E,2
09-Jan-2023,40000,Nonthaburi,Thailand,A,2
09-Jan-2023,40000,Monastir,Tunisia,AF,2
09-Jan-2023,25000,Buenos Aires,Argentina,SA,2
09-Jan-2023,25000,Loughborough,Great Britain,E,2
09-Jan-2023,25000,"Naples, FL",USA,NA,2
09-Jan-2023,15000,Fort-de-France (Martinique),France,CA,2
09-Jan-2023,15000,Antalya ,Turkiye,E,2
16-Jan-2023,60000,"Vero Beach, FL",USA,NA,3
16-Jan-2023,40000,Tallinn,Estonia,E,3
16-Jan-2023,40000,Bhopal,India,A,3
16-Jan-2023,40000,Monastir,Tunisia,AF,3
16-Jan-2023,25000,Buenos Aires,Argentina,SA,3
16-Jan-2023,25000,Petit Bourg (Guadeloupe),France,CA,3
16-Jan-2023,25000,"Boca Raton, FL",USA,NA,3
16-Jan-2023,15000,Antalya,Turkiye,E,3
23-Jan-2023,60000,Andrezieux-Boutheon,France,E,4
23-Jan-2023,60000,Sunderland,Great Britain,E,4
23-Jan-2023,40000,Pune,India,A,4
23-Jan-2023,25000,Monastir,Tunisia,AF,4
23-Jan-2023,25000,"Orlando, FL",USA,NA,4
23-Jan-2023,15000,Antalya,Turkiye,E,4
30-Jan-2023,60000,Burnie,Australia,O,5
30-Jan-2023,60000,"Rome, GA",USA,NA,5
30-Jan-2023,40000,Mexico City,Mexico,CA,5
30-Jan-2023,40000,Porto ,Portugal,E,5
30-Jan-2023,25000,Antalya,Turkiye,E,5
30-Jan-2023,15000,Sharm ElSheikh,Egypt,AF,5
30-Jan-2023,15000,Monastir,Tunisia,AF,5
06-Feb-2023,60000,Grenoble,France,E,6
06-Feb-2023,60000,"Orlando, FL",USA,NA,6
06-Feb-2023,40000,Mexico City,Mexico,CA,6
06-Feb-2023,40000,Porto,Portugal,E,6
06-Feb-2023,25000,Burnie,Australia,O,6
06-Feb-2023,25000,Bath,Great Britain,E,6
06-Feb-2023,25000,Antalya,Turkiye,E,6
06-Feb-2023,15000,Sharm ElSheikh,Egypt,AF,6
06-Feb-2023,15000,Jhajjar,India,A,6
06-Feb-2023,15000,Monastir,Tunisia,AF,6
13-Feb-2023,60000,Altenkirchen,Germany,E,7
13-Feb-2023,60000,Irapuato,Mexico,CA,7
13-Feb-2023,25000,Santo Domingo,Dominican Republic,CA,7
13-Feb-2023,25000,Glasgow,Great Britain,E,7
13-Feb-2023,15000,Sharm ElSheikh,Egypt,AF,7
13-Feb-2023,15000,Manacor (Mallorca),Spain,E,7
13-Feb-2023,15000,Jhajjar,India,A,7
13-Feb-2023,15000,Ipoh,Malaysia,A,7
13-Feb-2023,15000,Monastir,Tunisia,AF,7
20-Feb-2023,40000,Macon,France,E,8
20-Feb-2023,25000,Tucuman,Argentina,SA,8
20-Feb-2023,25000,Swan Hill,Australia,O,8
20-Feb-2023,25000,Santo Domingo,Dominican Republic,CA,8
20-Feb-2023,15000,Sharm ElSheikh,Egypt,AF,8
20-Feb-2023,15000,Manacor (Mallorca),Spain,E,8
20-Feb-2023,15000,Gurugram,India,A,8
20-Feb-2023,15000,Kuala Lumpur,Malaysia,A,8
20-Feb-2023,15000,Monastir,Tunisia,AF,8
20-Feb-2023,15000,Antalya,Turkiye,E,8
27-Feb-2023,60000,Trnava,Slovakia,E,9
27-Feb-2023,60000,"Arcadia, CA",USA,NA,9
27-Feb-2023,40000,Astana,Kazakhstan,A,9
27-Feb-2023,25000,Tucuman,Argentina,SA,9
27-Feb-2023,25000,Swan Hill,Australia,O,9
27-Feb-2023,25000,Toronto,Canada,NA,9
27-Feb-2023,25000,Joue-les-Tours,France,E,9
27-Feb-2023,25000,Bengaluru,India,A,9
27-Feb-2023,25000,"Spring, TX",USA,NA,9
27-Feb-2023,15000,Sharm ElSheikh,Egypt,AF,9
27-Feb-2023,15000,Manacor,Spain,E,9
27-Feb-2023,15000,Kuching,Malaysia,A,9
27-Feb-2023,15000,Monastir,Tunisia,AF,9
27-Feb-2023,15000,Antalya,Turkiye,E,9
06-Mar-2023,60000,Astana,Kazakhstan,A,10
06-Mar-2023,60000,Trnava,Slovakia,E,10
06-Mar-2023,40000,Bengaluru,India,A,10
06-Mar-2023,25000,Fredericton,Canada,NA,10
06-Mar-2023,25000,Pretoria,South Africa,AF,10
06-Mar-2023,25000,"Boca Raton, FL",USA,NA,10
06-Mar-2023,15000,Sharm ElSheikh,Egypt,AF,10
06-Mar-2023,15000,Amiens,France,E,10
06-Mar-2023,15000,Monastir,Tunisia,AF,10
06-Mar-2023,15000,Antalya,Turkiye,E,10
13-Mar-2023,60000,Canberra,Australia,O,11
13-Mar-2023,60000,Pretoria,South Africa,AF,11
13-Mar-2023,40000,Anapoima,Colombia,SA,11
13-Mar-2023,40000,Ricany,Czech Republic,E,11
13-Mar-2023,25000,Palmanova (Mallorca),Spain,E,11
13-Mar-2023,15000,Sharm ElSheikh,Egypt,AF,11
13-Mar-2023,15000,Gonesse,France,E,11
13-Mar-2023,15000,Heraklion,Greece,E,11
13-Mar-2023,15000,Jakarta,Indonesia,A,11
13-Mar-2023,15000,Monastir,Tunisia,AF,11
13-Mar-2023,15000,Antalya,Turkiye,E,11
20-Mar-2023,60000,Canberra,Australia,O,12
20-Mar-2023,40000,Maribor,Slovenia,E,12
20-Mar-2023,25000,Mosquera,Colombia,SA,12
20-Mar-2023,25000,Palmanova (Mallorca),Spain,E,12
20-Mar-2023,25000,Jakarta,Indonesia,A,12
20-Mar-2023,15000,Sharm ElSheikh,Egypt,AF,12
20-Mar-2023,15000,Le Havre,France,E,12
20-Mar-2023,15000,Heraklion,Greece,E,12
20-Mar-2023,15000,Hinode,Japan,A,12
20-Mar-2023,15000,Monastir,Tunisia,AF,12
20-Mar-2023,15000,Antalya,Turkiye,E,12
27-Mar-2023,60000,Croissy-Beaubourg,France,E,13
27-Mar-2023,40000,Murska Sobota,Slovenia,E,13
27-Mar-2023,25000,Sopo,Colombia,SA,13
27-Mar-2023,25000,Jakarta,Indonesia,A,13
27-Mar-2023,25000,Kofu,Japan,A,13
27-Mar-2023,15000,Sharm ElSheikh,Egypt,AF,13
27-Mar-2023,15000,Monastir,Tunisia,AF,13
27-Mar-2023,15000,Antalya,Turkiye,E,13
03-Apr-2023,40000,Split,Croatia,E,14
03-Apr-2023,25000,Bujumbura,Burundi,AF,14
03-Apr-2023,25000,Santa Margherita di Pula,Italy,E,14
03-Apr-2023,25000,Kashiwa,Japan,A,14
03-Apr-2023,25000,"Jackson, MS",USA,NA,14
03-Apr-2023,15000,Sharm ElSheikh,Egypt,AF,14
03-Apr-2023,15000,Telde,Spain,E,14
03-Apr-2023,15000,Singapore,Singapore,A,14
03-Apr-2023,15000,Monastir,Tunisia,AF,14
03-Apr-2023,15000,Antalya,Turkiye,E,14
10-Apr-2023,80000,Zaragoza,Spain,E,15
10-Apr-2023,60000,Chiasso,Switzerland,E,15
10-Apr-2023,25000,Bujumbura,Burundi,AF,15
10-Apr-2023,25000,Sharm ElSheikh,Egypt,AF,15
10-Apr-2023,25000,Santa Margherita di Pula,Italy,E,15
10-Apr-2023,25000,Osaka,Japan,A,15
10-Apr-2023,25000,"Boca Raton, FL",USA,NA,15
10-Apr-2023,15000,Telde,Spain,E,15
10-Apr-2023,15000,Monastir,Tunisia,AF,15
10-Apr-2023,15000,Antalya,Turkiye,E,15
17-Apr-2023,100000,Oeiras,Portugal,E,16
17-Apr-2023,100000,"Charleston, SC",USA,NA,16
17-Apr-2023,60000,Koper,Slovenia,E,16
17-Apr-2023,60000,Bellinzona,Switzerland,E,16
17-Apr-2023,25000,Guayaquil,Ecuador,SA,16
17-Apr-2023,25000,Sharm ElSheikh,Egypt,AF,16
17-Apr-2023,25000,Nottingham,Great Britain,E,16
17-Apr-2023,25000,Santa Margherita di Pula,Italy,E,16
17-Apr-2023,25000,"Zephyrhills, FL",USA,NA,16
17-Apr-2023,15000,Telde,Spain,E,16
17-Apr-2023,15000,Osaka,Japan,A,16
17-Apr-2023,15000,Kursumlijska Banja,Serbia,E,16
17-Apr-2023,15000,Monastir,Tunisia,AF,16
17-Apr-2023,15000,Antalya,Turkiye,E,16
24-Apr-2023,60000,Oeiras,Portugal,E,17
24-Apr-2023,60000,Istanbul,Turkiye,E,17
24-Apr-2023,60000,"Charlottesville, VA",USA,NA,17
24-Apr-2023,40000,Calvi,France,E,17
24-Apr-2023,25000,Osijek,Croatia,E,17
24-Apr-2023,25000,Guayaquil,Ecuador,SA,17
24-Apr-2023,25000,Nottingham,Great Britain,E,17
24-Apr-2023,25000,Santa Margherita di Pula,Italy,E,17
24-Apr-2023,15000,Telde,Spain,E,17
24-Apr-2023,15000,Fukui,Japan,A,17
24-Apr-2023,15000,Kursumlijska Banja,Serbia,E,17
24-Apr-2023,15000,Monastir,Tunisia,AF,17
24-Apr-2023,15000,Antalya,Turkiye,E,17
01-May-2023,100000,Wiesbaden,Germany,E,18
01-May-2023,100000,"Bonita Springs, FL",USA,NA,18
01-May-2023,80000,Gifu,Japan,A,18
01-May-2023,60000,Prague,Czech Republic,E,18
01-May-2023,40000,Tbilisi,Georgia,E,18
01-May-2023,25000,Alaminos-Larnaca,Cyprus,E,18
01-May-2023,25000,Tossa de Mar,Spain,E,18
01-May-2023,25000,Nottingham,Great Britain,E,18
01-May-2023,25000,Santa Margherita di Pula,Italy,E,18
01-May-2023,15000,Kursumlijska Banja,Serbia,E,18
01-May-2023,15000,Varberg,Sweden,E,18
01-May-2023,15000,Monastir,Tunisia,AF,18
01-May-2023,15000,Antalya,Turkiye,E,18
08-May-2023,100000,Trnava,Slovakia,E,19
08-May-2023,60000,Zagreb,Croatia,E,19
08-May-2023,60000,Fukuoka,Japan,A,19
08-May-2023,60000,"Naples, FL",USA,NA,19
08-May-2023,25000,Platja D'Aro,Spain,E,19
08-May-2023,25000,Kachreti,Georgia,E,19
08-May-2023,25000,Bastad,Sweden,E,19
08-May-2023,25000,"Orlando, FL",USA,NA,19
08-May-2023,15000,Poertschach,Austria,E,19
08-May-2023,15000,Vierumaki,Finland,E,19
08-May-2023,15000,Kursumlijska Banja,Serbia,E,19
08-May-2023,15000,Monastir,Tunisia,AF,19
08-May-2023,15000,Antalya,Turkiye,E,19
15-May-2023,100000,Madrid,Spain,E,20
15-May-2023,60000,Saint-Gaudens,France,E,20
15-May-2023,60000,Kurume,Japan,A,20
15-May-2023,60000,Bodrum,Turkiye,E,20
15-May-2023,60000,"Pelham, AL",USA,NA,20
15-May-2023,25000,Feld am See,Austria,E,20
15-May-2023,25000,Monzon,Spain,E,20
15-May-2023,25000,Kachreti,Georgia,E,20
15-May-2023,25000,Incheon,Korea,A,20
15-May-2023,25000,Kursumlijska Banja,Serbia,E,20
15-May-2023,25000,"Bethany Beach, DE",USA,NA,20
15-May-2023,15000,Curitiba,Brazil,SA,20
15-May-2023,15000,Monastir,Tunisia,AF,20
15-May-2023,15000,Antalya,Turkiye,E,20
22-May-2023,60000,Grado,Italy,E,21
22-May-2023,40000,Otocec,Slovenia,E,21
22-May-2023,25000,Warmbad Villach,Austria,E,21
22-May-2023,25000,Karuizawa,Japan,A,21
22-May-2023,25000,Goyang,Korea,A,21
22-May-2023,25000,Monastir,Tunisia,AF,21
22-May-2023,15000,Recife,Brazil,SA,21
22-May-2023,15000,Malaga,Spain,E,21
22-May-2023,15000,Kursumlijska Banja,Serbia,E,21
22-May-2023,15000,"Huntsville, AL",USA,NA,21
29-May-2023,60000,Brescia,Italy,E,22
29-May-2023,40000,Montemor-o-Novo,Portugal,E,22
29-May-2023,40000,Otocec,Slovenia,E,22
29-May-2023,25000,Annenheim,Austria,E,22
29-May-2023,25000,Yecla,Spain,E,22
29-May-2023,25000,Troisdorf,Germany,E,22
29-May-2023,25000,Tokyo,Japan,A,22
29-May-2023,25000,Changwon,Korea,A,22
29-May-2023,25000,Nakhon Si Thammarat,Thailand,A,22
29-May-2023,25000,La Marsa,Tunisia,AF,22
29-May-2023,15000,Kursumlijska Banja,Serbia,E,22
29-May-2023,15000,Monastir,Tunisia,AF,22
29-May-2023,15000,"Rancho Santa Fe, CA",USA,NA,22
05-Jun-2023,100000,Surbiton,Great Britain,E,23
05-Jun-2023,60000,Caserta,Italy,E,23
05-Jun-2023,40000,La Marsa,Tunisia,AF,23
05-Jun-2023,25000,Poertschach,Austria,E,23
05-Jun-2023,25000,Luzhou,China,A,23
05-Jun-2023,25000,Madrid,Spain,E,23
05-Jun-2023,25000,Daegu ,Korea,A,23
05-Jun-2023,25000,Setubal,Portugal,E,23
05-Jun-2023,25000,Kursumlijska Banja,Serbia,E,23
05-Jun-2023,15000,Banja Luka,Bosnia & Herzegovina,E,23
05-Jun-2023,15000,Kashiwa,Japan,A,23
05-Jun-2023,15000,Kocevlje,Slovenia,E,23
05-Jun-2023,15000,Nakhon Si Thammarat,Thailand,A,23
05-Jun-2023,15000,Monastir,Tunisia,AF,23
05-Jun-2023,15000,"San Diego, CA",USA,NA,23
12-Jun-2023,60000,Ricany,Czech Republic,E,24
12-Jun-2023,60000,Madrid,Spain,E,24
12-Jun-2023,60000,Biarritz,France,E,24
12-Jun-2023,60000,Rome,Italy,E,24
12-Jun-2023,60000,Sumter,USA,NA,24
12-Jun-2023,25000,Guimaraes,Portugal,E,24
12-Jun-2023,25000,Tainan,Chinese Taipei,A,24
12-Jun-2023,25000,Colorado Springs,USA,NA,24
12-Jun-2023,15000,Tianjin,China,A,24
12-Jun-2023,15000,Norges-la-Ville,France,E,24
12-Jun-2023,15000,Kawaguchi,Japan,A,24
12-Jun-2023,15000,Kranjska Gora,Slovenia,E,24
12-Jun-2023,15000,Kursumlijska Banja,Serbia,E,24
12-Jun-2023,15000,Nakhon Si Thammarat,Thailand,A,24
12-Jun-2023,15000,Monastir,Tunisia,AF,24
12-Jun-2023,15000,"San Diego, CA",USA,NA,24
19-Jun-2023,100000,Ilkley,Great Britain,E,25
19-Jun-2023,40000,Ystad,Sweden,E,25
19-Jun-2023,25000,Santo Domingo,Dominican Republic,CA,25
19-Jun-2023,25000,Tauste-Zaragoza,Spain,E,25
19-Jun-2023,25000,Tainan,Chinese Taipei,A,25
19-Jun-2023,25000,Wichita,USA,NA,25
19-Jun-2023,15000,Buenos Aires,Argentina,SA,25
19-Jun-2023,15000,Tianjin,China,A,25
19-Jun-2023,15000,Gdansk,Poland,E,25
19-Jun-2023,15000,Bucharest,Romania,E,25
19-Jun-2023,15000,Kursumlijska Banja,Serbia,E,25
19-Jun-2023,15000,Monastir,Tunisia,AF,25
19-Jun-2023,15000,"Los Angeles, CA",USA,NA,25
26-Jun-2023,40000,Palma del Rio,Spain,E,26
26-Jun-2023,25000,Santo Domingo,Dominican Republic,CA,26
26-Jun-2023,25000,Perigueux,France,E,26
26-Jun-2023,25000,Hong Kong,Hong Kong,A,26
26-Jun-2023,25000,Tarvisio,Italy,E,26
26-Jun-2023,25000,Kursumlijska Banja,Serbia,E,26
26-Jun-2023,15000,Rosario-Santa Fe,Argentina,SA,26
26-Jun-2023,15000,Tianjin,China,A,26
26-Jun-2023,15000,Alkmaar,Netherlands,E,26
26-Jun-2023,15000,Monastir,Tunisia,AF,26
26-Jun-2023,15000,"Irvine, CA",USA,NA,26
03-Jul-2023,60000,Montpellier,France,E,27
03-Jul-2023,60000,Liepaja,Latvia,E,27
03-Jul-2023,40000,Hong Kong,Hong Kong,A,27
03-Jul-2023,40000,The Hague,Netherlands,E,27
03-Jul-2023,25000,Punta Cana,Dominican Republic,CA,27
03-Jul-2023,25000,Getxo,Spain,E,27
03-Jul-2023,25000,Stuttgart-Vaihingen,Germany,E,27
03-Jul-2023,25000,Cantanhede,Portugal,E,27
03-Jul-2023,25000,Klosters,Switzerland,E,27
03-Jul-2023,25000,Nakhon Si Thammarat,Thailand,A,27
03-Jul-2023,15000,Tianjin,China,A,27
03-Jul-2023,15000,Monastir,Tunisia,AF,27
03-Jul-2023,15000,"Lakewood, CA",USA,NA,27
10-Jul-2023,60000,Saskatoon,Canada,NA,28
10-Jul-2023,60000,Rome,Italy,E,28
10-Jul-2023,60000,Amstelveen,Netherlands,E,28
10-Jul-2023,25000,Naiman,China,A,28
10-Jul-2023,25000,Punta Cana,Dominican Republic,CA,28
10-Jul-2023,25000,Don Benito Badajoz,Spain,E,28
10-Jul-2023,25000,Aschaffenburg,Germany,E,28
10-Jul-2023,25000,Corroios Seixal,Portugal,E,28
10-Jul-2023,15000,Bacau,Romania,E,28
10-Jul-2023,15000,Nakhon Si Thammarat,Thailand,A,28
10-Jul-2023,15000,Monastir,Tunisia,AF,28
10-Jul-2023,15000,"Lakewood, CA",USA,NA,28
17-Jul-2023,100000,Granby,Canada,NA,29
17-Jul-2023,100000,Vitoria Gasteiz,Spain,E,29
17-Jul-2023,60000,Olomouc,Czech Republic,E,29
17-Jul-2023,60000,"Evansville, IN",USA,NA,29
17-Jul-2023,40000,Porto,Portugal,E,29
17-Jul-2023,25000,Parnu,Estonia,E,29
17-Jul-2023,25000,Roehampton,Great Britain,E,29
17-Jul-2023,25000,Darmstadt,Germany,E,29
17-Jul-2023,15000,Let Contamines-Montjoie,France,E,29
17-Jul-2023,15000,Casablanca,Morocco,AF,29
17-Jul-2023,15000,Nakhon Si Thammarat,Thailand,A,29
17-Jul-2023,15000,Monastir,Tunisia,AF,29
24-Jul-2023,100000,Figueira da Foz,Portugal,E,30
24-Jul-2023,60000,"Dallas, TX",USA,NA,30
24-Jul-2023,25000,Bragado,Argentina,SA,30
24-Jul-2023,25000,El Espinar,Spain,E,30
24-Jul-2023,25000,Horb,Germany,E,30
24-Jul-2023,15000,Caloundra,Australia,O,30
24-Jul-2023,15000,Vejle,Denmark,E,30
24-Jul-2023,15000,Sapporo,Japan,A,30
24-Jul-2023,15000,Casablanca,Morocco,AF,30
24-Jul-2023,15000,Monastir,Tunisia,AF,30
31-Jul-2023,60000,Feira de Santana,Brazil,SA,31
31-Jul-2023,60000,Barcelona,Spain,E,31
31-Jul-2023,60000,Hechingen,Germany,E,31
31-Jul-2023,60000,Cordenons,Italy,E,31
31-Jul-2023,60000,"Lexington, KY",USA,NA,31
31-Jul-2023,25000,Junin,Argentina,SA,31
31-Jul-2023,25000,Koge,Denmark,E,31
31-Jul-2023,25000,Foxhills,Great Britain,E,31
31-Jul-2023,25000,Astana,Kazakhstan,A,31
31-Jul-2023,15000,Caloundra,Australia,O,31
31-Jul-2023,15000,Savitaipale,Finland,E,31
31-Jul-2023,15000,Tbilisi,Georgia,E,31
31-Jul-2023,15000,Sapporo,Japan,A,31
31-Jul-2023,15000,Eindhoven,Netherlands,E,31
31-Jul-2023,15000,Monastir,Tunisia,AF,31
07-Aug-2023,100000,Maspalomas Gran Canaria,Spain,E,32
07-Aug-2023,100000,Landisville,USA,NA,32
07-Aug-2023,80000,Brasilia,Brazil,SA,32
07-Aug-2023,40000,Anning,China,A,32
07-Aug-2023,25000,Koksijde,Belgium,E,32
07-Aug-2023,25000,Osijek,Croatia,E,32
07-Aug-2023,25000,Roehampton,Great Britain,E,32
07-Aug-2023,25000,Leipzig,Germany,E,32
07-Aug-2023,15000,Tbilisi,Georgia,E,32
07-Aug-2023,15000,Sapporo,Japan,A,32
07-Aug-2023,15000,Ust-Kamenogorsk,Kazakhstan,A,32
07-Aug-2023,15000,Monastir,Tunisia,AF,32
14-Aug-2023,40000,Nanchang,China,A,33
14-Aug-2023,40000,Arequipa,Peru,SA,33
14-Aug-2023,40000,Wroclaw,Poland,E,33
14-Aug-2023,25000,Ourense,Spain,E,33
14-Aug-2023,25000,Aldershot,Great Britain,E,33
14-Aug-2023,25000,Erwitte,Germany,E,33
14-Aug-2023,25000,Bistrita,Romania,E,33
14-Aug-2023,25000,Vrnjacka Banja,Serbia,E,33
14-Aug-2023,15000,Duffel City,Belgium,E,33
14-Aug-2023,15000,Ust-Kamenogorsk,Kazakhstan,A,33
14-Aug-2023,15000,Monastir,Tunisia,AF,33
21-Aug-2023,60000,Prerov,Czech Republic,E,34
21-Aug-2023,40000,Hong Kong,Hong Kong,A,34
21-Aug-2023,25000,Vigo,Spain,E,34
21-Aug-2023,25000,Braunschweig,Germany,E,34
21-Aug-2023,25000,Bydgoszcz,Poland,E,34
21-Aug-2023,25000,Verbier,Switzerland,E,34
21-Aug-2023,25000,Malmo,Sweden,E,34
21-Aug-2023,15000,Baku,Azerbaijan,E,34
21-Aug-2023,15000,Wanfercee-Baulet,Belgium,E,34
21-Aug-2023,15000,Lima,Peru,SA,34
21-Aug-2023,15000,Brasov,Romania,E,34
21-Aug-2023,15000,Nakhon Si Thammarat,Thailand,A,34
21-Aug-2023,15000,Monastir,Tunisia,AF,34
28-Aug-2023,60000,Prague,Czech Republic,E,35
28-Aug-2023,60000,Collonge-Bellerive,Switzerland,E,35
28-Aug-2023,40000,Oldenzaal,Netherlands,E,35
28-Aug-2023,25000,Valladolid,Spain,E,35
28-Aug-2023,25000,Trieste,Italy,E,35
28-Aug-2023,25000,Nakhon Si Thammarat,Thailand,A,35
28-Aug-2023,15000,Baku,Azerbaijan,E,35
28-Aug-2023,15000,Yeongwol,Korea,A,35
28-Aug-2023,15000,Brasov,Romania,E,35
28-Aug-2023,15000,Kursumlijska Banja,Serbia,E,35
28-Aug-2023,15000,Monastir,Tunisia,AF,35
04-Sep-2023,100000,Tokyo,Japan,A,36
04-Sep-2023,60000,Vienna,Austria,E,36
04-Sep-2023,60000,Montreux,Switzerland,E,36
04-Sep-2023,40000,Saint-Palais-sur-Mer,France,E,36
04-Sep-2023,25000,Frydek Mistek,Czech Republic,E,36
04-Sep-2023,25000,Zaragoza,Spain,E,36
04-Sep-2023,25000,Nakhon Si Thammarat,Thailand,A,36
04-Sep-2023,15000,Shenzhen,China,A,36
04-Sep-2023,15000,Fiano Romano,Italy,E,36
04-Sep-2023,15000,Yeongwol,Korea,A,36
04-Sep-2023,15000,Haren,Netherlands,E,36
04-Sep-2023,15000,Buzau,Romania,E,36
04-Sep-2023,15000,Kursumlijska Banja,Serbia,E,36
04-Sep-2023,15000,Monastir,Tunisia,AF,36
11-Sep-2023,80000,Le Neubourg,France,E,37
11-Sep-2023,40000,Skopje,North Macedonia,E,37
11-Sep-2023,25000,Perth,Australia,O,37
11-Sep-2023,25000,Varna,Bulgaria,E,37
11-Sep-2023,25000,Guiyang,China,A,37
11-Sep-2023,25000,Leiria,Portugal,E,37
11-Sep-2023,15000,Dijon,France,E,37
11-Sep-2023,15000,Kursumlijska Banja,Serbia,E,37
11-Sep-2023,15000,Monastir,Tunisia,AF,37
18-Sep-2023,60000,Caldas da Rainha,Portugal,E,38
18-Sep-2023,60000,"Berkeley, CA",USA,NA,38
18-Sep-2023,40000,Pazardzhik,Bulgaria,E,38
18-Sep-2023,25000,Perth,Australia,O,38
18-Sep-2023,25000,Ceuta,Spain,E,38
18-Sep-2023,25000,Santa Margherita di Pula,Italy,E,38
18-Sep-2023,25000,Kyoto,Japan,A,38
18-Sep-2023,25000,Slobozia,Romania,E,38
18-Sep-2023,15000,Sharm ElSheikh,Egypt,AF,38
18-Sep-2023,15000,Kursumlijska Banja,Serbia,E,38
18-Sep-2023,15000,Monastir,Tunisia,AF,38
25-Sep-2023,60000,"Templeton, CA",USA,NA,39
25-Sep-2023,40000,Nanao,Japan,A,39
25-Sep-2023,40000,Kursumlijska Banja,Serbia,E,39
25-Sep-2023,25000,Lujan,Argentina,SA,39
25-Sep-2023,25000,Santa Margherita di Pula,Italy,E,39
25-Sep-2023,25000,Santarem,Portugal,E,39
25-Sep-2023,15000,Sharm ElSheikh,Egypt,AF,39
25-Sep-2023,15000,Monastir,Tunisia,AF,39
25-Sep-2023,15000,"Hilton Head, SC",USA,NA,39
02-Oct-2023,60000,"Rome, GA",USA,NA,40
02-Oct-2023,40000,Lisbon,Portugal,E,40
02-Oct-2023,25000,Mendoza,Argentina,SA,40
02-Oct-2023,25000,Cairns,Australia,O,40
02-Oct-2023,25000,Baza-Granada,Spain,E,40
02-Oct-2023,25000,Reims,France,E,40
02-Oct-2023,25000,Santa Margherita di Pula,Italy,E,40
02-Oct-2023,25000,Makinohara,Japan,A,40
02-Oct-2023,25000,"Redding, CA",USA,NA,40
02-Oct-2023,15000,Bad Waltersdorf,Austria,E,40
02-Oct-2023,15000,Sibenik,Croatia,E,40
02-Oct-2023,15000,Sharm ElSheikh,Egypt,AF,40
02-Oct-2023,15000,Monastir,Tunisia,AF,40
09-Oct-2023,60000,"Rancho Santa Fe, CA",USA,NA,41
09-Oct-2023,40000,Shenzhen,China,A,41
09-Oct-2023,40000,Quinta do Lago,Portugal,E,41
09-Oct-2023,25000,Cairns,Australia,O,41
09-Oct-2023,25000,Seville,Spain,E,41
09-Oct-2023,25000,Santa Margherita di Pula,Italy,E,41
09-Oct-2023,25000,Hamamatsu,Japan,A,41
09-Oct-2023,25000,"Florence, SC",USA,NA,41
09-Oct-2023,15000,Sharm ElSheikh,Egypt,AF,41
09-Oct-2023,15000,Hua Hin,Thailand,A,41
09-Oct-2023,15000,Monastir,Tunisia,AF,41
16-Oct-2023,100000,Shenzhen,China,A,42
16-Oct-2023,100000,Shrewsbury,Great Britain,E,42
16-Oct-2023,80000,"Macon, GA",USA,NA,42
16-Oct-2023,60000,Saguenay,Canada,NA,42
16-Oct-2023,60000,Hamburg,Germany,E,42
16-Oct-2023,25000,Cherbourg en Cotentin,France,E,42
16-Oct-2023,25000,Santa Margherita di Pula,Italy,E,42
16-Oct-2023,25000,Faro,Portugal,E,42
16-Oct-2023,15000,Sharm ElSheikh,Egypt,AF,42
16-Oct-2023,15000,Heraklion,Greece,E,42
16-Oct-2023,15000,Hua Hin,Thailand,A,42
16-Oct-2023,15000,Monastir,Tunisia,AF,42
16-Oct-2023,15000,"Jackson, TN",USA,NA,42
23-Oct-2023,100000,Les Franqueses Del Valles,Spain,E,43
23-Oct-2023,80000,Poitiers,France,E,43
23-Oct-2023,80000,"Tyler, TX",USA,NA,43
23-Oct-2023,60000,Playford,Australia,O,43
23-Oct-2023,60000,Toronto,Canada,NA,43
23-Oct-2023,60000,Glasgow,Great Britain,E,43
23-Oct-2023,25000,Qian Daohu,China,A,43
23-Oct-2023,25000,Sharm ElSheikh,Egypt,AF,43
23-Oct-2023,25000,Heraklion,Greece,E,43
23-Oct-2023,25000,Santa Margherita di Pula,Italy,E,43
23-Oct-2023,25000,Loule,Portugal,E,43
23-Oct-2023,25000,Istanbul,Turkiye,E,43
23-Oct-2023,15000,Villena,Spain,E,43
23-Oct-2023,15000,Monastir,Tunisia,AF,43
30-Oct-2023,60000,Sydney,Australia,O,44
30-Oct-2023,60000,Nantes,France,E,44
30-Oct-2023,60000,Bratislava,Slovakia,E,44
30-Oct-2023,40000,Heraklion,Greece,E,44
30-Oct-2023,25000,Edmonton,Canada,NA,44
30-Oct-2023,25000,Sunderland,Great Britain,E,44
30-Oct-2023,25000,Solarino,Italy,E,44
30-Oct-2023,25000,Monastir,Tunisia,AF,44
30-Oct-2023,15000,Sharm ElSheikh,Egypt,AF,44
30-Oct-2023,15000,Nasbypark,Sweden,E,44
30-Oct-2023,15000,"Norman, OK",USA,NA,44
06-Nov-2023,100000,"Charleston, SC",USA,NA,45
06-Nov-2023,60000,Calgary,Canada,NA,45
06-Nov-2023,40000,Heraklion,Greece,E,45
06-Nov-2023,25000,Santo Domingo,Dominican Republic,CA,45
06-Nov-2023,25000,Solarino,Italy,E,45
06-Nov-2023,15000,Sharm ElSheikh,Egypt,AF,45
06-Nov-2023,15000,Castellon,Spain,E,45
06-Nov-2023,15000,Monastir,Tunisia,AF,45
06-Nov-2023,15000,Antalya,Turkiye,E,45
06-Nov-2023,15000,"Champaign, IL",USA,NA,45
13-Nov-2023,100000,Takasaki,Japan,A,46
13-Nov-2023,40000,Petange,Luxembourg,E,46
13-Nov-2023,40000,Funchal,Portugal,E,46
13-Nov-2023,25000,Santo Domingo,Dominican Republic,CA,46
13-Nov-2023,25000,Heraklion,Greece,E,46
13-Nov-2023,25000,Solarino,Italy,E,46
13-Nov-2023,25000,"Austin, TX",USA,NA,46
13-Nov-2023,15000,Buenos Aires,Argentina,SA,46
13-Nov-2023,15000,Sharm ElSheikh,Egypt,AF,46
13-Nov-2023,15000,Nules,Spain,E,46
13-Nov-2023,15000,Monastir,Tunisia,AF,46
13-Nov-2023,15000,Antalya,Turkiye,E,46
20-Nov-2023,100000,Valencia,Spain,E,47
20-Nov-2023,100000,Takasaki,Japan,A,47
20-Nov-2023,60000,Brisbane,Australia,O,47
20-Nov-2023,40000,Guadalajara,Mexico,CA,47
20-Nov-2023,25000,Limassol,Cyprus,E,47
20-Nov-2023,25000,Bengaluru,India,A,47
20-Nov-2023,25000,Ortisei,Italy,E,47
20-Nov-2023,25000,Lousada,Portugal,E,47
20-Nov-2023,15000,Cordoba,Argentina,SA,47
20-Nov-2023,15000,Sharm ElSheikh,Egypt,AF,47
20-Nov-2023,15000,Alcala de Henares,Spain,E,47
20-Nov-2023,15000,Heraklion,Greece,E,47
20-Nov-2023,15000,Monastir,Tunisia,AF,47
20-Nov-2023,15000,Antalya,Turkiye,E,47
27-Nov-2023,60000,Carrara,Australia,O,48
27-Nov-2023,60000,Trnava,Slovakia,E,48
27-Nov-2023,40000,Yokohama,Japan,A,48
27-Nov-2023,40000,Veracruz,Mexico,CA,48
27-Nov-2023,25000,Limassol,Cyprus,E,48
27-Nov-2023,25000,Selva Gardena,Italy,E,48
27-Nov-2023,25000,Lousada,Portugal,E,48
27-Nov-2023,15000,Sharm ElSheikh,Egypt,AF,48
27-Nov-2023,15000,Valencia,Spain,E,48
27-Nov-2023,15000,Heraklion,Greece,E,48
27-Nov-2023,15000,Ahmedabad,India,A,47
27-Nov-2023,15000,Monastir,Tunisia,AF,48
27-Nov-2023,15000,Antalya,Turkiye,E,48
04-Dec-2023,100000,Dubai,United Arab Emirates,A,49
04-Dec-2023,25000,Mogi das Cruzes,Brazil,SA,49
04-Dec-2023,25000,Monastir,Tunisia,AF,49
04-Dec-2023,15000,Sharm ElSheikh,Egypt,AF,49
04-Dec-2023,15000,Silla-Valencia,Spain,E,49
04-Dec-2023,15000,Antalya,Turkiye,E,49
11-Dec-2023,60000,Vacaria,Brazil,SA,50
11-Dec-2023,25000,Sharm ElSheikh,Egypt,AF,50
11-Dec-2023,25000,Nairobi,Kenya,AF,50
11-Dec-2023,25000,Monastir,Tunisia,AF,50
11-Dec-2023,15000,Melilla,Spain,E,50
11-Dec-2023,15000,Wellington ,New Zealand,O,50
11-Dec-2023,15000,Antalya,Turkiye,E,50
18-Dec-2023,25000,Solapur,India,A,51
18-Dec-2023,25000,Nairobi,Kenya,AF,51
18-Dec-2023,25000,Papamoa,New Zealand,O,51
18-Dec-2023,15000,Monastir,Tunisia,AF,51
18-Dec-2023,15000,Antalya,Turkiye,E,51
25-Dec-2023,40000,Navi Mumbai,India,A,52
25-Dec-2023,15000,Monastir,Tunisia,AF,52
,,,,,
,,,,,
,,,,,
,,,,,
,,,,,
,,,,,
,,,,,
,,,,,
,,,,,
,,,,,
,,,,,
,,,,,
,,,,,
,,,,,
,,,,,
,,,,,
,,,,,
,,,,,
,,,,,
,,,,,
,,,,,
,,,,,
,,,,,
,,,,,
,,,,,
,,,,,
,,,,,
,,,,,
,,,,,
,,,,,
,,,,,
,,,,,
,,,,,
,,,,,
,,,,,
,,,,,
,,,,,
,,,,,
,,,,,
,,,,,
,,,,,
,,,,,
,,,,,
,,,,,
,,,,,
,,,,,
,,,,,
,,,,,
,,,,,
,,,,,
,,,,,
,,,,,
,,,,,
,,,,,
,,,,,
,,,,,
,,,,,
,,,,,
,,,,,
,,,,,
,,,,,
,,,,,
,,,,,
,,,,,
,,,,,
,,,,,
,,,,,
,,,,,
,,,,,
,,,,,
,,,,,
,,,,,
,,,,,
,,,,,
,,,,,
,,,,,
,,,,,
,,,,,
,,,,,
,,,,,
,,,,,
,,,,,
,,,,,
,,,,,
,,,,,
,,,,,
,,,,,
,,,,,
,,,,,
,,,,,
,,,,,
,,,,,
,,,,,
,,,,,
,,,,,
,,,,,
,,,,,
,,,,,
,,,,,
,,,,,
,,,,,
,,,,,
,,,,,
,,,,,
,,,,,
,,,,,
,,,,,
,,,,,
,,,,,
,,,,,
,,,,,
,,,,,
,,,,,
,,,,,
,,,,,
,,,,,
,,,,,
,,,,,
,,,,,
,,,,,
,,,,,
,,,,,
,,,,,
,,,,,
,,,,,
,,,,,
,,,,,
,,,,,
,,,,,
,,,,,
,,,,,
,,,,,
,,,,,
,,,,,
,,,,,
,,,,,
,,,,,
,,,,,
,,,,,
,,,,,
,,,,,
,,,,,
,,,,,
,,,,,
,,,,,
,,,,,
,,,,,
,,,,,
,,,,,
,,,,,
,,,,,
,,,,,
,,,,,
,,,,,
,,,,,
,,,,,
,,,,,
,,,,,
,,,,,
,,,,,
,,,,,
,,,,,
,,,,,
,,,,,
,,,,,
,,,,,
,,,,,
,,,,,
,,,,,
,,,,,
,,,,,
,,,,,
,,,,,
,,,,,
,,,,,
,,,,,
,,,,,
,,,,,
,,,,,
,,,,,
,,,,,
,,,,,
,,,,,
,,,,,
,,,,,
,,,,,
,,,,,
,,,,,
,,,,,
,,,,,
,,,,,
,,,,,
,,,,,
,,,,,
,,,,,
,,,,,
,,,,,
,,,,,
,,,,,
,,,,,
,,,,,
,,,,,
,,,,,
,,,,,
,,,,,
,,,,,
,,,,,
,,,,,
,,,,,
,,,,,
,,,,,
,,,,,
,,,,,
,,,,,
,,,,,
,,,,,
,,,,,
,,,,,
,,,,,
,,,,,
,,,,,
,,,,,
,,,,,
,,,,,
,,,,,
,,,,,
,,,,,
,,,,,
,,,,,
,,,,,
,,,,,
,,,,,
,,,,,
,,,,,
,,,,,
,,,,,
,,,,,
,,,,,
,,,,,
,,,,,
,,,,,
,,,,,
,,,,,
,,,,,
,,,,,
,,,,,
,,,,,
,,,,,
,,,,,
,,,,,
,,,,,
,,,,,
,,,,,
,,,,,
,,,,,
,,,,,
,,,,,
,,,,,
,,,,,
,,,,,
,,,,,
,,,,,
,,,,,
,,,,,
,,,,,
,,,,,
,,,,,
,,,,,
,,,,,
,,,,,
,,,,,
,,,,,
,,,,,
,,,,,
,,,,,
,,,,,
,,,,,
,,,,,
,,,,,
,,,,,
,,,,,
,,,,,
,,,,,
,,,,,
,,,,,
,,,,,
,,,,,
,,,,,
,,,,,
,,,,,
,,,,,
,,,,,
,,,,,
,,,,,
,,,,,
,,,,,
,,,,,
,,,,,
,,,,,
,,,,,
,,,,,
,,,,,
,,,,,
,,,,,
,,,,,
,,,,,
,,,,,
,,,,,
,,,,,
,,,,,
,,,,,
,,,,,
,,,,,
,,,,,
,,,,,
,,,,,
,,,,,
,,,,,
,,,,,
,,,,,
,,,,,
,,,,,
,,,,,
,,,,,
,,,,,
,,,,,
,,,,,
,,,,,
,,,,,
,,,,,
,,,,,
,,,,,
,,,,,
,,,,,
,,,,,
,,,,,
,,,,,
,,,,,
,,,,,
,,,,,
,,,,,
,,,,,
,,,,,
,,,,,
,,,,,
,,,,,
,,,,,
,,,,,
,,,,,
,,,,,
,,,,,
,,,,,
,,,,,
,,,,,
,,,,,
,,,,,
,,,,,
,,,,,
,,,,,
,,,,,
,,,,,
,,,,,
,,,,,
,,,,,
,,,,,
,,,,,
,,,,,
,,,,,
,,,,,
,,,,,
,,,,,
,,,,,
,,,,,
,,,,,
,,,,,
,,,,,
,,,,,
,,,,,
,,,,,
,,,,,
,,,,,
,,,,,
,,,,,
,,,,,
,,,,,
,,,,,
,,,,,
,,,,,
,,,,,
,,,,,
,,,,,
,,,,,
,,,,,
,,,,,
,,,,,
,,,,,
,,,,,
,,,,,
,,,,,
,,,,,
,,,,,
,,,,,
,,,,,
,,,,,
,,,,,
,,,,,
,,,,,
,,,,,
,,,,,
,,,,,
,,,,,
,,,,,
,,,,,
,,,,,
,,,,,
,,,,,
,,,,,
,,,,,
,,,,,
,,,,,
,,,,,
,,,,,
,,,,,
,,,,,
,,,,,
,,,,,
,,,,,
,,,,,
,,,,,
,,,,,
,,,,,
,,,,,
,,,,,
,,,,,
,,,,,
,,,,,
,,,,,
,,,,,
,,,,,
,,,,,
,,,,,
,,,,,
,,,,,
,,,,,
,,,,,
,,,,,
,,,,,
,,,,,
,,,,,
,,,,,
,,,,,
,,,,,
,,,,,
,,,,,
,,,,,
,,,,,
,,,,,
,,,,,
,,,,,
,,,,,
,,,,,
,,,,,
,,,,,
,,,,,
,,,,,
,,,,,
,,,,,
,,,,,
,,,,,
,,,,,
,,,,,
,,,,,
,,,,,
,,,,,
,,,,,
,,,,,
,,,,,
,,,,,
,,,,,
,,,,,
,,,,,
,,,,,
,,,,,
,,,,,
,,,,,
,,,,,
,,,,,
,,,,,
,,,,,
,,,,,
,,,,,
,,,,,
,,,,,
,,,,,
,,,,,
,,,,,
,,,,,
,,,,,
,,,,,
,,,,,
,,,,,
,,,,,
,,,,,
,,,,,
,,,,,
,,,,,
,,,,,
,,,,,
,,,,,
,,,,,
,,,,,
,,,,,
,,,,,
,,,,,
,,,,,
,,,,,
,,,,,
,,,,,
,,,,,
,,,,,
,,,,,
,,,,,
,,,,,
,,,,,
,,,,,
,,,,,
,,,,,
,,,,,
,,,,,
,,,,,
,,,,,
,,,,,
,,,,,
,,,,,
,,,,,
,,,,,
,,,,,
,,,,,
,,,,,
,,,,,
,,,,,
,,,,,
,,,,,
,,,,,
,,,,,
,,,,,
,,,,,
,,,,,
,,,,,
,,,,,
,,,,,
,,,,,
,,,,,
,,,,,