W40 Pazardzhik,440.0,R32,40
W40 Pazardzhik,1199.0,R32,40
W40 Pazardzhik,493.0,R32,40
W40 Pazardzhik,394.0,R32,40
W40 Pazardzhik,459.0,R32,40
W40 Pazardzhik,719.0,R32,40
W40 Pazardzhik,515.0,R32,40
W40 Pazardzhik,1249.0,R32,40
W40 Pazardzhik,409.0,R32,40
W40 Pazardzhik,735.0,R32,40
W40 Pazardzhik,536.0,R32,40
W40 Pazardzhik,768.0,R32,40
W40 Pazardzhik,324.0,R32,40
W40 Pazardzhik,457.0,R32,40
W40 Pazardzhik,nan,R32,40
W40 Pazardzhik,239.0,R32,40
W40 Pazardzhik,921.0,R16,40
W40 Pazardzhik,275.0,R16,40
W40 Pazardzhik,251.0,R16,40
W40 Pazardzhik,450.0,R16,40
W40 Pazardzhik,308.0,R16,40
W40 Pazardzhik,776.0,R16,40
W40 Pazardzhik,392.0,R16,40
W40 Pazardzhik,415.0,R16,40
W40 Pazardzhik,307.0,QF,40
W40 Pazardzhik,281.0,QF,40
W40 Pazardzhik,471.0,QF,40
W40 Pazardzhik,501.0,QF,40
W40 Pazardzhik,378.0,SF,40
W40 Pazardzhik,301.0,SF,40
W40 Pazardzhik,285.0,F,40
W40 Pazardzhik,171.0,W,40
W40 Shenzhen,625.0,R32,40
W40 Shenzhen,656.0,R32,40
W40 Shenzhen,nan,R32,40
W40 Shenzhen,1183.0,R32,40
W40 Shenzhen,429.0,R32,40
W40 Shenzhen,nan,R32,40
W40 Shenzhen,1289.0,R32,40
W40 Shenzhen,475.0,R32,40
W40 Shenzhen,nan,R32,40
W40 Shenzhen,563.0,R32,40
W40 Shenzhen,818.0,R32,40
W40 Shenzhen,794.0,R32,40
W40 Shenzhen,511.0,R32,40
W40 Shenzhen,921.0,R32,40
W40 Shenzhen,nan,R32,40
W40 Shenzhen,1061.0,R32,40
W40 Shenzhen,590.0,R16,40
W40 Shenzhen,703.0,R16,40
W40 Shenzhen,1169.0,R16,40
W40 Shenzhen,1237.0,R16,40
W40 Shenzhen,538.0,R16,40
W40 Shenzhen,344.0,R16,40
W40 Shenzhen,944.0,R16,40
W40 Shenzhen,1001.0,R16,40
W40 Shenzhen,214.0,QF,40
W40 Shenzhen,786.0,QF,40
W40 Shenzhen,693.0,QF,40
W40 Shenzhen,878.0,QF,40
W40 Shenzhen,535.0,SF,40
W40 Shenzhen,252.0,SF,40
W40 Shenzhen,735.0,F,40
W40 Shenzhen,836.0,W,40
W40 Anapoima,371.0,R32,40
W40 Anapoima,629.0,R32,40
W40 Anapoima,485.0,R32,40
W40 Anapoima,396.0,R32,40
W40 Anapoima,358.0,R32,40
W40 Anapoima,355.0,R32,40
W40 Anapoima,440.0,R32,40
W40 Anapoima,227.0,R32,40
W40 Anapoima,293.0,R32,40
W40 Anapoima,905.0,R32,40
W40 Anapoima,715.0,R32,40
W40 Anapoima,153.0,R32,40
W40 Anapoima,993.0,R32,40
W40 Anapoima,455.0,R32,40
W40 Anapoima,240.0,R32,40
W40 Anapoima,131.0,R32,40
W40 Anapoima,290.0,R16,40
W40 Anapoima,209.0,R16,40
W40 Anapoima,174.0,R16,40
W40 Anapoima,nan,R16,40
W40 Anapoima,418.0,R16,40
W40 Anapoima,306.0,R16,40
W40 Anapoima,211.0,R16,40
W40 Anapoima,266.0,R16,40
W40 Anapoima,328.0,QF,40
W40 Anapoima,249.0,QF,40
W40 Anapoima,745.0,QF,40
W40 Anapoima,295.0,QF,40
W40 Anapoima,179.0,SF,40
W40 Anapoima,188.0,SF,40
W40 Anapoima,219.0,F,40
W40 Anapoima,130.0,W,40
W40 Split,107.0,R32,40
W40 Split,223.0,R32,40
W40 Split,262.0,R32,40
W40 Split,249.0,R32,40
W40 Split,439.0,R32,40
W40 Split,858.0,R32,40
W40 Split,nan,R32,40
W40 Split,nan,R32,40
W40 Split,306.0,R32,40
W40 Split,583.0,R32,40
W40 Split,nan,R32,40
W40 Split,215.0,R32,40
W40 Split,469.0,R32,40
W40 Split,274.0,R32,40
W40 Split,271.0,R32,40
W40 Split,159.0,R32,40
W40 Split,219.0,R16,40
W40 Split,180.0,R16,40
W40 Split,251.0,R16,40
W40 Split,693.0,R16,40
W40 Split,229.0,R16,40
W40 Split,1254.0,R16,40
W40 Split,220.0,R16,40
W40 Split,790.0,R16,40
W40 Split,276.0,QF,40
W40 Split,171.0,QF,40
W40 Split,213.0,QF,40
W40 Split,210.0,QF,40
W40 Split,273.0,SF,40
W40 Split,319.0,SF,40
W40 Split,169.0,F,40
W40 Split,170.0,W,40
W40 Ricany,286.0,R32,40
W40 Ricany,349.0,R32,40
W40 Ricany,235.0,R32,40
W40 Ricany,354.0,R32,40
W40 Ricany,522.0,R32,40
W40 Ricany,nan,R32,40
W40 Ricany,276.0,R32,40
W40 Ricany,224.0,R32,40
W40 Ricany,158.0,R32,40
W40 Ricany,434.0,R32,40
W40 Ricany,369.0,R32,40
W40 Ricany,271.0,R32,40
W40 Ricany,175.0,R32,40
W40 Ricany,336.0,R32,40
W40 Ricany,548.0,R32,40
W40 Ricany,1210.0,R32,40
W40 Ricany,116.0,R16,40
W40 Ricany,234.0,R16,40
W40 Ricany,215.0,R16,40
W40 Ricany,193.0,R16,40
W40 Ricany,346.0,R16,40
W40 Ricany,157.0,R16,40
W40 Ricany,345.0,R16,40
W40 Ricany,132.0,R16,40
W40 Ricany,159.0,QF,40
W40 Ricany,279.0,QF,40
W40 Ricany,257.0,QF,40
W40 Ricany,238.0,QF,40
W40 Ricany,139.0,SF,40
W40 Ricany,204.0,SF,40
W40 Ricany,229.0,F,40
W40 Ricany,292.0,W,40
W40 Palma del Rio,226.0,R32,40
W40 Palma del Rio,481.0,R32,40
W40 Palma del Rio,298.0,R32,40
W40 Palma del Rio,255.0,R32,40
W40 Palma del Rio,544.0,R32,40
W40 Palma del Rio,378.0,R32,40
W40 Palma del Rio,365.0,R32,40
W40 Palma del Rio,nan,R32,40
W40 Palma del Rio,296.0,R32,40
W40 Palma del Rio,641.0,R32,40
W40 Palma del Rio,1042.0,R32,40
W40 Palma del Rio,252.0,R32,40
W40 Palma del Rio,nan,R32,40
W40 Palma del Rio,486.0,R32,40
W40 Palma del Rio,327.0,R32,40
W40 Palma del Rio,233.0,R32,40
W40 Palma del Rio,494.0,R16,40
W40 Palma del Rio,404.0,R16,40
W40 Palma del Rio,424.0,R16,40
W40 Palma del Rio,377.0,R16,40
W40 Palma del Rio,267.0,R16,40
W40 Palma del Rio,nan,R16,40
W40 Palma del Rio,401.0,R16,40
W40 Palma del Rio,445.0,R16,40
W40 Palma del Rio,323.0,QF,40
W40 Palma del Rio,261.0,QF,40
W40 Palma del Rio,463.0,QF,40
W40 Palma del Rio,680.0,QF,40
W40 Palma del Rio,485.0,SF,40
W40 Palma del Rio,357.0,SF,40
W40 Palma del Rio,282.0,F,40
W40 Palma del Rio,243.0,W,40
W40 Tallinn,273.0,R32,40
W40 Tallinn,292.0,R32,40
W40 Tallinn,504.0,R32,40
W40 Tallinn,245.0,R32,40
W40 Tallinn,546.0,R32,40
W40 Tallinn,nan,R32,40
W40 Tallinn,347.0,R32,40
W40 Tallinn,389.0,R32,40
W40 Tallinn,286.0,R32,40
W40 Tallinn,285.0,R32,40
W40 Tallinn,883.0,R32,40
W40 Tallinn,244.0,R32,40
W40 Tallinn,256.0,R32,40
W40 Tallinn,1198.0,R32,40
W40 Tallinn,306.0,R32,40
W40 Tallinn,567.0,R32,40
W40 Tallinn,748.0,R16,40
W40 Tallinn,823.0,R16,40
W40 Tallinn,279.0,R16,40
W40 Tallinn,261.0,R16,40
W40 Tallinn,250.0,R16,40
W40 Tallinn,367.0,R16,40
W40 Tallinn,448.0,R16,40
W40 Tallinn,316.0,R16,40
W40 Tallinn,266.0,QF,40
W40 Tallinn,434.0,QF,40
W40 Tallinn,300.0,QF,40
W40 Tallinn,233.0,QF,40
W40 Tallinn,348.0,SF,40
W40 Tallinn,374.0,SF,40
W40 Tallinn,235.0,F,40
W40 Tallinn,322.0,W,40
W40 Tallinn,298.0,R32,40
W40 Tallinn,289.0,R32,40
W40 Tallinn,278.0,R32,40
W40 Tallinn,231.0,R32,40
W40 Tallinn,192.0,R32,40
W40 Tallinn,570.0,R32,40
W40 Tallinn,800.0,R32,40
W40 Tallinn,1158.0,R32,40
W40 Tallinn,473.0,R32,40
W40 Tallinn,433.0,R32,40
W40 Tallinn,351.0,R32,40
W40 Tallinn,222.0,R32,40
W40 Tallinn,248.0,R32,40
W40 Tallinn,427.0,R32,40
W40 Tallinn,259.0,R32,40
W40 Tallinn,1092.0,R32,40
W40 Tallinn,255.0,R16,40
W40 Tallinn,261.0,R16,40
W40 Tallinn,262.0,R16,40
W40 Tallinn,233.0,R16,40
W40 Tallinn,274.0,R16,40
W40 Tallinn,279.0,R16,40
W40 Tallinn,249.0,R16,40
W40 Tallinn,309.0,R16,40
W40 Tallinn,382.0,QF,40
W40 Tallinn,263.0,QF,40
W40 Tallinn,213.0,QF,40
W40 Tallinn,312.0,QF,40
W40 Tallinn,260.0,SF,40
W40 Tallinn,163.0,SF,40
W40 Tallinn,119.0,F,40
W40 Tallinn,326.0,W,40
W40 Macon,82.0,R32,40
W40 Macon,284.0,R32,40
W40 Macon,636.0,R32,40
W40 Macon,488.0,R32,40
W40 Macon,404.0,R32,40
W40 Macon,204.0,R32,40
W40 Macon,205.0,R32,40
W40 Macon,163.0,R32,40
W40 Macon,184.0,R32,40
W40 Macon,414.0,R32,40
W40 Macon,321.0,R32,40
W40 Macon,132.0,R32,40
W40 Macon,556.0,R32,40
W40 Macon,349.0,R32,40
W40 Macon,423.0,R32,40
W40 Macon,207.0,R32,40
W40 Macon,259.0,R16,40
W40 Macon,172.0,R16,40
W40 Macon,533.0,R16,40
W40 Macon,277.0,R16,40
W40 Macon,175.0,R16,40
W40 Macon,493.0,R16,40
W40 Macon,157.0,R16,40
W40 Macon,116.0,R16,40
W40 Macon,224.0,QF,40
W40 Macon,nan,QF,40
W40 Macon,nan,QF,40
W40 Macon,387.0,QF,40
W40 Macon,119.0,SF,40
W40 Macon,241.0,SF,40
W40 Macon,246.0,F,40
W40 Macon,162.0,W,40
W40+H Calvi,1179.0,R32,40
W40+H Calvi,622.0,R32,40
W40+H Calvi,342.0,R32,40
W40+H Calvi,198.0,R32,40
W40+H Calvi,796.0,R32,40
W40+H Calvi,753.0,R32,40
W40+H Calvi,707.0,R32,40
W40+H Calvi,415.0,R32,40
W40+H Calvi,595.0,R32,40
W40+H Calvi,507.0,R32,40
W40+H Calvi,1320.0,R32,40
W40+H Calvi,742.0,R32,40
W40+H Calvi,224.0,R32,40
W40+H Calvi,830.0,R32,40
W40+H Calvi,630.0,R32,40
W40+H Calvi,545.0,R32,40
W40+H Calvi,675.0,R16,40
W40+H Calvi,683.0,R16,40
W40+H Calvi,410.0,R16,40
W40+H Calvi,282.0,R16,40
W40+H Calvi,230.0,R16,40
W40+H Calvi,489.0,R16,40
W40+H Calvi,382.0,R16,40
W40+H Calvi,237.0,R16,40
W40+H Calvi,270.0,QF,40
W40+H Calvi,140.0,QF,40
W40+H Calvi,165.0,QF,40
W40+H Calvi,338.0,QF,40
W40+H Calvi,124.0,SF,40
W40+H Calvi,208.0,SF,40
W40+H Calvi,169.0,F,40
W40+H Calvi,117.0,W,40
W40 Saint-Palais-sur-Mer,217.0,R32,40
W40 Saint-Palais-sur-Mer,462.0,R32,40
W40 Saint-Palais-sur-Mer,527.0,R32,40
W40 Saint-Palais-sur-Mer,300.0,R32,40
W40 Saint-Palais-sur-Mer,268.0,R32,40
W40 Saint-Palais-sur-Mer,577.0,R32,40
W40 Saint-Palais-sur-Mer,510.0,R32,40
W40 Saint-Palais-sur-Mer,416.0,R32,40
W40 Saint-Palais-sur-Mer,396.0,R32,40
W40 Saint-Palais-sur-Mer,880.0,R32,40
W40 Saint-Palais-sur-Mer,nan,R32,40
W40 Saint-Palais-sur-Mer,492.0,R32,40
W40 Saint-Palais-sur-Mer,303.0,R32,40
W40 Saint-Palais-sur-Mer,1045.0,R32,40
W40 Saint-Palais-sur-Mer,778.0,R32,40
W40 Saint-Palais-sur-Mer,521.0,R32,40
W40 Saint-Palais-sur-Mer,nan,R16,40
W40 Saint-Palais-sur-Mer,409.0,R16,40
W40 Saint-Palais-sur-Mer,378.0,R16,40
W40 Saint-Palais-sur-Mer,359.0,R16,40
W40 Saint-Palais-sur-Mer,616.0,R16,40
W40 Saint-Palais-sur-Mer,284.0,R16,40
W40 Saint-Palais-sur-Mer,703.0,R16,40
W40 Saint-Palais-sur-Mer,681.0,R16,40
W40 Saint-Palais-sur-Mer,370.0,QF,40
W40 Saint-Palais-sur-Mer,853.0,QF,40
W40 Saint-Palais-sur-Mer,472.0,QF,40
W40 Saint-Palais-sur-Mer,245.0,QF,40
W40 Saint-Palais-sur-Mer,548.0,SF,40
W40 Saint-Palais-sur-Mer,458.0,SF,40
W40 Saint-Palais-sur-Mer,331.0,F,40
W40 Saint-Palais-sur-Mer,293.0,W,40
W40 Tbilisi,127.0,R32,40
W40 Tbilisi,1235.0,R32,40
W40 Tbilisi,1111.0,R32,40
W40 Tbilisi,450.0,R32,40
W40 Tbilisi,653.0,R32,40
W40 Tbilisi,746.0,R32,40
W40 Tbilisi,674.0,R32,40
W40 Tbilisi,971.0,R32,40
W40 Tbilisi,502.0,R32,40
W40 Tbilisi,655.0,R32,40
W40 Tbilisi,343.0,R32,40
W40 Tbilisi,238.0,R32,40
W40 Tbilisi,420.0,R32,40
W40 Tbilisi,nan,R32,40
W40 Tbilisi,335.0,R32,40
W40 Tbilisi,nan,R32,40
W40 Tbilisi,724.0,R16,40
W40 Tbilisi,264.0,R16,40
W40 Tbilisi,359.0,R16,40
W40 Tbilisi,299.0,R16,40
W40 Tbilisi,978.0,R16,40
W40 Tbilisi,578.0,R16,40
W40 Tbilisi,496.0,R16,40
W40 Tbilisi,185.0,R16,40
W40 Tbilisi,483.0,QF,40
W40 Tbilisi,346.0,QF,40
W40 Tbilisi,270.0,QF,40
W40 Tbilisi,602.0,QF,40
W40 Tbilisi,224.0,SF,40
W40 Tbilisi,836.0,SF,40
W40 Tbilisi,250.0,F,40
W40 Tbilisi,321.0,W,40
W40 Heraklion,360.0,R32,40
W40 Heraklion,339.0,R32,40
W40 Heraklion,nan,R32,40
W40 Heraklion,471.0,R32,40
W40 Heraklion,589.0,R32,40
W40 Heraklion,280.0,R32,40
W40 Heraklion,577.0,R32,40
W40 Heraklion,458.0,R32,40
W40 Heraklion,434.0,R32,40
W40 Heraklion,583.0,R32,40
W40 Heraklion,881.0,R32,40
W40 Heraklion,286.0,R32,40
W40 Heraklion,315.0,R32,40
W40 Heraklion,564.0,R32,40
W40 Heraklion,364.0,R32,40
W40 Heraklion,273.0,R32,40
W40 Heraklion,327.0,R16,40
W40 Heraklion,275.0,R16,40
W40 Heraklion,183.0,R16,40
W40 Heraklion,226.0,R16,40
W40 Heraklion,272.0,R16,40
W40 Heraklion,485.0,R16,40
W40 Heraklion,702.0,R16,40
W40 Heraklion,462.0,R16,40
W40 Heraklion,230.0,QF,40
W40 Heraklion,259.0,QF,40
W40 Heraklion,187.0,QF,40
W40 Heraklion,190.0,QF,40
W40 Heraklion,306.0,SF,40
W40 Heraklion,139.0,SF,40
W40 Heraklion,109.0,F,40
W40 Heraklion,224.0,W,40
W40 Heraklion (Coaching Trial),714.0,R32,40
W40 Heraklion (Coaching Trial),423.0,R32,40
W40 Heraklion (Coaching Trial),449.0,R32,40
W40 Heraklion (Coaching Trial),280.0,R32,40
W40 Heraklion (Coaching Trial),211.0,R32,40
W40 Heraklion (Coaching Trial),357.0,R32,40
W40 Heraklion (Coaching Trial),571.0,R32,40
W40 Heraklion (Coaching Trial),643.0,R32,40
W40 Heraklion (Coaching Trial),274.0,R32,40
W40 Heraklion (Coaching Trial),560.0,R32,40
W40 Heraklion (Coaching Trial),708.0,R32,40
W40 Heraklion (Coaching Trial),443.0,R32,40
W40 Heraklion (Coaching Trial),1230.0,R32,40
W40 Heraklion (Coaching Trial),906.0,R32,40
W40 Heraklion (Coaching Trial),316.0,R32,40
W40 Heraklion (Coaching Trial),433.0,R32,40
W40 Heraklion (Coaching Trial),625.0,R16,40
W40 Heraklion (Coaching Trial),380.0,R16,40
W40 Heraklion (Coaching Trial),413.0,R16,40
W40 Heraklion (Coaching Trial),229.0,R16,40
W40 Heraklion (Coaching Trial),292.0,R16,40
W40 Heraklion (Coaching Trial),448.0,R16,40
W40 Heraklion (Coaching Trial),226.0,R16,40
W40 Heraklion (Coaching Trial),397.0,R16,40
W40 Heraklion (Coaching Trial),509.0,QF,40
W40 Heraklion (Coaching Trial),378.0,QF,40
W40 Heraklion (Coaching Trial),291.0,QF,40
W40 Heraklion (Coaching Trial),264.0,QF,40
W40 Heraklion (Coaching Trial),304.0,SF,40
W40 Heraklion (Coaching Trial),189.0,SF,40
W40 Heraklion (Coaching Trial),184.0,F,40
W40 Heraklion (Coaching Trial),133.0,W,40
W40 Bhopal,707.0,R32,40
W40 Bhopal,522.0,R32,40
W40 Bhopal,409.0,R32,40
W40 Bhopal,917.0,R32,40
W40 Bhopal,981.0,R32,40
W40 Bhopal,458.0,R32,40
W40 Bhopal,nan,R32,40
W40 Bhopal,861.0,R32,40
W40 Bhopal,652.0,R32,40
W40 Bhopal,552.0,R32,40
W40 Bhopal,509.0,R32,40
W40 Bhopal,208.0,R32,40
W40 Bhopal,345.0,R32,40
W40 Bhopal,374.0,R32,40
W40 Bhopal,479.0,R32,40
W40 Bhopal,380.0,R32,40
W40 Bhopal,294.0,R16,40
W40 Bhopal,270.0,R16,40
W40 Bhopal,244.0,R16,40
W40 Bhopal,426.0,R16,40
W40 Bhopal,483.0,R16,40
W40 Bhopal,585.0,R16,40
W40 Bhopal,241.0,R16,40
W40 Bhopal,258.0,R16,40
W40 Bhopal,176.0,QF,40
W40 Bhopal,612.0,QF,40
W40 Bhopal,1290.0,QF,40
W40 Bhopal,829.0,QF,40
W40 Bhopal,230.0,SF,40
W40 Bhopal,245.0,SF,40
W40 Bhopal,195.0,F,40
W40 Bhopal,227.0,W,40
W40 Pune,479.0,R32,40
W40 Pune,nan,R32,40
W40 Pune,nan,R32,40
W40 Pune,1110.0,R32,40
W40 Pune,nan,R32,40
W40 Pune,458.0,R32,40
W40 Pune,861.0,R32,40
W40 Pune,743.0,R32,40
W40 Pune,nan,R32,40
W40 Pune,812.0,R32,40
W40 Pune,522.0,R32,40
W40 Pune,509.0,R32,40
W40 Pune,230.0,R32,40
W40 Pune,294.0,R32,40
W40 Pune,552.0,R32,40
W40 Pune,nan,R32,40
W40 Pune,426.0,R16,40
W40 Pune,717.0,R16,40
W40 Pune,829.0,R16,40
W40 Pune,585.0,R16,40
W40 Pune,707.0,R16,40
W40 Pune,nan,R16,40
W40 Pune,483.0,R16,40
W40 Pune,409.0,R16,40
W40 Pune,244.0,QF,40
W40 Pune,270.0,QF,40
W40 Pune,227.0,QF,40
W40 Pune,612.0,QF,40
W40 Pune,258.0,SF,40
W40 Pune,245.0,SF,40
W40 Pune,nan,F,40
W40 Pune,nan,W,40
W40 Bengaluru,486.0,R32,40
W40 Bengaluru,628.0,R32,40
W40 Bengaluru,672.0,R32,40
W40 Bengaluru,492.0,R32,40
W40 Bengaluru,206.0,R32,40
W40 Bengaluru,1045.0,R32,40
W40 Bengaluru,308.0,R32,40
W40 Bengaluru,417.0,R32,40
W40 Bengaluru,298.0,R32,40
W40 Bengaluru,nan,R32,40
W40 Bengaluru,911.0,R32,40
W40 Bengaluru,nan,R32,40
W40 Bengaluru,889.0,R32,40
W40 Bengaluru,611.0,R32,40
W40 Bengaluru,454.0,R32,40
W40 Bengaluru,198.0,R32,40
W40 Bengaluru,311.0,R16,40
W40 Bengaluru,643.0,R16,40
W40 Bengaluru,563.0,R16,40
W40 Bengaluru,432.0,R16,40
W40 Bengaluru,404.0,R16,40
W40 Bengaluru,356.0,R16,40
W40 Bengaluru,733.0,R16,40
W40 Bengaluru,389.0,R16,40
W40 Bengaluru,280.0,QF,40
W40 Bengaluru,473.0,QF,40
W40 Bengaluru,370.0,QF,40
W40 Bengaluru,304.0,QF,40
W40 Bengaluru,243.0,SF,40
W40 Bengaluru,419.0,SF,40
W40 Bengaluru,241.0,F,40
W40 Bengaluru,163.0,W,40
W40 Navi Mumbai,827.0,R32,40
W40 Navi Mumbai,963.0,R32,40
W40 Navi Mumbai,923.0,R32,40
W40 Navi Mumbai,1004.0,R32,40
W40 Navi Mumbai,855.0,R32,40
W40 Navi Mumbai,881.0,R32,40
W40 Navi Mumbai,542.0,R32,40
W40 Navi Mumbai,nan,R32,40
W40 Navi Mumbai,366.0,R32,40
W40 Navi Mumbai,1310.0,R32,40
W40 Navi Mumbai,nan,R32,40
W40 Navi Mumbai,nan,R32,40
W40 Navi Mumbai,534.0,R32,40
W40 Navi Mumbai,1310.0,R32,40
W40 Navi Mumbai,761.0,R32,40
W40 Navi Mumbai,563.0,R32,40
W40 Navi Mumbai,485.0,R16,40
W40 Navi Mumbai,469.0,R16,40
W40 Navi Mumbai,246.0,R16,40
W40 Navi Mumbai,716.0,R16,40
W40 Navi Mumbai,753.0,R16,40
W40 Navi Mumbai,283.0,R16,40
W40 Navi Mumbai,417.0,R16,40
W40 Navi Mumbai,432.0,R16,40
W40 Navi Mumbai,566.0,QF,40
W40 Navi Mumbai,620.0,QF,40
W40 Navi Mumbai,656.0,QF,40
W40 Navi Mumbai,479.0,QF,40
W40 Navi Mumbai,346.0,SF,40
W40 Navi Mumbai,510.0,SF,40
W40 Navi Mumbai,185.0,F,40
W40 Navi Mumbai,199.0,W,40
W40 Nanao,696.0,R32,40
W40 Nanao,775.0,R32,40
W40 Nanao,1116.0,R32,40
W40 Nanao,nan,R32,40
W40 Nanao,nan,R32,40
W40 Nanao,660.0,R32,40
W40 Nanao,nan,R32,40
W40 Nanao,1011.0,R32,40
W40 Nanao,857.0,R32,40
W40 Nanao,628.0,R32,40
W40 Nanao,824.0,R32,40
W40 Nanao,425.0,R32,40
W40 Nanao,635.0,R32,40
W40 Nanao,781.0,R32,40
W40 Nanao,932.0,R32,40
W40 Nanao,661.0,R32,40
W40 Nanao,1192.0,R16,40
W40 Nanao,977.0,R16,40
W40 Nanao,397.0,R16,40
W40 Nanao,916.0,R16,40
W40 Nanao,921.0,R16,40
W40 Nanao,766.0,R16,40
W40 Nanao,1232.0,R16,40
W40 Nanao,nan,R16,40
W40 Nanao,592.0,QF,40
W40 Nanao,1007.0,QF,40
W40 Nanao,875.0,QF,40
W40 Nanao,518.0,QF,40
W40 Nanao,552.0,SF,40
W40 Nanao,508.0,SF,40
W40 Nanao,222.0,F,40
W40 Nanao,260.0,W,40
W40 Yokohama,466.0,R32,40
W40 Yokohama,555.0,R32,40
W40 Yokohama,nan,R32,40
W40 Yokohama,335.0,R32,40
W40 Yokohama,546.0,R32,40
W40 Yokohama,nan,R32,40
W40 Yokohama,380.0,R32,40
W40 Yokohama,552.0,R32,40
W40 Yokohama,215.0,R32,40
W40 Yokohama,757.0,R32,40
W40 Yokohama,nan,R32,40
W40 Yokohama,219.0,R32,40
W40 Yokohama,304.0,R32,40
W40 Yokohama,880.0,R32,40
W40 Yokohama,258.0,R32,40
W40 Yokohama,409.0,R32,40
W40 Yokohama,101.0,R16,40
W40 Yokohama,261.0,R16,40
W40 Yokohama,426.0,R16,40
W40 Yokohama,664.0,R16,40
W40 Yokohama,530.0,R16,40
W40 Yokohama,548.0,R16,40
W40 Yokohama,242.0,R16,40
W40 Yokohama,365.0,R16,40
W40 Yokohama,216.0,QF,40
W40 Yokohama,173.0,QF,40
W40 Yokohama,249.0,QF,40
W40 Yokohama,397.0,QF,40
W40 Yokohama,235.0,SF,40
W40 Yokohama,117.0,SF,40
W40 Yokohama,368.0,F,40
W40 Yokohama,301.0,W,40
W40 Astana,131.0,R32,40
W40 Astana,539.0,R32,40
W40 Astana,514.0,R32,40
W40 Astana,311.0,R32,40
W40 Astana,349.0,R32,40
W40 Astana,253.0,R32,40
W40 Astana,209.0,R32,40
W40 Astana,175.0,R32,40
W40 Astana,165.0,R32,40
W40 Astana,212.0,R32,40
W40 Astana,193.0,R32,40
W40 Astana,282.0,R32,40
W40 Astana,1183.0,R32,40
W40 Astana,238.0,R32,40
W40 Astana,448.0,R32,40
W40 Astana,222.0,R32,40
W40 Astana,228.0,R16,40
W40 Astana,177.0,R16,40
W40 Astana,473.0,R16,40
W40 Astana,314.0,R16,40
W40 Astana,215.0,R16,40
W40 Astana,505.0,R16,40
W40 Astana,549.0,R16,40
W40 Astana,239.0,R16,40
W40 Astana,223.0,QF,40
W40 Astana,144.0,QF,40
W40 Astana,371.0,QF,40
W40 Astana,141.0,QF,40
W40 Astana,179.0,SF,40
W40 Astana,170.0,SF,40
W40 Astana,200.0,F,40
W40 Astana,167.0,W,40
W40 Petange,220.0,R32,40
W40 Petange,599.0,R32,40
W40 Petange,307.0,R32,40
W40 Petange,124.0,R32,40
W40 Petange,1178.0,R32,40
W40 Petange,370.0,R32,40
W40 Petange,267.0,R32,40
W40 Petange,158.0,R32,40
W40 Petange,132.0,R32,40
W40 Petange,865.0,R32,40
W40 Petange,423.0,R32,40
W40 Petange,1041.0,R32,40
W40 Petange,583.0,R32,40
W40 Petange,272.0,R32,40
W40 Petange,395.0,R32,40
W40 Petange,nan,R32,40
W40 Petange,229.0,R16,40
W40 Petange,299.0,R16,40
W40 Petange,247.0,R16,40
W40 Petange,538.0,R16,40
W40 Petange,453.0,R16,40
W40 Petange,642.0,R16,40
W40 Petange,nan,R16,40
W40 Petange,244.0,R16,40
W40 Petange,85.0,QF,40
W40 Petange,297.0,QF,40
W40 Petange,488.0,QF,40
W40 Petange,546.0,QF,40
W40 Petange,371.0,SF,40
W40 Petange,114.0,SF,40
W40 Petange,204.0,F,40
W40 Petange,101.0,W,40
W40 Mexico City,519.0,R32,40
W40 Mexico City,481.0,R32,40
W40 Mexico City,1252.0,R32,40
W40 Mexico City,725.0,R32,40
W40 Mexico City,210.0,R32,40
W40 Mexico City,305.0,R32,40
W40 Mexico City,nan,R32,40
W40 Mexico City,nan,R32,40
W40 Mexico City,308.0,R32,40
W40 Mexico City,621.0,R32,40
W40 Mexico City,429.0,R32,40
W40 Mexico City,228.0,R32,40
W40 Mexico City,256.0,R32,40
W40 Mexico City,664.0,R32,40
W40 Mexico City,357.0,R32,40
W40 Mexico City,nan,R32,40
W40 Mexico City,598.0,R16,40
W40 Mexico City,253.0,R16,40
W40 Mexico City,624.0,R16,40
W40 Mexico City,562.0,R16,40
W40 Mexico City,645.0,R16,40
W40 Mexico City,485.0,R16,40
W40 Mexico City,298.0,R16,40
W40 Mexico City,373.0,R16,40
W40 Mexico City,327.0,QF,40
W40 Mexico City,260.0,QF,40
W40 Mexico City,351.0,QF,40
W40 Mexico City,337.0,QF,40
W40 Mexico City,406.0,SF,40
W40 Mexico City,151.0,SF,40
W40 Mexico City,128.0,F,40
W40 Mexico City,346.0,W,40
W40 Mexico City,292.0,R32,40
W40 Mexico City,215.0,R32,40
W40 Mexico City,313.0,R32,40
W40 Mexico City,228.0,R32,40
W40 Mexico City,nan,R32,40
W40 Mexico City,717.0,R32,40
W40 Mexico City,251.0,R32,40
W40 Mexico City,326.0,R32,40
W40 Mexico City,167.0,R32,40
W40 Mexico City,647.0,R32,40
W40 Mexico City,223.0,R32,40
W40 Mexico City,364.0,R32,40
W40 Mexico City,358.0,R32,40
W40 Mexico City,593.0,R32,40
W40 Mexico City,252.0,R32,40
W40 Mexico City,146.0,R32,40
W40 Mexico City,265.0,R16,40
W40 Mexico City,216.0,R16,40
W40 Mexico City,513.0,R16,40
W40 Mexico City,662.0,R16,40
W40 Mexico City,273.0,R16,40
W40 Mexico City,507.0,R16,40
W40 Mexico City,169.0,R16,40
W40 Mexico City,536.0,R16,40
W40 Mexico City,425.0,QF,40
W40 Mexico City,210.0,QF,40
W40 Mexico City,154.0,QF,40
W40 Mexico City,320.0,QF,40
W40 Mexico City,114.0,SF,40
W40 Mexico City,250.0,SF,40
W40 Mexico City,368.0,F,40
W40 Mexico City,256.0,W,40
W40 Guadalajara,nan,R32,40
W40 Guadalajara,nan,R32,40
W40 Guadalajara,1321.0,R32,40
W40 Guadalajara,1224.0,R32,40
W40 Guadalajara,484.0,R32,40
W40 Guadalajara,780.0,R32,40
W40 Guadalajara,1370.0,R32,40
W40 Guadalajara,606.0,R32,40
W40 Guadalajara,nan,R32,40
W40 Guadalajara,440.0,R32,40
W40 Guadalajara,nan,R32,40
W40 Guadalajara,1108.0,R32,40
W40 Guadalajara,361.0,R32,40
W40 Guadalajara,1110.0,R32,40
W40 Guadalajara,nan,R32,40
W40 Guadalajara,1281.0,R32,40
W40 Guadalajara,750.0,R16,40
W40 Guadalajara,939.0,R16,40
W40 Guadalajara,327.0,R16,40
W40 Guadalajara,497.0,R16,40
W40 Guadalajara,961.0,R16,40
W40 Guadalajara,845.0,R16,40
W40 Guadalajara,873.0,R16,40
W40 Guadalajara,633.0,R16,40
W40 Guadalajara,443.0,QF,40
W40 Guadalajara,603.0,QF,40
W40 Guadalajara,362.0,QF,40
W40 Guadalajara,475.0,QF,40
W40 Guadalajara,353.0,SF,40
W40 Guadalajara,237.0,SF,40
W40 Guadalajara,309.0,F,40
W40 Guadalajara,119.0,W,40
W40 Veracruz,nan,R32,40
W40 Veracruz,421.0,R32,40
W40 Veracruz,614.0,R32,40
W40 Veracruz,569.0,R32,40
W40 Veracruz,604.0,R32,40
W40 Veracruz,nan,R32,40
W40 Veracruz,896.0,R32,40
W40 Veracruz,nan,R32,40
W40 Veracruz,342.0,R32,40
W40 Veracruz,nan,R32,40
W40 Veracruz,495.0,R32,40
W40 Veracruz,708.0,R32,40
W40 Veracruz,462.0,R32,40
W40 Veracruz,464.0,R32,40
W40 Veracruz,450.0,R32,40
W40 Veracruz,759.0,R32,40
W40 Veracruz,551.0,R16,40
W40 Veracruz,299.0,R16,40
W40 Veracruz,475.0,R16,40
W40 Veracruz,316.0,R16,40
W40 Veracruz,nan,R16,40
W40 Veracruz,328.0,R16,40
W40 Veracruz,449.0,R16,40
W40 Veracruz,522.0,R16,40
W40 Veracruz,230.0,QF,40
W40 Veracruz,652.0,QF,40
W40 Veracruz,327.0,QF,40
W40 Veracruz,339.0,QF,40
W40 Veracruz,402.0,SF,40
W40 Veracruz,275.0,SF,40
W40 Veracruz,445.0,F,40
W40 Veracruz,298.0,W,40
W40 Skopje,460.0,R64,40
W40 Skopje,1201.0,R64,40
W40 Skopje,920.0,R64,40
W40 Skopje,438.0,R64,40
W40 Skopje,526.0,R64,40
W40 Skopje,715.0,R64,40
W40 Skopje,nan,R64,40
W40 Skopje,366.0,R64,40
W40 Skopje,417.0,R64,40
W40 Skopje,1312.0,R64,40
W40 Skopje,965.0,R64,40
W40 Skopje,471.0,R64,40
W40 Skopje,729.0,R64,40
W40 Skopje,398.0,R64,40
W40 Skopje,785.0,R64,40
W40 Skopje,538.0,R64,40
W40 Skopje,629.0,R32,40
W40 Skopje,506.0,R32,40
W40 Skopje,320.0,R32,40
W40 Skopje,220.0,R32,40
W40 Skopje,702.0,R32,40
W40 Skopje,497.0,R32,40
W40 Skopje,465.0,R32,40
W40 Skopje,555.0,R32,40
W40 Skopje,276.0,R32,40
W40 Skopje,505.0,R32,40
W40 Skopje,370.0,R32,40
W40 Skopje,751.0,R32,40
W40 Skopje,260.0,R32,40
W40 Skopje,321.0,R32,40
W40 Skopje,582.0,R32,40
W40 Skopje,492.0,R32,40
W40 Skopje,317.0,R16,40
W40 Skopje,494.0,R16,40
W40 Skopje,368.0,R16,40
W40 Skopje,322.0,R16,40
W40 Skopje,475.0,R16,40
W40 Skopje,231.0,R16,40
W40 Skopje,443.0,R16,40
W40 Skopje,203.0,R16,40
W40 Skopje,146.0,QF,40
W40 Skopje,292.0,QF,40
W40 Skopje,405.0,QF,40
W40 Skopje,440.0,QF,40
W40 Skopje,226.0,SF,40
W40 Skopje,286.0,SF,40
W40 Skopje,683.0,F,40
W40 Skopje,362.0,W,40
W40 The Hague,nan,R32,40
W40 The Hague,387.0,R32,40
W40 The Hague,nan,R32,40
W40 The Hague,270.0,R32,40
W40 The Hague,178.0,R32,40
W40 The Hague,278.0,R32,40
W40 The Hague,404.0,R32,40
W40 The Hague,222.0,R32,40
W40 The Hague,432.0,R32,40
W40 The Hague,276.0,R32,40
W40 The Hague,613.0,R32,40
W40 The Hague,439.0,R32,40
W40 The Hague,nan,R32,40
W40 The Hague,352.0,R32,40
W40 The Hague,552.0,R32,40
W40 The Hague,441.0,R32,40
W40 The Hague,528.0,R16,40
W40 The Hague,550.0,R16,40
W40 The Hague,454.0,R16,40
W40 The Hague,443.0,R16,40
W40 The Hague,211.0,R16,40
W40 The Hague,444.0,R16,40
W40 The Hague,213.0,R16,40
W40 The Hague,172.0,R16,40
W40 The Hague,251.0,QF,40
W40 The Hague,340.0,QF,40
W40 The Hague,272.0,QF,40
W40 The Hague,254.0,QF,40
W40 The Hague,410.0,SF,40
W40 The Hague,316.0,SF,40
W40 The Hague,204.0,F,40
W40 The Hague,86.0,W,40
W40 Oldenzaal,293.0,R32,40
W40 Oldenzaal,348.0,R32,40
W40 Oldenzaal,359.0,R32,40
W40 Oldenzaal,375.0,R32,40
W40 Oldenzaal,197.0,R32,40
W40 Oldenzaal,720.0,R32,40
W40 Oldenzaal,519.0,R32,40
W40 Oldenzaal,217.0,R32,40
W40 Oldenzaal,228.0,R32,40
W40 Oldenzaal,1282.0,R32,40
W40 Oldenzaal,488.0,R32,40
W40 Oldenzaal,552.0,R32,40
W40 Oldenzaal,254.0,R32,40
W40 Oldenzaal,331.0,R32,40
W40 Oldenzaal,516.0,R32,40
W40 Oldenzaal,165.0,R32,40
W40 Oldenzaal,387.0,R16,40
W40 Oldenzaal,401.0,R16,40
W40 Oldenzaal,674.0,R16,40
W40 Oldenzaal,462.0,R16,40
W40 Oldenzaal,573.0,R16,40
W40 Oldenzaal,649.0,R16,40
W40 Oldenzaal,528.0,R16,40
W40 Oldenzaal,507.0,R16,40
W40 Oldenzaal,264.0,QF,40
W40 Oldenzaal,960.0,QF,40
W40 Oldenzaal,194.0,QF,40
W40 Oldenzaal,440.0,QF,40
W40 Oldenzaal,818.0,SF,40
W40 Oldenzaal,300.0,SF,40
W40 Oldenzaal,556.0,F,40
W40 Oldenzaal,129.0,W,40
W40 Porto,640.0,R32,40
W40 Porto,nan,R32,40
W40 Porto,190.0,R32,40
W40 Porto,295.0,R32,40
W40 Porto,375.0,R32,40
W40 Porto,262.0,R32,40
W40 Porto,448.0,R32,40
W40 Porto,170.0,R32,40
W40 Porto,459.0,R32,40
W40 Porto,344.0,R32,40
W40 Porto,257.0,R32,40
W40 Porto,288.0,R32,40
W40 Porto,252.0,R32,40
W40 Porto,204.0,R32,40
W40 Porto,307.0,R32,40
W40 Porto,278.0,R32,40
W40 Porto,131.0,R16,40
W40 Porto,179.0,R16,40
W40 Porto,140.0,R16,40
W40 Porto,450.0,R16,40
W40 Porto,284.0,R16,40
W40 Porto,266.0,R16,40
W40 Porto,473.0,R16,40
W40 Porto,408.0,R16,40
W40 Porto,239.0,QF,40
W40 Porto,404.0,QF,40
W40 Porto,nan,QF,40
W40 Porto,157.0,QF,40
W40 Porto,335.0,SF,40
W40 Porto,165.0,SF,40
W40 Porto,115.0,F,40
W40 Porto,323.0,W,40
W40 Porto,286.0,R32,40
W40 Porto,211.0,R32,40
W40 Porto,nan,R32,40
W40 Porto,175.0,R32,40
W40 Porto,171.0,R32,40
W40 Porto,249.0,R32,40
W40 Porto,296.0,R32,40
W40 Porto,789.0,R32,40
W40 Porto,450.0,R32,40
W40 Porto,232.0,R32,40
W40 Porto,422.0,R32,40
W40 Porto,625.0,R32,40
W40 Porto,nan,R32,40
W40 Porto,463.0,R32,40
W40 Porto,1132.0,R32,40
W40 Porto,266.0,R32,40
W40 Porto,134.0,R16,40
W40 Porto,538.0,R16,40
W40 Porto,730.0,R16,40
W40 Porto,421.0,R16,40
W40 Porto,347.0,R16,40
W40 Porto,172.0,R16,40
W40 Porto,173.0,R16,40
W40 Porto,200.0,R16,40
W40 Porto,263.0,QF,40
W40 Porto,299.0,QF,40
W40 Porto,264.0,QF,40
W40 Porto,627.0,QF,40
W40 Porto,390.0,SF,40
W40 Porto,162.0,SF,40
W40 Porto,189.0,F,40
W40 Porto,185.0,W,40
W40 Montemor-O-Novo,nan,R32,40
W40 Montemor-O-Novo,1107.0,R32,40
W40 Montemor-O-Novo,1155.0,R32,40
W40 Montemor-O-Novo,nan,R32,40
W40 Montemor-O-Novo,690.0,R32,40
W40 Montemor-O-Novo,995.0,R32,40
W40 Montemor-O-Novo,656.0,R32,40
W40 Montemor-O-Novo,434.0,R32,40
W40 Montemor-O-Novo,609.0,R32,40
W40 Montemor-O-Novo,nan,R32,40
W40 Montemor-O-Novo,nan,R32,40
W40 Montemor-O-Novo,nan,R32,40
W40 Montemor-O-Novo,339.0,R32,40
W40 Montemor-O-Novo,1346.0,R32,40
W40 Montemor-O-Novo,680.0,R32,40
W40 Montemor-O-Novo,nan,R32,40
W40 Montemor-O-Novo,507.0,R16,40
W40 Montemor-O-Novo,564.0,R16,40
W40 Montemor-O-Novo,423.0,R16,40
W40 Montemor-O-Novo,1047.0,R16,40
W40 Montemor-O-Novo,1056.0,R16,40
W40 Montemor-O-Novo,nan,R16,40
W40 Montemor-O-Novo,980.0,R16,40
W40 Montemor-O-Novo,725.0,R16,40
W40 Montemor-O-Novo,294.0,QF,40
W40 Montemor-O-Novo,268.0,QF,40
W40 Montemor-O-Novo,293.0,QF,40
W40 Montemor-O-Novo,679.0,QF,40
W40 Montemor-O-Novo,286.0,SF,40
W40 Montemor-O-Novo,220.0,SF,40
W40 Montemor-O-Novo,206.0,F,40
W40 Montemor-O-Novo,155.0,W,40
W40 Lisbon,431.0,R32,40
W40 Lisbon,nan,R32,40
W40 Lisbon,415.0,R32,40
W40 Lisbon,483.0,R32,40
W40 Lisbon,193.0,R32,40
W40 Lisbon,nan,R32,40
W40 Lisbon,318.0,R32,40
W40 Lisbon,377.0,R32,40
W40 Lisbon,241.0,R32,40
W40 Lisbon,nan,R32,40
W40 Lisbon,722.0,R32,40
W40 Lisbon,210.0,R32,40
W40 Lisbon,242.0,R32,40
W40 Lisbon,nan,R32,40
W40 Lisbon,303.0,R32,40
W40 Lisbon,365.0,R32,40
W40 Lisbon,292.0,R16,40
W40 Lisbon,376.0,R16,40
W40 Lisbon,622.0,R16,40
W40 Lisbon,215.0,R16,40
W40 Lisbon,301.0,R16,40
W40 Lisbon,358.0,R16,40
W40 Lisbon,293.0,R16,40
W40 Lisbon,330.0,R16,40
W40 Lisbon,566.0,QF,40
W40 Lisbon,423.0,QF,40
W40 Lisbon,456.0,QF,40
W40 Lisbon,270.0,QF,40
W40 Lisbon,226.0,SF,40
W40 Lisbon,269.0,SF,40
W40 Lisbon,252.0,F,40
W40 Lisbon,194.0,W,40
W40 Quinta do Lago,281.0,R32,40
W40 Quinta do Lago,716.0,R32,40
W40 Quinta do Lago,372.0,R32,40
W40 Quinta do Lago,303.0,R32,40
W40 Quinta do Lago,368.0,R32,40
W40 Quinta do Lago,393.0,R32,40
W40 Quinta do Lago,297.0,R32,40
W40 Quinta do Lago,433.0,R32,40
W40 Quinta do Lago,189.0,R32,40
W40 Quinta do Lago,nan,R32,40
W40 Quinta do Lago,1357.0,R32,40
W40 Quinta do Lago,269.0,R32,40
W40 Quinta do Lago,nan,R32,40
W40 Quinta do Lago,nan,R32,40
W40 Quinta do Lago,283.0,R32,40
W40 Quinta do Lago,256.0,R32,40
W40 Quinta do Lago,131.0,R16,40
W40 Quinta do Lago,168.0,R16,40
W40 Quinta do Lago,276.0,R16,40
W40 Quinta do Lago,288.0,R16,40
W40 Quinta do Lago,408.0,R16,40
W40 Quinta do Lago,318.0,R16,40
W40 Quinta do Lago,237.0,R16,40
W40 Quinta do Lago,400.0,R16,40
W40 Quinta do Lago,361.0,QF,40
W40 Quinta do Lago,154.0,QF,40
W40 Quinta do Lago,257.0,QF,40
W40 Quinta do Lago,133.0,QF,40
W40 Quinta do Lago,163.0,SF,40
W40 Quinta do Lago,185.0,SF,40
W40 Quinta do Lago,145.0,F,40
W40 Quinta do Lago,201.0,W,40
W40 Funchal,135.0,R32,40
W40 Funchal,747.0,R32,40
W40 Funchal,463.0,R32,40
W40 Funchal,248.0,R32,40
W40 Funchal,217.0,R32,40
W40 Funchal,917.0,R32,40
W40 Funchal,nan,R32,40
W40 Funchal,241.0,R32,40
W40 Funchal,480.0,R32,40
W40 Funchal,881.0,R32,40
W40 Funchal,304.0,R32,40
W40 Funchal,nan,R32,40
W40 Funchal,239.0,R32,40
W40 Funchal,677.0,R32,40
W40 Funchal,249.0,R32,40
W40 Funchal,188.0,R32,40
W40 Funchal,444.0,R16,40
W40 Funchal,252.0,R16,40
W40 Funchal,296.0,R16,40
W40 Funchal,nan,R16,40
W40 Funchal,305.0,R16,40
W40 Funchal,368.0,R16,40
W40 Funchal,275.0,R16,40
W40 Funchal,400.0,R16,40
W40 Funchal,380.0,QF,40
W40 Funchal,464.0,QF,40
W40 Funchal,235.0,QF,40
W40 Funchal,560.0,QF,40
W40 Funchal,342.0,SF,40
W40 Funchal,270.0,SF,40
W40 Funchal,233.0,F,40
W40 Funchal,256.0,W,40
W40 Otocec,nan,R64,40
W40 Otocec,572.0,R64,40
W40 Otocec,490.0,R64,40
W40 Otocec,1245.0,R64,40
W40 Otocec,796.0,R64,40
W40 Otocec,492.0,R64,40
W40 Otocec,711.0,R64,40
W40 Otocec,546.0,R64,40
W40 Otocec,588.0,R64,40
W40 Otocec,759.0,R64,40
W40 Otocec,531.0,R64,40
W40 Otocec,547.0,R64,40
W40 Otocec,1322.0,R64,40
W40 Otocec,856.0,R64,40
W40 Otocec,503.0,R64,40
W40 Otocec,541.0,R64,40
W40 Otocec,942.0,R32,40
W40 Otocec,684.0,R32,40
W40 Otocec,249.0,R32,40
W40 Otocec,561.0,R32,40
W40 Otocec,378.0,R32,40
W40 Otocec,842.0,R32,40
W40 Otocec,293.0,R32,40
W40 Otocec,1247.0,R32,40
W40 Otocec,502.0,R32,40
W40 Otocec,404.0,R32,40
W40 Otocec,364.0,R32,40
W40 Otocec,793.0,R32,40
W40 Otocec,241.0,R32,40
W40 Otocec,339.0,R32,40
W40 Otocec,751.0,R32,40
W40 Otocec,471.0,R32,40
W40 Otocec,300.0,R16,40
W40 Otocec,671.0,R16,40
W40 Otocec,248.0,R16,40
W40 Otocec,292.0,R16,40
W40 Otocec,245.0,R16,40
W40 Otocec,532.0,R16,40
W40 Otocec,1040.0,R16,40
W40 Otocec,305.0,R16,40
W40 Otocec,252.0,QF,40
W40 Otocec,307.0,QF,40
W40 Otocec,254.0,QF,40
W40 Otocec,342.0,QF,40
W40 Otocec,192.0,SF,40
W40 Otocec,258.0,SF,40
W40 Otocec,397.0,F,40
W40 Otocec,238.0,W,40
W40 Otocec,549.0,R64,40
W40 Otocec,500.0,R64,40
W40 Otocec,502.0,R64,40
W40 Otocec,388.0,R64,40
W40 Otocec,1015.0,R64,40
W40 Otocec,349.0,R64,40
W40 Otocec,nan,R64,40
W40 Otocec,375.0,R64,40
W40 Otocec,387.0,R64,40
W40 Otocec,591.0,R64,40
W40 Otocec,532.0,R64,40
W40 Otocec,553.0,R64,40
W40 Otocec,796.0,R64,40
W40 Otocec,nan,R64,40
W40 Otocec,709.0,R64,40
W40 Otocec,598.0,R64,40
W40 Otocec,152.0,R32,40
W40 Otocec,298.0,R32,40
W40 Otocec,415.0,R32,40
W40 Otocec,205.0,R32,40
W40 Otocec,952.0,R32,40
W40 Otocec,544.0,R32,40
W40 Otocec,261.0,R32,40
W40 Otocec,497.0,R32,40
W40 Otocec,260.0,R32,40
W40 Otocec,1235.0,R32,40
W40 Otocec,707.0,R32,40
W40 Otocec,508.0,R32,40
W40 Otocec,663.0,R32,40
W40 Otocec,248.0,R32,40
W40 Otocec,305.0,R32,40
W40 Otocec,895.0,R32,40
W40 Otocec,358.0,R16,40
W40 Otocec,617.0,R16,40
W40 Otocec,309.0,R16,40
W40 Otocec,334.0,R16,40
W40 Otocec,668.0,R16,40
W40 Otocec,202.0,R16,40
W40 Otocec,235.0,R16,40
W40 Otocec,670.0,R16,40
W40 Otocec,621.0,QF,40
W40 Otocec,186.0,QF,40
W40 Otocec,301.0,QF,40
W40 Otocec,343.0,QF,40
W40 Otocec,270.0,SF,40
W40 Otocec,472.0,SF,40
W40 Otocec,222.0,F,40
W40 Otocec,189.0,W,40
W40 Maribor,117.0,R32,40
W40 Maribor,405.0,R32,40
W40 Maribor,257.0,R32,40
W40 Maribor,255.0,R32,40
W40 Maribor,145.0,R32,40
W40 Maribor,229.0,R32,40
W40 Maribor,368.0,R32,40
W40 Maribor,157.0,R32,40
W40 Maribor,292.0,R32,40
W40 Maribor,265.0,R32,40
W40 Maribor,441.0,R32,40
W40 Maribor,129.0,R32,40
W40 Maribor,217.0,R32,40
W40 Maribor,563.0,R32,40
W40 Maribor,nan,R32,40
W40 Maribor,191.0,R32,40
W40 Maribor,589.0,R16,40
W40 Maribor,244.0,R16,40
W40 Maribor,276.0,R16,40
W40 Maribor,232.0,R16,40
W40 Maribor,197.0,R16,40
W40 Maribor,nan,R16,40
W40 Maribor,359.0,R16,40
W40 Maribor,343.0,R16,40
W40 Maribor,211.0,QF,40
W40 Maribor,237.0,QF,40
W40 Maribor,311.0,QF,40
W40 Maribor,184.0,QF,40
W40 Maribor,267.0,SF,40
W40 Maribor,352.0,SF,40
W40 Maribor,139.0,F,40
W40 Maribor,213.0,W,40
W40 Murska Sobota,139.0,R32,40
W40 Murska Sobota,265.0,R32,40
W40 Murska Sobota,542.0,R32,40
W40 Murska Sobota,215.0,R32,40
W40 Murska Sobota,184.0,R32,40
W40 Murska Sobota,402.0,R32,40
W40 Murska Sobota,494.0,R32,40
W40 Murska Sobota,195.0,R32,40
W40 Murska Sobota,205.0,R32,40
W40 Murska Sobota,589.0,R32,40
W40 Murska Sobota,376.0,R32,40
W40 Murska Sobota,nan,R32,40
W40 Murska Sobota,229.0,R32,40
W40 Murska Sobota,391.0,R32,40
W40 Murska Sobota,517.0,R32,40
W40 Murska Sobota,310.0,R32,40
W40 Murska Sobota,254.0,R16,40
W40 Murska Sobota,352.0,R16,40
W40 Murska Sobota,292.0,R16,40
W40 Murska Sobota,270.0,R16,40
W40 Murska Sobota,878.0,R16,40
W40 Murska Sobota,237.0,R16,40
W40 Murska Sobota,267.0,R16,40
W40 Murska Sobota,563.0,R16,40
W40 Murska Sobota,733.0,QF,40
W40 Murska Sobota,311.0,QF,40
W40 Murska Sobota,181.0,QF,40
W40 Murska Sobota,148.0,QF,40
W40 Murska Sobota,276.0,SF,40
W40 Murska Sobota,232.0,SF,40
W40 Murska Sobota,257.0,F,40
W40 Murska Sobota,244.0,W,40
W40 Kursumlijska Banja (Coaching Trial),nan,R64,40
W40 Kursumlijska Banja (Coaching Trial),466.0,R64,40
W40 Kursumlijska Banja (Coaching Trial),476.0,R64,40
W40 Kursumlijska Banja (Coaching Trial),467.0,R64,40
W40 Kursumlijska Banja (Coaching Trial),711.0,R64,40
W40 Kursumlijska Banja (Coaching Trial),461.0,R64,40
W40 Kursumlijska Banja (Coaching Trial),1167.0,R64,40
W40 Kursumlijska Banja (Coaching Trial),365.0,R64,40
W40 Kursumlijska Banja (Coaching Trial),323.0,R64,40
W40 Kursumlijska Banja (Coaching Trial),361.0,R64,40
W40 Kursumlijska Banja (Coaching Trial),622.0,R64,40
W40 Kursumlijska Banja (Coaching Trial),445.0,R64,40
W40 Kursumlijska Banja (Coaching Trial),450.0,R64,40
W40 Kursumlijska Banja (Coaching Trial),nan,R64,40
W40 Kursumlijska Banja (Coaching Trial),763.0,R64,40
W40 Kursumlijska Banja (Coaching Trial),nan,R64,40
W40 Kursumlijska Banja (Coaching Trial),129.0,R32,40
W40 Kursumlijska Banja (Coaching Trial),303.0,R32,40
W40 Kursumlijska Banja (Coaching Trial),242.0,R32,40
W40 Kursumlijska Banja (Coaching Trial),286.0,R32,40
W40 Kursumlijska Banja (Coaching Trial),587.0,R32,40
W40 Kursumlijska Banja (Coaching Trial),278.0,R32,40
W40 Kursumlijska Banja (Coaching Trial),241.0,R32,40
W40 Kursumlijska Banja (Coaching Trial),219.0,R32,40
W40 Kursumlijska Banja (Coaching Trial),288.0,R32,40
W40 Kursumlijska Banja (Coaching Trial),250.0,R32,40
W40 Kursumlijska Banja (Coaching Trial),268.0,R32,40
W40 Kursumlijska Banja (Coaching Trial),193.0,R32,40
W40 Kursumlijska Banja (Coaching Trial),221.0,R32,40
W40 Kursumlijska Banja (Coaching Trial),261.0,R32,40
W40 Kursumlijska Banja (Coaching Trial),270.0,R32,40
W40 Kursumlijska Banja (Coaching Trial),161.0,R32,40
W40 Kursumlijska Banja (Coaching Trial),284.0,R16,40
W40 Kursumlijska Banja (Coaching Trial),393.0,R16,40
W40 Kursumlijska Banja (Coaching Trial),175.0,R16,40
W40 Kursumlijska Banja (Coaching Trial),295.0,R16,40
W40 Kursumlijska Banja (Coaching Trial),332.0,R16,40
W40 Kursumlijska Banja (Coaching Trial),444.0,R16,40
W40 Kursumlijska Banja (Coaching Trial),472.0,R16,40
W40 Kursumlijska Banja (Coaching Trial),329.0,R16,40
W40 Kursumlijska Banja (Coaching Trial),223.0,QF,40
W40 Kursumlijska Banja (Coaching Trial),325.0,QF,40
W40 Kursumlijska Banja (Coaching Trial),427.0,QF,40
W40 Kursumlijska Banja (Coaching Trial),839.0,QF,40
W40 Kursumlijska Banja (Coaching Trial),402.0,SF,40
W40 Kursumlijska Banja (Coaching Trial),352.0,SF,40
W40 Kursumlijska Banja (Coaching Trial),300.0,F,40
W40 Kursumlijska Banja (Coaching Trial),216.0,W,40
W40 Ystad,454.0,R32,40
W40 Ystad,1268.0,R32,40
W40 Ystad,457.0,R32,40
W40 Ystad,548.0,R32,40
W40 Ystad,181.0,R32,40
W40 Ystad,588.0,R32,40
W40 Ystad,302.0,R32,40
W40 Ystad,223.0,R32,40
W40 Ystad,237.0,R32,40
W40 Ystad,526.0,R32,40
W40 Ystad,450.0,R32,40
W40 Ystad,189.0,R32,40
W40 Ystad,853.0,R32,40
W40 Ystad,327.0,R32,40
W40 Ystad,nan,R32,40
W40 Ystad,405.0,R32,40
W40 Ystad,368.0,R16,40
W40 Ystad,211.0,R16,40
W40 Ystad,409.0,R16,40
W40 Ystad,250.0,R16,40
W40 Ystad,467.0,R16,40
W40 Ystad,309.0,R16,40
W40 Ystad,367.0,R16,40
W40 Ystad,664.0,R16,40
W40 Ystad,98.0,QF,40
W40 Ystad,244.0,QF,40
W40 Ystad,437.0,QF,40
W40 Ystad,157.0,QF,40
W40 Ystad,295.0,SF,40
W40 Ystad,178.0,SF,40
W40 Ystad,276.0,F,40
W40 Ystad,260.0,W,40
W40 Nonthaburi,112.0,R32,40
W40 Nonthaburi,557.0,R32,40
W40 Nonthaburi,333.0,R32,40
W40 Nonthaburi,328.0,R32,40
W40 Nonthaburi,421.0,R32,40
W40 Nonthaburi,344.0,R32,40
W40 Nonthaburi,391.0,R32,40
W40 Nonthaburi,nan,R32,40
W40 Nonthaburi,385.0,R32,40
W40 Nonthaburi,355.0,R32,40
W40 Nonthaburi,334.0,R32,40
W40 Nonthaburi,250.0,R32,40
W40 Nonthaburi,274.0,R32,40
W40 Nonthaburi,523.0,R32,40
W40 Nonthaburi,347.0,R32,40
W40 Nonthaburi,209.0,R32,40
W40 Nonthaburi,319.0,R16,40
W40 Nonthaburi,266.0,R16,40
W40 Nonthaburi,462.0,R16,40
W40 Nonthaburi,510.0,R16,40
W40 Nonthaburi,451.0,R16,40
W40 Nonthaburi,547.0,R16,40
W40 Nonthaburi,431.0,R16,40
W40 Nonthaburi,660.0,R16,40
W40 Nonthaburi,nan,QF,40
W40 Nonthaburi,251.0,QF,40
W40 Nonthaburi,271.0,QF,40
W40 Nonthaburi,470.0,QF,40
W40 Nonthaburi,639.0,SF,40
W40 Nonthaburi,345.0,SF,40
W40 Nonthaburi,278.0,F,40
W40 Nonthaburi,320.0,W,40
W40 Nonthaburi,246.0,R32,40
W40 Nonthaburi,329.0,R32,40
W40 Nonthaburi,733.0,R32,40
W40 Nonthaburi,323.0,R32,40
W40 Nonthaburi,450.0,R32,40
W40 Nonthaburi,398.0,R32,40
W40 Nonthaburi,415.0,R32,40
W40 Nonthaburi,281.0,R32,40
W40 Nonthaburi,241.0,R32,40
W40 Nonthaburi,459.0,R32,40
W40 Nonthaburi,488.0,R32,40
W40 Nonthaburi,267.0,R32,40
W40 Nonthaburi,271.0,R32,40
W40 Nonthaburi,427.0,R32,40
W40 Nonthaburi,690.0,R32,40
W40 Nonthaburi,343.0,R32,40
W40 Nonthaburi,660.0,R16,40
W40 Nonthaburi,331.0,R16,40
W40 Nonthaburi,260.0,R16,40
W40 Nonthaburi,353.0,R16,40
W40 Nonthaburi,395.0,R16,40
W40 Nonthaburi,487.0,R16,40
W40 Nonthaburi,257.0,R16,40
W40 Nonthaburi,419.0,R16,40
W40 Nonthaburi,255.0,QF,40
W40 Nonthaburi,333.0,QF,40
W40 Nonthaburi,608.0,QF,40
W40 Nonthaburi,242.0,QF,40
W40 Nonthaburi,310.0,SF,40
W40 Nonthaburi,nan,SF,40
W40 Nonthaburi,568.0,F,40
W40 Nonthaburi,527.0,W,40
W40 Monastir,935.0,R32,40
W40 Monastir,779.0,R32,40
W40 Monastir,758.0,R32,40
W40 Monastir,1223.0,R32,40
W40 Monastir,349.0,R32,40
W40 Monastir,468.0,R32,40
W40 Monastir,nan,R32,40
W40 Monastir,397.0,R32,40
W40 Monastir,1005.0,R32,40
W40 Monastir,352.0,R32,40
W40 Monastir,363.0,R32,40
W40 Monastir,544.0,R32,40
W40 Monastir,254.0,R32,40
W40 Monastir,1094.0,R32,40
W40 Monastir,878.0,R32,40
W40 Monastir,230.0,R32,40
W40 Monastir,782.0,R16,40
W40 Monastir,303.0,R16,40
W40 Monastir,307.0,R16,40
W40 Monastir,422.0,R16,40
W40 Monastir,262.0,R16,40
W40 Monastir,463.0,R16,40
W40 Monastir,480.0,R16,40
W40 Monastir,424.0,R16,40
W40 Monastir,458.0,QF,40
W40 Monastir,239.0,QF,40
W40 Monastir,251.0,QF,40
W40 Monastir,341.0,QF,40
W40 Monastir,123.0,SF,40
W40 Monastir,796.0,SF,40
W40 Monastir,302.0,F,40
W40 Monastir,305.0,W,40
W40 Monastir,574.0,R32,40
W40 Monastir,423.0,R32,40
W40 Monastir,472.0,R32,40
W40 Monastir,480.0,R32,40
W40 Monastir,337.0,R32,40
W40 Monastir,335.0,R32,40
W40 Monastir,646.0,R32,40
W40 Monastir,253.0,R32,40
W40 Monastir,420.0,R32,40
W40 Monastir,1045.0,R32,40
W40 Monastir,387.0,R32,40
W40 Monastir,682.0,R32,40
W40 Monastir,906.0,R32,40
W40 Monastir,954.0,R32,40
W40 Monastir,nan,R32,40
W40 Monastir,521.0,R32,40
W40 Monastir,219.0,R16,40
W40 Monastir,246.0,R16,40
W40 Monastir,236.0,R16,40
W40 Monastir,532.0,R16,40
W40 Monastir,296.0,R16,40
W40 Monastir,334.0,R16,40
W40 Monastir,508.0,R16,40
W40 Monastir,232.0,R16,40
W40 Monastir,313.0,QF,40
W40 Monastir,412.0,QF,40
W40 Monastir,229.0,QF,40
W40 Monastir,443.0,QF,40
W40 Monastir,550.0,SF,40
W40 Monastir,251.0,SF,40
W40 Monastir,303.0,F,40
W40 Monastir,266.0,W,40
W40 La Marsa,718.0,R32,40
W40 La Marsa,479.0,R32,40
W40 La Marsa,469.0,R32,40
W40 La Marsa,642.0,R32,40
W40 La Marsa,510.0,R32,40
W40 La Marsa,417.0,R32,40
W40 La Marsa,550.0,R32,40
W40 La Marsa,326.0,R32,40
W40 La Marsa,695.0,R32,40
W40 La Marsa,431.0,R32,40
W40 La Marsa,nan,R32,40
W40 La Marsa,714.0,R32,40
W40 La Marsa,440.0,R32,40
W40 La Marsa,nan,R32,40
W40 La Marsa,669.0,R32,40
W40 La Marsa,371.0,R32,40
W40 La Marsa,249.0,R16,40
W40 La Marsa,610.0,R16,40
W40 La Marsa,322.0,R16,40
W40 La Marsa,560.0,R16,40
W40 La Marsa,341.0,R16,40
W40 La Marsa,302.0,R16,40
W40 La Marsa,640.0,R16,40
W40 La Marsa,384.0,R16,40
W40 La Marsa,507.0,QF,40
W40 La Marsa,557.0,QF,40
W40 La Marsa,386.0,QF,40
W40 La Marsa,267.0,QF,40
W40 La Marsa,486.0,SF,40
W40 La Marsa,740.0,SF,40
W40 La Marsa,365.0,F,40
W40 La Marsa,352.0,W,40
W40 Hong Kong,463.0,R32,40
W40 Hong Kong,380.0,R32,40
W40 Hong Kong,1080.0,R32,40
W40 Hong Kong,659.0,R32,40
W40 Hong Kong,895.0,R32,40
W40 Hong Kong,nan,R32,40
W40 Hong Kong,566.0,R32,40
W40 Hong Kong,322.0,R32,40
W40 Hong Kong,273.0,R32,40
W40 Hong Kong,nan,R32,40
W40 Hong Kong,nan,R32,40
W40 Hong Kong,765.0,R32,40
W40 Hong Kong,442.0,R32,40
W40 Hong Kong,nan,R32,40
W40 Hong Kong,381.0,R32,40
W40 Hong Kong,nan,R32,40
W40 Hong Kong,447.0,R16,40
W40 Hong Kong,1023.0,R16,40
W40 Hong Kong,269.0,R16,40
W40 Hong Kong,280.0,R16,40
W40 Hong Kong,556.0,R16,40
W40 Hong Kong,752.0,R16,40
W40 Hong Kong,911.0,R16,40
W40 Hong Kong,849.0,R16,40
W40 Hong Kong,189.0,QF,40
W40 Hong Kong,467.0,QF,40
W40 Hong Kong,247.0,QF,40
W40 Hong Kong,307.0,QF,40
W40 Hong Kong,479.0,SF,40
W40 Hong Kong,354.0,SF,40
W40 Hong Kong,289.0,F,40
W40 Hong Kong,232.0,W,40
W40 Porto,501.0,R64,40
W40 Porto,733.0,R64,40
W40 Porto,1333.0,R64,40
W40 Porto,819.0,R64,40
W40 Porto,nan,R64,40
W40 Porto,449.0,R64,40
W40 Porto,646.0,R64,40
W40 Porto,333.0,R64,40
W40 Porto,430.0,R64,40
W40 Porto,698.0,R64,40
W40 Porto,721.0,R64,40
W40 Porto,415.0,R64,40
W40 Porto,nan,R64,40
W40 Porto,686.0,R64,40
W40 Porto,386.0,R64,40
W40 Porto,640.0,R64,40
W40 Porto,1367.0,R32,40
W40 Porto,586.0,R32,40
W40 Porto,468.0,R32,40
W40 Porto,229.0,R32,40
W40 Porto,463.0,R32,40
W40 Porto,243.0,R32,40
W40 Porto,384.0,R32,40
W40 Porto,231.0,R32,40
W40 Porto,460.0,R32,40
W40 Porto,306.0,R32,40
W40 Porto,309.0,R32,40
W40 Porto,323.0,R32,40
W40 Porto,684.0,R32,40
W40 Porto,227.0,R32,40
W40 Porto,317.0,R32,40
W40 Porto,635.0,R32,40
W40 Porto,342.0,R16,40
W40 Porto,445.0,R16,40
W40 Porto,1293.0,R16,40
W40 Porto,228.0,R16,40
W40 Porto,239.0,R16,40
W40 Porto,658.0,R16,40
W40 Porto,319.0,R16,40
W40 Porto,235.0,R16,40
W40 Porto,251.0,QF,40
W40 Porto,391.0,QF,40
W40 Porto,270.0,QF,40
W40 Porto,434.0,QF,40
W40 Porto,207.0,SF,40
W40 Porto,211.0,SF,40
W40 Porto,204.0,F,40
W40 Porto,410.0,W,40
W40 Anning,571.0,R32,40
W40 Anning,652.0,R32,40
W40 Anning,872.0,R32,40
W40 Anning,761.0,R32,40
W40 Anning,304.0,R32,40
W40 Anning,nan,R32,40
W40 Anning,573.0,R32,40
W40 Anning,671.0,R32,40
W40 Anning,530.0,R32,40
W40 Anning,801.0,R32,40
W40 Anning,nan,R32,40
W40 Anning,1064.0,R32,40
W40 Anning,916.0,R32,40
W40 Anning,1191.0,R32,40
W40 Anning,1011.0,R32,40
W40 Anning,279.0,R32,40
W40 Anning,526.0,R16,40
W40 Anning,593.0,R16,40
W40 Anning,783.0,R16,40
W40 Anning,816.0,R16,40
W40 Anning,784.0,R16,40
W40 Anning,914.0,R16,40
W40 Anning,444.0,R16,40
W40 Anning,nan,R16,40
W40 Anning,253.0,QF,40
W40 Anning,327.0,QF,40
W40 Anning,352.0,QF,40
W40 Anning,744.0,QF,40
W40 Anning,446.0,SF,40
W40 Anning,683.0,SF,40
W40 Anning,302.0,F,40
W40 Anning,331.0,W,40
W40 Nanchang,558.0,R32,40
W40 Nanchang,nan,R32,40
W40 Nanchang,nan,R32,40
W40 Nanchang,662.0,R32,40
W40 Nanchang,832.0,R32,40
W40 Nanchang,1170.0,R32,40
W40 Nanchang,nan,R32,40
W40 Nanchang,735.0,R32,40
W40 Nanchang,759.0,R32,40
W40 Nanchang,436.0,R32,40
W40 Nanchang,568.0,R32,40
W40 Nanchang,nan,R32,40
W40 Nanchang,566.0,R32,40
W40 Nanchang,836.0,R32,40
W40 Nanchang,567.0,R32,40
W40 Nanchang,569.0,R32,40
W40 Nanchang,1117.0,R16,40
W40 Nanchang,385.0,R16,40
W40 Nanchang,780.0,R16,40
W40 Nanchang,407.0,R16,40
W40 Nanchang,683.0,R16,40
W40 Nanchang,757.0,R16,40
W40 Nanchang,712.0,R16,40
W40 Nanchang,283.0,R16,40
W40 Nanchang,509.0,QF,40
W40 Nanchang,342.0,QF,40
W40 Nanchang,267.0,QF,40
W40 Nanchang,681.0,QF,40
W40 Nanchang,304.0,SF,40
W40 Nanchang,263.0,SF,40
W40 Nanchang,246.0,F,40
W40 Nanchang,309.0,W,40
W40 Wroclaw,415.0,R32,40
W40 Wroclaw,633.0,R32,40
W40 Wroclaw,nan,R32,40
W40 Wroclaw,555.0,R32,40
W40 Wroclaw,515.0,R32,40
W40 Wroclaw,584.0,R32,40
W40 Wroclaw,364.0,R32,40
W40 Wroclaw,275.0,R32,40
W40 Wroclaw,611.0,R32,40
W40 Wroclaw,772.0,R32,40
W40 Wroclaw,410.0,R32,40
W40 Wroclaw,nan,R32,40
W40 Wroclaw,697.0,R32,40
W40 Wroclaw,505.0,R32,40
W40 Wroclaw,351.0,R32,40
W40 Wroclaw,1063.0,R32,40
W40 Wroclaw,339.0,R16,40
W40 Wroclaw,692.0,R16,40
W40 Wroclaw,404.0,R16,40
W40 Wroclaw,320.0,R16,40
W40 Wroclaw,390.0,R16,40
W40 Wroclaw,361.0,R16,40
W40 Wroclaw,284.0,R16,40
W40 Wroclaw,586.0,R16,40
W40 Wroclaw,253.0,QF,40
W40 Wroclaw,502.0,QF,40
W40 Wroclaw,297.0,QF,40
W40 Wroclaw,409.0,QF,40
W40 Wroclaw,271.0,SF,40
W40 Wroclaw,259.0,SF,40
W40 Wroclaw,313.0,F,40
W40 Wroclaw,249.0,W,40
W40 Arequipa,256.0,R32,40
W40 Arequipa,766.0,R32,40
W40 Arequipa,721.0,R32,40
W40 Arequipa,nan,R32,40
W40 Arequipa,nan,R32,40
W40 Arequipa,722.0,R32,40
W40 Arequipa,920.0,R32,40
W40 Arequipa,487.0,R32,40
W40 Arequipa,nan,R32,40
W40 Arequipa,nan,R32,40
W40 Arequipa,689.0,R32,40
W40 Arequipa,658.0,R32,40
W40 Arequipa,754.0,R32,40
W40 Arequipa,nan,R32,40
W40 Arequipa,nan,R32,40
W40 Arequipa,250.0,R32,40
W40 Arequipa,784.0,R16,40
W40 Arequipa,791.0,R16,40
W40 Arequipa,835.0,R16,40
W40 Arequipa,nan,R16,40
W40 Arequipa,nan,R16,40
W40 Arequipa,648.0,R16,40
W40 Arequipa,1087.0,R16,40
W40 Arequipa,nan,R16,40
W40 Arequipa,669.0,QF,40
W40 Arequipa,289.0,QF,40
W40 Arequipa,1217.0,QF,40
W40 Arequipa,631.0,QF,40
W40 Arequipa,892.0,SF,40
W40 Arequipa,619.0,SF,40
W40 Arequipa,482.0,F,40
W40 Arequipa,260.0,W,40
W40 Hong Kong,402.0,R32,40
W40 Hong Kong,562.0,R32,40
W40 Hong Kong,371.0,R32,40
W40 Hong Kong,610.0,R32,40
W40 Hong Kong,387.0,R32,40
W40 Hong Kong,683.0,R32,40
W40 Hong Kong,563.0,R32,40
W40 Hong Kong,nan,R32,40
W40 Hong Kong,282.0,R32,40
W40 Hong Kong,498.0,R32,40
W40 Hong Kong,nan,R32,40
W40 Hong Kong,226.0,R32,40
W40 Hong Kong,324.0,R32,40
W40 Hong Kong,496.0,R32,40
W40 Hong Kong,nan,R32,40
W40 Hong Kong,238.0,R32,40
W40 Hong Kong,481.0,R16,40
W40 Hong Kong,297.0,R16,40
W40 Hong Kong,566.0,R16,40
W40 Hong Kong,512.0,R16,40
W40 Hong Kong,342.0,R16,40
W40 Hong Kong,568.0,R16,40
W40 Hong Kong,333.0,R16,40
W40 Hong Kong,441.0,R16,40
W40 Hong Kong,233.0,QF,40
W40 Hong Kong,241.0,QF,40
W40 Hong Kong,472.0,QF,40
W40 Hong Kong,284.0,QF,40
W40 Hong Kong,286.0,SF,40
W40 Hong Kong,399.0,SF,40
W40 Hong Kong,303.0,F,40
W40 Hong Kong,288.0,W,40
W40 Pazardzhik,777.0,Q1,40
W40 Pazardzhik,741.0,Q1,40
W40 Pazardzhik,nan,Q1,40
W40 Pazardzhik,nan,Q1,40
W40 Pazardzhik,nan,Q1,40
W40 Pazardzhik,590.0,Q1,40
W40 Pazardzhik,nan,Q1,40
W40 Pazardzhik,1296.0,Q1,40
W40 Pazardzhik,nan,Q1,40
W40 Pazardzhik,740.0,Q1,40
W40 Pazardzhik,1021.0,Q1,40
W40 Pazardzhik,nan,Q1,40
W40 Pazardzhik,533.0,Q1,40
W40 Pazardzhik,nan,Q1,40
W40 Pazardzhik,785.0,Q1,40
W40 Pazardzhik,nan,Q1,40
W40 Pazardzhik,638.0,Q2,40
W40 Pazardzhik,460.0,Q2,40
W40 Pazardzhik,474.0,Q2,40
W40 Pazardzhik,646.0,Q2,40
W40 Pazardzhik,748.0,Q2,40
W40 Pazardzhik,683.0,Q2,40
W40 Pazardzhik,735.0,Q2,40
W40 Pazardzhik,541.0,Q2,40
W40 Shenzhen,nan,Q1,40
W40 Shenzhen,nan,Q1,40
W40 Shenzhen,nan,Q1,40
W40 Shenzhen,nan,Q1,40
W40 Shenzhen,nan,Q1,40
W40 Shenzhen,nan,Q1,40
W40 Shenzhen,nan,Q1,40
W40 Shenzhen,nan,Q1,40
W40 Shenzhen,nan,Q1,40
W40 Shenzhen,nan,Q1,40
W40 Shenzhen,nan,Q1,40
W40 Shenzhen,nan,Q1,40
W40 Shenzhen,nan,Q2,40
W40 Shenzhen,nan,Q2,40
W40 Shenzhen,nan,Q2,40
W40 Shenzhen,nan,Q2,40
W40 Shenzhen,nan,Q2,40
W40 Shenzhen,nan,Q2,40
W40 Shenzhen,nan,Q2,40
W40 Shenzhen,nan,Q2,40
W40 Anapoima,706.0,Q1,40
W40 Anapoima,912.0,Q1,40
W40 Anapoima,1033.0,Q1,40
W40 Anapoima,nan,Q1,40
W40 Anapoima,723.0,Q1,40
W40 Anapoima,1030.0,Q1,40
W40 Anapoima,1214.0,Q1,40
W40 Anapoima,662.0,Q1,40
W40 Anapoima,415.0,Q1,40
W40 Anapoima,nan,Q1,40
W40 Anapoima,nan,Q1,40
W40 Anapoima,1258.0,Q1,40
W40 Anapoima,1070.0,Q1,40
W40 Anapoima,879.0,Q1,40
W40 Anapoima,nan,Q1,40
W40 Anapoima,1071.0,Q1,40
W40 Anapoima,331.0,Q2,40
W40 Anapoima,620.0,Q2,40
W40 Anapoima,470.0,Q2,40
W40 Anapoima,732.0,Q2,40
W40 Anapoima,629.0,Q2,40
W40 Anapoima,644.0,Q2,40
W40 Anapoima,541.0,Q2,40
W40 Anapoima,573.0,Q2,40
W40 Split,nan,Q1,40
W40 Split,nan,Q1,40
W40 Split,572.0,Q1,40
W40 Split,nan,Q1,40
W40 Split,nan,Q1,40
W40 Split,403.0,Q1,40
W40 Split,nan,Q1,40
W40 Split,nan,Q1,40
W40 Split,533.0,Q1,40
W40 Split,431.0,Q1,40
W40 Split,472.0,Q1,40
W40 Split,nan,Q1,40
W40 Split,nan,Q1,40
W40 Split,525.0,Q2,40
W40 Split,462.0,Q2,40
W40 Split,597.0,Q2,40
W40 Split,399.0,Q2,40
W40 Split,576.0,Q2,40
W40 Split,439.0,Q2,40
W40 Split,721.0,Q2,40
W40 Split,548.0,Q2,40
W40 Ricany,399.0,Q1,40
W40 Ricany,489.0,Q1,40
W40 Ricany,619.0,Q1,40
W40 Ricany,nan,Q1,40
W40 Ricany,469.0,Q1,40
W40 Ricany,413.0,Q1,40
W40 Ricany,395.0,Q1,40
W40 Ricany,1302.0,Q1,40
W40 Ricany,438.0,Q2,40
W40 Ricany,286.0,Q2,40
W40 Ricany,386.0,Q2,40
W40 Ricany,320.0,Q2,40
W40 Ricany,367.0,Q2,40
W40 Ricany,426.0,Q2,40
W40 Ricany,349.0,Q2,40
W40 Ricany,360.0,Q2,40
W40 Palma del Rio,984.0,Q1,40
W40 Palma del Rio,682.0,Q1,40
W40 Palma del Rio,nan,Q1,40
W40 Palma del Rio,1282.0,Q1,40
W40 Palma del Rio,1228.0,Q1,40
W40 Palma del Rio,845.0,Q1,40
W40 Palma del Rio,1160.0,Q1,40
W40 Palma del Rio,nan,Q1,40
W40 Palma del Rio,nan,Q1,40
W40 Palma del Rio,674.0,Q1,40
W40 Palma del Rio,474.0,Q1,40
W40 Palma del Rio,1081.0,Q1,40
W40 Palma del Rio,1038.0,Q1,40
W40 Palma del Rio,nan,Q1,40
W40 Palma del Rio,1307.0,Q1,40
W40 Palma del Rio,1011.0,Q1,40
W40 Palma del Rio,387.0,Q2,40
W40 Palma del Rio,401.0,Q2,40
W40 Palma del Rio,570.0,Q2,40
W40 Palma del Rio,438.0,Q2,40
W40 Palma del Rio,591.0,Q2,40
W40 Palma del Rio,497.0,Q2,40
W40 Palma del Rio,495.0,Q2,40
W40 Palma del Rio,487.0,Q2,40
W40 Tallinn,1016.0,Q1,40
W40 Tallinn,nan,Q1,40
W40 Tallinn,nan,Q1,40
W40 Tallinn,nan,Q1,40
W40 Tallinn,nan,Q1,40
W40 Tallinn,998.0,Q1,40
W40 Tallinn,426.0,Q1,40
W40 Tallinn,1090.0,Q1,40
W40 Tallinn,nan,Q1,40
W40 Tallinn,nan,Q1,40
W40 Tallinn,1106.0,Q1,40
W40 Tallinn,nan,Q1,40
W40 Tallinn,1255.0,Q1,40
W40 Tallinn,nan,Q1,40
W40 Tallinn,nan,Q1,40
W40 Tallinn,nan,Q1,40
W40 Tallinn,616.0,Q2,40
W40 Tallinn,386.0,Q2,40
W40 Tallinn,602.0,Q2,40
W40 Tallinn,899.0,Q2,40
W40 Tallinn,791.0,Q2,40
W40 Tallinn,663.0,Q2,40
W40 Tallinn,449.0,Q2,40
W40 Tallinn,738.0,Q2,40
W40 Tallinn,nan,Q1,40
W40 Tallinn,nan,Q1,40
W40 Tallinn,nan,Q1,40
W40 Tallinn,655.0,Q1,40
W40 Tallinn,749.0,Q1,40
W40 Tallinn,nan,Q1,40
W40 Tallinn,533.0,Q1,40
W40 Tallinn,451.0,Q1,40
W40 Tallinn,637.0,Q1,40
W40 Tallinn,424.0,Q1,40
W40 Tallinn,368.0,Q1,40
W40 Tallinn,615.0,Q1,40
W40 Tallinn,767.0,Q1,40
W40 Tallinn,725.0,Q1,40
W40 Tallinn,769.0,Q1,40
W40 Tallinn,nan,Q1,40
W40 Tallinn,400.0,Q2,40
W40 Tallinn,378.0,Q2,40
W40 Tallinn,405.0,Q2,40
W40 Tallinn,593.0,Q2,40
W40 Tallinn,355.0,Q2,40
W40 Tallinn,493.0,Q2,40
W40 Tallinn,340.0,Q2,40
W40 Tallinn,376.0,Q2,40
W40 Macon,309.0,Q1,40
W40 Macon,418.0,Q1,40
W40 Macon,607.0,Q1,40
W40 Macon,455.0,Q1,40
W40 Macon,320.0,Q1,40
W40 Macon,nan,Q1,40
W40 Macon,729.0,Q1,40
W40 Macon,475.0,Q1,40
W40 Macon,336.0,Q1,40
W40 Macon,449.0,Q1,40
W40 Macon,914.0,Q1,40
W40 Macon,1041.0,Q1,40
W40 Macon,374.0,Q1,40
W40 Macon,459.0,Q1,40
W40 Macon,1104.0,Q1,40
W40 Macon,846.0,Q1,40
W40 Macon,754.0,Q2,40
W40 Macon,318.0,Q2,40
W40 Macon,414.0,Q2,40
W40 Macon,446.0,Q2,40
W40 Macon,983.0,Q2,40
W40 Macon,663.0,Q2,40
W40 Macon,708.0,Q2,40
W40 Macon,398.0,Q2,40
W40+H Calvi,nan,Q1,40
W40+H Calvi,nan,Q1,40
W40+H Calvi,nan,Q1,40
W40+H Calvi,1240.0,Q1,40
W40+H Calvi,782.0,Q1,40
W40+H Calvi,nan,Q1,40
W40+H Calvi,979.0,Q1,40
W40+H Calvi,840.0,Q1,40
W40+H Calvi,1010.0,Q2,40
W40+H Calvi,996.0,Q2,40
W40+H Calvi,1165.0,Q2,40
W40+H Calvi,650.0,Q2,40
W40+H Calvi,675.0,Q2,40
W40+H Calvi,890.0,Q2,40
W40+H Calvi,nan,Q2,40
W40+H Calvi,753.0,Q2,40
W40 Saint-Palais-sur-Mer,nan,Q1,40
W40 Saint-Palais-sur-Mer,nan,Q1,40
W40 Saint-Palais-sur-Mer,1172.0,Q1,40
W40 Saint-Palais-sur-Mer,1066.0,Q1,40
W40 Saint-Palais-sur-Mer,nan,Q1,40
W40 Saint-Palais-sur-Mer,1268.0,Q1,40
W40 Saint-Palais-sur-Mer,nan,Q1,40
W40 Saint-Palais-sur-Mer,nan,Q1,40
W40 Saint-Palais-sur-Mer,nan,Q1,40
W40 Saint-Palais-sur-Mer,1184.0,Q1,40
W40 Saint-Palais-sur-Mer,723.0,Q1,40
W40 Saint-Palais-sur-Mer,997.0,Q1,40
W40 Saint-Palais-sur-Mer,1273.0,Q1,40
W40 Saint-Palais-sur-Mer,nan,Q1,40
W40 Saint-Palais-sur-Mer,1057.0,Q2,40
W40 Saint-Palais-sur-Mer,543.0,Q2,40
W40 Saint-Palais-sur-Mer,nan,Q2,40
W40 Saint-Palais-sur-Mer,583.0,Q2,40
W40 Saint-Palais-sur-Mer,894.0,Q2,40
W40 Saint-Palais-sur-Mer,910.0,Q2,40
W40 Saint-Palais-sur-Mer,1204.0,Q2,40
W40 Saint-Palais-sur-Mer,1163.0,Q2,40
W40 Tbilisi,nan,Q1,40
W40 Tbilisi,nan,Q1,40
W40 Tbilisi,nan,Q1,40
W40 Tbilisi,nan,Q1,40
W40 Tbilisi,nan,Q1,40
W40 Tbilisi,nan,Q1,40
W40 Tbilisi,nan,Q1,40
W40 Tbilisi,nan,Q2,40
W40 Tbilisi,1270.0,Q2,40
W40 Tbilisi,nan,Q2,40
W40 Tbilisi,nan,Q2,40
W40 Tbilisi,nan,Q2,40
W40 Tbilisi,nan,Q2,40
W40 Tbilisi,1320.0,Q2,40
W40 Tbilisi,1157.0,Q2,40
W40 Heraklion,nan,R64,40
W40 Heraklion,nan,R64,40
W40 Heraklion,nan,R64,40
W40 Heraklion,1080.0,R64,40
W40 Heraklion,829.0,R64,40
W40 Heraklion,1367.0,R64,40
W40 Heraklion,1043.0,R64,40
W40 Heraklion,nan,R64,40
W40 Heraklion,nan,R64,40
W40 Heraklion,nan,R64,40
W40 Heraklion,371.0,R32,40
W40 Heraklion,1345.0,R32,40
W40 Heraklion,676.0,R32,40
W40 Heraklion,679.0,R32,40
W40 Heraklion,689.0,R32,40
W40 Heraklion,nan,R32,40
W40 Heraklion,nan,R32,40
W40 Heraklion,1257.0,R32,40
W40 Heraklion,1262.0,R32,40
W40 Heraklion,614.0,R32,40
W40 Heraklion,1213.0,R32,40
W40 Heraklion,775.0,R32,40
W40 Heraklion,932.0,R32,40
W40 Heraklion,nan,R32,40
W40 Heraklion,1367.0,R32,40
W40 Heraklion,nan,R32,40
W40 Heraklion,nan,R16,40
W40 Heraklion,417.0,R16,40
W40 Heraklion,627.0,R16,40
W40 Heraklion,636.0,R16,40
W40 Heraklion,779.0,R16,40
W40 Heraklion,575.0,R16,40
W40 Heraklion,635.0,R16,40
W40 Heraklion,565.0,R16,40
W40 Heraklion (Coaching Trial),1370.0,R64,40
W40 Heraklion (Coaching Trial),nan,R64,40
W40 Heraklion (Coaching Trial),nan,R64,40
W40 Heraklion (Coaching Trial),nan,R64,40
W40 Heraklion (Coaching Trial),nan,R64,40
W40 Heraklion (Coaching Trial),nan,R64,40
W40 Heraklion (Coaching Trial),nan,R64,40
W40 Heraklion (Coaching Trial),nan,R64,40
W40 Heraklion (Coaching Trial),nan,R64,40
W40 Heraklion (Coaching Trial),nan,R64,40
W40 Heraklion (Coaching Trial),nan,R64,40
W40 Heraklion (Coaching Trial),1265.0,R32,40
W40 Heraklion (Coaching Trial),943.0,R32,40
W40 Heraklion (Coaching Trial),830.0,R32,40
W40 Heraklion (Coaching Trial),nan,R32,40
W40 Heraklion (Coaching Trial),1166.0,R32,40
W40 Heraklion (Coaching Trial),nan,R32,40
W40 Heraklion (Coaching Trial),1049.0,R32,40
W40 Heraklion (Coaching Trial),1146.0,R32,40
W40 Heraklion (Coaching Trial),nan,R32,40
W40 Heraklion (Coaching Trial),688.0,R32,40
W40 Heraklion (Coaching Trial),1005.0,R32,40
W40 Heraklion (Coaching Trial),1255.0,R32,40
W40 Heraklion (Coaching Trial),nan,R32,40
W40 Heraklion (Coaching Trial),616.0,R32,40
W40 Heraklion (Coaching Trial),568.0,R32,40
W40 Heraklion (Coaching Trial),nan,R32,40
W40 Heraklion (Coaching Trial),594.0,R16,40
W40 Heraklion (Coaching Trial),463.0,R16,40
W40 Heraklion (Coaching Trial),847.0,R16,40
W40 Heraklion (Coaching Trial),640.0,R16,40
W40 Heraklion (Coaching Trial),537.0,R16,40
W40 Heraklion (Coaching Trial),547.0,R16,40
W40 Heraklion (Coaching Trial),1156.0,R16,40
W40 Heraklion (Coaching Trial),1217.0,R16,40
W40 Bhopal,1224.0,Q1,40
W40 Bhopal,nan,Q1,40
W40 Bhopal,1224.0,Q1,40
W40 Bhopal,nan,Q1,40
W40 Bhopal,nan,Q1,40
W40 Bhopal,nan,Q1,40
W40 Bhopal,nan,Q1,40
W40 Bhopal,nan,Q1,40
W40 Bhopal,737.0,Q1,40
W40 Bhopal,nan,Q1,40
W40 Bhopal,nan,Q1,40
W40 Bhopal,1133.0,Q1,40
W40 Bhopal,758.0,Q1,40
W40 Bhopal,1290.0,Q1,40
W40 Bhopal,509.0,Q2,40
W40 Bhopal,981.0,Q2,40
W40 Bhopal,1121.0,Q2,40
W40 Bhopal,937.0,Q2,40
W40 Bhopal,1086.0,Q2,40
W40 Bhopal,nan,Q2,40
W40 Bhopal,nan,Q2,40
W40 Bhopal,812.0,Q2,40
W40 Pune,nan,Q1,40
W40 Pune,1121.0,Q1,40
W40 Pune,nan,Q1,40
W40 Pune,nan,Q1,40
W40 Pune,652.0,Q1,40
W40 Pune,1271.0,Q1,40
W40 Pune,nan,Q1,40
W40 Pune,981.0,Q1,40
W40 Pune,nan,Q1,40
W40 Pune,nan,Q1,40
W40 Pune,nan,Q1,40
W40 Pune,nan,Q1,40
W40 Pune,nan,Q1,40
W40 Pune,1086.0,Q1,40
W40 Pune,nan,Q1,40
W40 Pune,nan,Q1,40
W40 Pune,nan,Q2,40
W40 Pune,937.0,Q2,40
W40 Pune,nan,Q2,40
W40 Pune,nan,Q2,40
W40 Pune,nan,Q2,40
W40 Pune,758.0,Q2,40
W40 Pune,nan,Q2,40
W40 Pune,917.0,Q2,40
W40 Bengaluru,449.0,Q1,40
W40 Bengaluru,632.0,Q1,40
W40 Bengaluru,851.0,Q1,40
W40 Bengaluru,nan,Q1,40
W40 Bengaluru,775.0,Q1,40
W40 Bengaluru,nan,Q1,40
W40 Bengaluru,480.0,Q1,40
W40 Bengaluru,nan,Q1,40
W40 Bengaluru,676.0,Q1,40
W40 Bengaluru,604.0,Q1,40
W40 Bengaluru,729.0,Q1,40
W40 Bengaluru,700.0,Q1,40
W40 Bengaluru,nan,Q1,40
W40 Bengaluru,618.0,Q1,40
W40 Bengaluru,1261.0,Q1,40
W40 Bengaluru,707.0,Q1,40
W40 Bengaluru,627.0,Q2,40
W40 Bengaluru,465.0,Q2,40
W40 Bengaluru,473.0,Q2,40
W40 Bengaluru,611.0,Q2,40
W40 Bengaluru,831.0,Q2,40
W40 Bengaluru,501.0,Q2,40
W40 Bengaluru,493.0,Q2,40
W40 Bengaluru,521.0,Q2,40
W40 Navi Mumbai,nan,R64,40
W40 Navi Mumbai,1331.0,R64,40
W40 Navi Mumbai,nan,R64,40
W40 Navi Mumbai,nan,R64,40
W40 Navi Mumbai,nan,R64,40
W40 Navi Mumbai,nan,R64,40
W40 Navi Mumbai,nan,R64,40
W40 Navi Mumbai,nan,R64,40
W40 Navi Mumbai,nan,R64,40
W40 Navi Mumbai,nan,R64,40
W40 Navi Mumbai,nan,R64,40
W40 Navi Mumbai,nan,R64,40
W40 Navi Mumbai,nan,R64,40
W40 Navi Mumbai,nan,R64,40
W40 Navi Mumbai,nan,R64,40
W40 Navi Mumbai,1027.0,R32,40
W40 Navi Mumbai,nan,R32,40
W40 Navi Mumbai,1291.0,R32,40
W40 Navi Mumbai,nan,R32,40
W40 Navi Mumbai,nan,R32,40
W40 Navi Mumbai,nan,R32,40
W40 Navi Mumbai,1365.0,R32,40
W40 Navi Mumbai,nan,R32,40
W40 Navi Mumbai,nan,R32,40
W40 Navi Mumbai,nan,R32,40
W40 Navi Mumbai,nan,R32,40
W40 Navi Mumbai,nan,R32,40
W40 Navi Mumbai,nan,R32,40
W40 Navi Mumbai,913.0,R32,40
W40 Navi Mumbai,nan,R32,40
W40 Navi Mumbai,nan,R16,40
W40 Navi Mumbai,1004.0,R16,40
W40 Navi Mumbai,1264.0,R16,40
W40 Navi Mumbai,805.0,R16,40
W40 Navi Mumbai,1156.0,R16,40
W40 Navi Mumbai,1264.0,R16,40
W40 Navi Mumbai,1291.0,R16,40
W40 Navi Mumbai,949.0,R16,40
W40 Nanao,nan,Q1,40
W40 Nanao,nan,Q1,40
W40 Nanao,nan,Q1,40
W40 Nanao,nan,Q1,40
W40 Nanao,nan,Q1,40
W40 Nanao,nan,Q1,40
W40 Nanao,nan,Q1,40
W40 Nanao,1072.0,Q1,40
W40 Nanao,nan,Q1,40
W40 Nanao,nan,Q1,40
W40 Nanao,nan,Q1,40
W40 Nanao,1227.0,Q1,40
W40 Nanao,1381.0,Q2,40
W40 Nanao,903.0,Q2,40
W40 Nanao,1325.0,Q2,40
W40 Nanao,1091.0,Q2,40
W40 Nanao,nan,Q2,40
W40 Nanao,953.0,Q2,40
W40 Nanao,nan,Q2,40
W40 Yokohama,483.0,Q1,40
W40 Yokohama,nan,Q1,40
W40 Yokohama,918.0,Q1,40
W40 Yokohama,798.0,Q1,40
W40 Yokohama,1101.0,Q1,40
W40 Yokohama,1021.0,Q1,40
W40 Yokohama,1003.0,Q1,40
W40 Yokohama,912.0,Q1,40
W40 Yokohama,nan,Q1,40
W40 Yokohama,659.0,Q1,40
W40 Yokohama,589.0,Q1,40
W40 Yokohama,824.0,Q1,40
W40 Yokohama,922.0,Q1,40
W40 Yokohama,971.0,Q1,40
W40 Yokohama,623.0,Q1,40
W40 Yokohama,974.0,Q1,40
W40 Yokohama,713.0,Q2,40
W40 Yokohama,nan,Q2,40
W40 Yokohama,785.0,Q2,40
W40 Yokohama,811.0,Q2,40
W40 Yokohama,825.0,Q2,40
W40 Yokohama,826.0,Q2,40
W40 Yokohama,572.0,Q2,40
W40 Yokohama,724.0,Q2,40
W40 Astana,nan,Q1,40
W40 Astana,612.0,Q1,40
W40 Astana,nan,Q1,40
W40 Astana,369.0,Q1,40
W40 Astana,531.0,Q1,40
W40 Astana,nan,Q1,40
W40 Astana,506.0,Q1,40
W40 Astana,453.0,Q1,40
W40 Astana,nan,Q1,40
W40 Astana,496.0,Q1,40
W40 Astana,322.0,Q1,40
W40 Astana,645.0,Q1,40
W40 Astana,603.0,Q1,40
W40 Astana,712.0,Q1,40
W40 Astana,547.0,Q1,40
W40 Astana,nan,Q1,40
W40 Astana,250.0,Q2,40
W40 Astana,274.0,Q2,40
W40 Astana,510.0,Q2,40
W40 Astana,552.0,Q2,40
W40 Astana,658.0,Q2,40
W40 Astana,353.0,Q2,40
W40 Astana,328.0,Q2,40
W40 Astana,390.0,Q2,40
W40 Petange,571.0,Q1,40
W40 Petange,nan,Q1,40
W40 Petange,679.0,Q1,40
W40 Petange,1168.0,Q1,40
W40 Petange,739.0,Q1,40
W40 Petange,734.0,Q1,40
W40 Petange,905.0,Q1,40
W40 Petange,581.0,Q1,40
W40 Petange,832.0,Q2,40
W40 Petange,544.0,Q2,40
W40 Petange,423.0,Q2,40
W40 Petange,614.0,Q2,40
W40 Petange,519.0,Q2,40
W40 Petange,529.0,Q2,40
W40 Petange,536.0,Q2,40
W40 Petange,706.0,Q2,40
W40 Mexico City,1140.0,Q1,40
W40 Mexico City,1292.0,Q1,40
W40 Mexico City,nan,Q1,40
W40 Mexico City,905.0,Q1,40
W40 Mexico City,533.0,Q1,40
W40 Mexico City,1073.0,Q1,40
W40 Mexico City,528.0,Q1,40
W40 Mexico City,nan,Q1,40
W40 Mexico City,nan,Q1,40
W40 Mexico City,845.0,Q1,40
W40 Mexico City,nan,Q1,40
W40 Mexico City,nan,Q1,40
W40 Mexico City,1206.0,Q1,40
W40 Mexico City,840.0,Q1,40
W40 Mexico City,647.0,Q2,40
W40 Mexico City,538.0,Q2,40
W40 Mexico City,nan,Q2,40
W40 Mexico City,832.0,Q2,40
W40 Mexico City,563.0,Q2,40
W40 Mexico City,807.0,Q2,40
W40 Mexico City,969.0,Q2,40
W40 Mexico City,298.0,Q1,40
W40 Mexico City,528.0,Q1,40
W40 Mexico City,788.0,Q1,40
W40 Mexico City,467.0,Q1,40
W40 Mexico City,nan,Q1,40
W40 Mexico City,550.0,Q1,40
W40 Mexico City,607.0,Q1,40
W40 Mexico City,839.0,Q1,40
W40 Mexico City,nan,Q1,40
W40 Mexico City,843.0,Q1,40
W40 Mexico City,386.0,Q1,40
W40 Mexico City,1225.0,Q1,40
W40 Mexico City,738.0,Q1,40
W40 Mexico City,710.0,Q1,40
W40 Mexico City,nan,Q1,40
W40 Mexico City,562.0,Q1,40
W40 Mexico City,580.0,Q2,40
W40 Mexico City,641.0,Q2,40
W40 Mexico City,564.0,Q2,40
W40 Mexico City,376.0,Q2,40
W40 Mexico City,507.0,Q2,40
W40 Mexico City,534.0,Q2,40
W40 Mexico City,425.0,Q2,40
W40 Mexico City,412.0,Q2,40
W40 Guadalajara,nan,Q1,40
W40 Guadalajara,nan,Q1,40
W40 Guadalajara,nan,Q1,40
W40 Guadalajara,nan,Q2,40
W40 Guadalajara,nan,Q2,40
W40 Guadalajara,1370.0,Q2,40
W40 Guadalajara,1281.0,Q2,40
W40 Guadalajara,nan,Q2,40
W40 Guadalajara,nan,Q2,40
W40 Guadalajara,nan,Q2,40
W40 Veracruz,nan,Q1,40
W40 Veracruz,nan,Q1,40
W40 Veracruz,nan,Q1,40
W40 Veracruz,1110.0,Q1,40
W40 Veracruz,nan,Q1,40
W40 Veracruz,nan,Q1,40
W40 Veracruz,1203.0,Q1,40
W40 Veracruz,nan,Q1,40
W40 Veracruz,nan,Q1,40
W40 Veracruz,nan,Q1,40
W40 Veracruz,nan,Q1,40
W40 Veracruz,nan,Q1,40
W40 Veracruz,823.0,Q2,40
W40 Veracruz,1102.0,Q2,40
W40 Veracruz,1027.0,Q2,40
W40 Veracruz,nan,Q2,40
W40 Veracruz,1181.0,Q2,40
W40 Veracruz,779.0,Q2,40
W40 Veracruz,777.0,Q2,40
W40 Veracruz,1088.0,Q2,40
W40 Skopje,nan,Q1,40
W40 Skopje,nan,Q1,40
W40 Skopje,nan,Q1,40
W40 Skopje,nan,Q1,40
W40 Skopje,nan,Q1,40
W40 Skopje,nan,Q1,40
W40 Skopje,nan,Q1,40
W40 Skopje,nan,Q1,40
W40 Skopje,nan,Q1,40
W40 Skopje,787.0,Q2,40
W40 Skopje,1091.0,Q2,40
W40 Skopje,1053.0,Q2,40
W40 Skopje,1277.0,Q2,40
W40 Skopje,790.0,Q2,40
W40 Skopje,739.0,Q2,40
W40 Skopje,753.0,Q2,40
W40 Skopje,nan,Q2,40
W40 The Hague,1054.0,Q1,40
W40 The Hague,507.0,Q1,40
W40 The Hague,nan,Q1,40
W40 The Hague,540.0,Q1,40
W40 The Hague,1101.0,Q1,40
W40 The Hague,723.0,Q1,40
W40 The Hague,1304.0,Q1,40
W40 The Hague,1294.0,Q1,40
W40 The Hague,478.0,Q1,40
W40 The Hague,nan,Q1,40
W40 The Hague,915.0,Q1,40
W40 The Hague,1359.0,Q1,40
W40 The Hague,760.0,Q1,40
W40 The Hague,nan,Q1,40
W40 The Hague,499.0,Q1,40
W40 The Hague,629.0,Q1,40
W40 The Hague,780.0,Q2,40
W40 The Hague,693.0,Q2,40
W40 The Hague,512.0,Q2,40
W40 The Hague,465.0,Q2,40
W40 The Hague,498.0,Q2,40
W40 The Hague,474.0,Q2,40
W40 The Hague,488.0,Q2,40
W40 The Hague,576.0,Q2,40
W40 Oldenzaal,1126.0,Q1,40
W40 Oldenzaal,716.0,Q1,40
W40 Oldenzaal,744.0,Q1,40
W40 Oldenzaal,1018.0,Q1,40
W40 Oldenzaal,885.0,Q1,40
W40 Oldenzaal,791.0,Q1,40
W40 Oldenzaal,541.0,Q1,40
W40 Oldenzaal,nan,Q1,40
W40 Oldenzaal,1294.0,Q1,40
W40 Oldenzaal,1126.0,Q1,40
W40 Oldenzaal,nan,Q1,40
W40 Oldenzaal,1295.0,Q1,40
W40 Oldenzaal,638.0,Q1,40
W40 Oldenzaal,607.0,Q1,40
W40 Oldenzaal,803.0,Q1,40
W40 Oldenzaal,686.0,Q1,40
W40 Oldenzaal,683.0,Q2,40
W40 Oldenzaal,604.0,Q2,40
W40 Oldenzaal,627.0,Q2,40
W40 Oldenzaal,880.0,Q2,40
W40 Oldenzaal,578.0,Q2,40
W40 Oldenzaal,553.0,Q2,40
W40 Oldenzaal,829.0,Q2,40
W40 Oldenzaal,706.0,Q2,40
W40 Porto,484.0,Q1,40
W40 Porto,731.0,Q1,40
W40 Porto,nan,Q1,40
W40 Porto,456.0,Q1,40
W40 Porto,790.0,Q1,40
W40 Porto,729.0,Q1,40
W40 Porto,nan,Q1,40
W40 Porto,1134.0,Q1,40
W40 Porto,420.0,Q2,40
W40 Porto,291.0,Q2,40
W40 Porto,473.0,Q2,40
W40 Porto,804.0,Q2,40
W40 Porto,448.0,Q2,40
W40 Porto,388.0,Q2,40
W40 Porto,421.0,Q2,40
W40 Porto,400.0,Q2,40
W40 Porto,1228.0,Q1,40
W40 Porto,1293.0,Q1,40
W40 Porto,nan,Q1,40
W40 Porto,nan,Q1,40
W40 Porto,nan,Q1,40
W40 Porto,nan,Q1,40
W40 Porto,1199.0,Q1,40
W40 Porto,nan,Q1,40
W40 Porto,638.0,Q2,40
W40 Porto,692.0,Q2,40
W40 Porto,708.0,Q2,40
W40 Porto,727.0,Q2,40
W40 Porto,1211.0,Q2,40
W40 Porto,538.0,Q2,40
W40 Porto,nan,Q2,40
W40 Porto,639.0,Q2,40
W40 Montemor-O-Novo,nan,Q1,40
W40 Montemor-O-Novo,nan,Q1,40
W40 Montemor-O-Novo,nan,Q1,40
W40 Montemor-O-Novo,nan,Q1,40
W40 Montemor-O-Novo,nan,Q1,40
W40 Montemor-O-Novo,nan,Q1,40
W40 Montemor-O-Novo,nan,Q1,40
W40 Montemor-O-Novo,nan,Q1,40
W40 Montemor-O-Novo,nan,Q1,40
W40 Montemor-O-Novo,nan,Q1,40
W40 Montemor-O-Novo,nan,Q1,40
W40 Montemor-O-Novo,nan,Q1,40
W40 Montemor-O-Novo,nan,Q1,40
W40 Montemor-O-Novo,1140.0,Q1,40
W40 Montemor-O-Novo,nan,Q1,40
W40 Montemor-O-Novo,nan,Q2,40
W40 Montemor-O-Novo,nan,Q2,40
W40 Montemor-O-Novo,1149.0,Q2,40
W40 Montemor-O-Novo,1056.0,Q2,40
W40 Montemor-O-Novo,nan,Q2,40
W40 Montemor-O-Novo,1120.0,Q2,40
W40 Montemor-O-Novo,nan,Q2,40
W40 Montemor-O-Novo,nan,Q2,40
W40 Lisbon,nan,Q1,40
W40 Lisbon,nan,Q1,40
W40 Lisbon,1243.0,Q1,40
W40 Lisbon,nan,Q1,40
W40 Lisbon,nan,Q1,40
W40 Lisbon,nan,Q1,40
W40 Lisbon,1364.0,Q1,40
W40 Lisbon,nan,Q1,40
W40 Lisbon,702.0,Q1,40
W40 Lisbon,604.0,Q1,40
W40 Lisbon,649.0,Q1,40
W40 Lisbon,544.0,Q1,40
W40 Lisbon,1060.0,Q1,40
W40 Lisbon,607.0,Q1,40
W40 Lisbon,526.0,Q1,40
W40 Lisbon,nan,Q1,40
W40 Lisbon,638.0,Q2,40
W40 Lisbon,403.0,Q2,40
W40 Lisbon,566.0,Q2,40
W40 Lisbon,554.0,Q2,40
W40 Lisbon,882.0,Q2,40
W40 Lisbon,733.0,Q2,40
W40 Lisbon,nan,Q2,40
W40 Lisbon,587.0,Q2,40
W40 Quinta do Lago,nan,Q1,40
W40 Quinta do Lago,1238.0,Q1,40
W40 Quinta do Lago,549.0,Q1,40
W40 Quinta do Lago,nan,Q1,40
W40 Quinta do Lago,nan,Q1,40
W40 Quinta do Lago,1055.0,Q1,40
W40 Quinta do Lago,nan,Q1,40
W40 Quinta do Lago,nan,Q1,40
W40 Quinta do Lago,744.0,Q1,40
W40 Quinta do Lago,478.0,Q1,40
W40 Quinta do Lago,365.0,Q1,40
W40 Quinta do Lago,nan,Q1,40
W40 Quinta do Lago,1263.0,Q1,40
W40 Quinta do Lago,488.0,Q1,40
W40 Quinta do Lago,1174.0,Q1,40
W40 Quinta do Lago,506.0,Q1,40
W40 Quinta do Lago,268.0,Q2,40
W40 Quinta do Lago,338.0,Q2,40
W40 Quinta do Lago,348.0,Q2,40
W40 Quinta do Lago,470.0,Q2,40
W40 Quinta do Lago,551.0,Q2,40
W40 Quinta do Lago,473.0,Q2,40
W40 Quinta do Lago,516.0,Q2,40
W40 Quinta do Lago,719.0,Q2,40
W40 Funchal,nan,Q1,40
W40 Funchal,nan,Q1,40
W40 Funchal,nan,Q1,40
W40 Funchal,1297.0,Q1,40
W40 Funchal,1109.0,Q1,40
W40 Funchal,nan,Q1,40
W40 Funchal,nan,Q1,40
W40 Funchal,nan,Q1,40
W40 Funchal,985.0,Q2,40
W40 Funchal,539.0,Q2,40
W40 Funchal,567.0,Q2,40
W40 Funchal,677.0,Q2,40
W40 Funchal,517.0,Q2,40
W40 Funchal,917.0,Q2,40
W40 Funchal,747.0,Q2,40
W40 Funchal,553.0,Q2,40
W40 Otocec,nan,Q1,40
W40 Otocec,nan,Q1,40
W40 Otocec,nan,Q1,40
W40 Otocec,nan,Q1,40
W40 Otocec,nan,Q1,40
W40 Otocec,nan,Q1,40
W40 Otocec,708.0,Q1,40
W40 Otocec,nan,Q1,40
W40 Otocec,nan,Q1,40
W40 Otocec,nan,Q1,40
W40 Otocec,nan,Q1,40
W40 Otocec,nan,Q1,40
W40 Otocec,nan,Q1,40
W40 Otocec,1140.0,Q1,40
W40 Otocec,nan,Q1,40
W40 Otocec,nan,Q1,40
W40 Otocec,588.0,Q2,40
W40 Otocec,883.0,Q2,40
W40 Otocec,1322.0,Q2,40
W40 Otocec,nan,Q2,40
W40 Otocec,880.0,Q2,40
W40 Otocec,1045.0,Q2,40
W40 Otocec,nan,Q2,40
W40 Otocec,856.0,Q2,40
W40 Otocec,1266.0,Q1,40
W40 Otocec,nan,Q1,40
W40 Otocec,nan,Q1,40
W40 Otocec,nan,Q1,40
W40 Otocec,1185.0,Q1,40
W40 Otocec,864.0,Q1,40
W40 Otocec,657.0,Q1,40
W40 Otocec,804.0,Q1,40
W40 Otocec,846.0,Q1,40
W40 Otocec,714.0,Q1,40
W40 Otocec,nan,Q1,40
W40 Otocec,nan,Q1,40
W40 Otocec,604.0,Q1,40
W40 Otocec,929.0,Q1,40
W40 Otocec,1035.0,Q1,40
W40 Otocec,nan,Q1,40
W40 Otocec,570.0,Q2,40
W40 Otocec,881.0,Q2,40
W40 Otocec,866.0,Q2,40
W40 Otocec,1015.0,Q2,40
W40 Otocec,1235.0,Q2,40
W40 Otocec,848.0,Q2,40
W40 Otocec,779.0,Q2,40
W40 Otocec,822.0,Q2,40
W40 Maribor,495.0,Q1,40
W40 Maribor,nan,Q1,40
W40 Maribor,nan,Q1,40
W40 Maribor,1113.0,Q1,40
W40 Maribor,560.0,Q1,40
W40 Maribor,370.0,Q1,40
W40 Maribor,1316.0,Q1,40
W40 Maribor,nan,Q1,40
W40 Maribor,402.0,Q2,40
W40 Maribor,391.0,Q2,40
W40 Maribor,333.0,Q2,40
W40 Maribor,427.0,Q2,40
W40 Maribor,321.0,Q2,40
W40 Maribor,464.0,Q2,40
W40 Maribor,441.0,Q2,40
W40 Maribor,368.0,Q2,40
W40 Murska Sobota,nan,Q1,40
W40 Murska Sobota,nan,Q1,40
W40 Murska Sobota,nan,Q1,40
W40 Murska Sobota,nan,Q1,40
W40 Murska Sobota,1248.0,Q1,40
W40 Murska Sobota,nan,Q1,40
W40 Murska Sobota,nan,Q1,40
W40 Murska Sobota,nan,Q1,40
W40 Murska Sobota,726.0,Q2,40
W40 Murska Sobota,370.0,Q2,40
W40 Murska Sobota,560.0,Q2,40
W40 Murska Sobota,878.0,Q2,40
W40 Murska Sobota,nan,Q2,40
W40 Murska Sobota,703.0,Q2,40
W40 Murska Sobota,566.0,Q2,40
W40 Murska Sobota,1208.0,Q2,40
W40 Kursumlijska Banja (Coaching Trial),655.0,Q1,40
W40 Kursumlijska Banja (Coaching Trial),nan,Q1,40
W40 Kursumlijska Banja (Coaching Trial),464.0,Q1,40
W40 Kursumlijska Banja (Coaching Trial),nan,Q1,40
W40 Kursumlijska Banja (Coaching Trial),nan,Q1,40
W40 Kursumlijska Banja (Coaching Trial),607.0,Q1,40
W40 Kursumlijska Banja (Coaching Trial),nan,Q1,40
W40 Kursumlijska Banja (Coaching Trial),806.0,Q1,40
W40 Kursumlijska Banja (Coaching Trial),1096.0,Q1,40
W40 Kursumlijska Banja (Coaching Trial),1248.0,Q1,40
W40 Kursumlijska Banja (Coaching Trial),729.0,Q1,40
W40 Kursumlijska Banja (Coaching Trial),563.0,Q1,40
W40 Kursumlijska Banja (Coaching Trial),972.0,Q1,40
W40 Kursumlijska Banja (Coaching Trial),659.0,Q1,40
W40 Kursumlijska Banja (Coaching Trial),894.0,Q1,40
W40 Kursumlijska Banja (Coaching Trial),1055.0,Q1,40
W40 Kursumlijska Banja (Coaching Trial),559.0,Q2,40
W40 Kursumlijska Banja (Coaching Trial),714.0,Q2,40
W40 Kursumlijska Banja (Coaching Trial),460.0,Q2,40
W40 Kursumlijska Banja (Coaching Trial),461.0,Q2,40
W40 Kursumlijska Banja (Coaching Trial),871.0,Q2,40
W40 Kursumlijska Banja (Coaching Trial),712.0,Q2,40
W40 Kursumlijska Banja (Coaching Trial),620.0,Q2,40
W40 Kursumlijska Banja (Coaching Trial),489.0,Q2,40
W40 Ystad,668.0,Q1,40
W40 Ystad,860.0,Q1,40
W40 Ystad,nan,Q1,40
W40 Ystad,nan,Q1,40
W40 Ystad,nan,Q1,40
W40 Ystad,1074.0,Q1,40
W40 Ystad,1050.0,Q1,40
W40 Ystad,746.0,Q1,40
W40 Ystad,754.0,Q1,40
W40 Ystad,928.0,Q1,40
W40 Ystad,nan,Q1,40
W40 Ystad,631.0,Q1,40
W40 Ystad,nan,Q1,40
W40 Ystad,545.0,Q1,40
W40 Ystad,nan,Q1,40
W40 Ystad,658.0,Q1,40
W40 Ystad,613.0,Q2,40
W40 Ystad,405.0,Q2,40
W40 Ystad,575.0,Q2,40
W40 Ystad,556.0,Q2,40
W40 Ystad,628.0,Q2,40
W40 Ystad,562.0,Q2,40
W40 Ystad,469.0,Q2,40
W40 Ystad,568.0,Q2,40
W40 Nonthaburi,437.0,Q1,40
W40 Nonthaburi,nan,Q1,40
W40 Nonthaburi,1301.0,Q1,40
W40 Nonthaburi,724.0,Q1,40
W40 Nonthaburi,678.0,Q1,40
W40 Nonthaburi,691.0,Q1,40
W40 Nonthaburi,447.0,Q1,40
W40 Nonthaburi,nan,Q1,40
W40 Nonthaburi,668.0,Q1,40
W40 Nonthaburi,1282.0,Q1,40
W40 Nonthaburi,811.0,Q1,40
W40 Nonthaburi,676.0,Q1,40
W40 Nonthaburi,661.0,Q1,40
W40 Nonthaburi,866.0,Q1,40
W40 Nonthaburi,728.0,Q1,40
W40 Nonthaburi,814.0,Q1,40
W40 Nonthaburi,nan,Q2,40
W40 Nonthaburi,585.0,Q2,40
W40 Nonthaburi,446.0,Q2,40
W40 Nonthaburi,844.0,Q2,40
W40 Nonthaburi,459.0,Q2,40
W40 Nonthaburi,574.0,Q2,40
W40 Nonthaburi,498.0,Q2,40
W40 Nonthaburi,605.0,Q2,40
W40 Nonthaburi,1273.0,Q1,40
W40 Nonthaburi,677.0,Q1,40
W40 Nonthaburi,439.0,Q1,40
W40 Nonthaburi,667.0,Q1,40
W40 Nonthaburi,651.0,Q1,40
W40 Nonthaburi,1295.0,Q1,40
W40 Nonthaburi,753.0,Q1,40
W40 Nonthaburi,nan,Q1,40
W40 Nonthaburi,nan,Q1,40
W40 Nonthaburi,573.0,Q1,40
W40 Nonthaburi,nan,Q1,40
W40 Nonthaburi,810.0,Q1,40
W40 Nonthaburi,813.0,Q1,40
W40 Nonthaburi,423.0,Q1,40
W40 Nonthaburi,722.0,Q1,40
W40 Nonthaburi,508.0,Q1,40
W40 Nonthaburi,588.0,Q2,40
W40 Nonthaburi,543.0,Q2,40
W40 Nonthaburi,445.0,Q2,40
W40 Nonthaburi,510.0,Q2,40
W40 Nonthaburi,726.0,Q2,40
W40 Nonthaburi,488.0,Q2,40
W40 Nonthaburi,436.0,Q2,40
W40 Nonthaburi,483.0,Q2,40
W40 Monastir,1119.0,Q1,40
W40 Monastir,nan,Q1,40
W40 Monastir,494.0,Q1,40
W40 Monastir,1295.0,Q1,40
W40 Monastir,nan,Q1,40
W40 Monastir,nan,Q1,40
W40 Monastir,nan,Q1,40
W40 Monastir,1213.0,Q1,40
W40 Monastir,1183.0,Q1,40
W40 Monastir,nan,Q1,40
W40 Monastir,nan,Q1,40
W40 Monastir,nan,Q1,40
W40 Monastir,nan,Q1,40
W40 Monastir,nan,Q1,40
W40 Monastir,nan,Q1,40
W40 Monastir,nan,Q1,40
W40 Monastir,612.0,Q2,40
W40 Monastir,1094.0,Q2,40
W40 Monastir,513.0,Q2,40
W40 Monastir,531.0,Q2,40
W40 Monastir,709.0,Q2,40
W40 Monastir,555.0,Q2,40
W40 Monastir,579.0,Q2,40
W40 Monastir,580.0,Q2,40
W40 Monastir,nan,Q1,40
W40 Monastir,689.0,Q1,40
W40 Monastir,891.0,Q1,40
W40 Monastir,nan,Q1,40
W40 Monastir,872.0,Q1,40
W40 Monastir,nan,Q1,40
W40 Monastir,nan,Q1,40
W40 Monastir,nan,Q1,40
W40 Monastir,606.0,Q1,40
W40 Monastir,1290.0,Q1,40
W40 Monastir,nan,Q1,40
W40 Monastir,1148.0,Q1,40
W40 Monastir,nan,Q1,40
W40 Monastir,682.0,Q2,40
W40 Monastir,414.0,Q2,40
W40 Monastir,698.0,Q2,40
W40 Monastir,614.0,Q2,40
W40 Monastir,496.0,Q2,40
W40 Monastir,510.0,Q2,40
W40 Monastir,532.0,Q2,40
W40 Monastir,576.0,Q2,40
W40 La Marsa,nan,Q1,40
W40 La Marsa,nan,Q1,40
W40 La Marsa,nan,Q1,40
W40 La Marsa,1299.0,Q1,40
W40 La Marsa,nan,Q1,40
W40 La Marsa,nan,Q1,40
W40 La Marsa,nan,Q1,40
W40 La Marsa,1346.0,Q1,40
W40 La Marsa,nan,Q1,40
W40 La Marsa,1110.0,Q1,40
W40 La Marsa,nan,Q1,40
W40 La Marsa,nan,Q1,40
W40 La Marsa,1277.0,Q1,40
W40 La Marsa,nan,Q1,40
W40 La Marsa,nan,Q1,40
W40 La Marsa,nan,Q1,40
W40 La Marsa,740.0,Q2,40
W40 La Marsa,867.0,Q2,40
W40 La Marsa,1107.0,Q2,40
W40 La Marsa,744.0,Q2,40
W40 La Marsa,965.0,Q2,40
W40 La Marsa,784.0,Q2,40
W40 La Marsa,882.0,Q2,40
W40 La Marsa,915.0,Q2,40
