Australian Open,175.0,Q1,G
Australian Open,186.0,Q1,G
Australian Open,150.0,Q1,G
Australian Open,143.0,Q1,G
Australian Open,109.0,Q1,G
Australian Open,nan,Q1,G
Australian Open,216.0,Q1,G
Australian Open,154.0,Q1,G
Australian Open,278.0,Q1,G
Australian Open,613.0,Q1,G
Australian Open,188.0,Q1,G
Australian Open,142.0,Q1,G
Australian Open,189.0,Q1,G
Australian Open,206.0,Q1,G
Australian Open,148.0,Q1,G
Australian Open,141.0,Q1,G
Australian Open,686.0,Q1,G
Australian Open,160.0,Q1,G
Australian Open,262.0,Q1,G
Australian Open,209.0,Q1,G
Australian Open,184.0,Q1,G
Australian Open,245.0,Q1,G
Australian Open,211.0,Q1,G
Australian Open,208.0,Q1,G
Australian Open,205.0,Q1,G
Australian Open,152.0,Q1,G
Australian Open,202.0,Q1,G
Australian Open,139.0,Q1,G
Australian Open,409.0,Q1,G
Australian Open,212.0,Q1,G
Australian Open,164.0,Q1,G
Australian Open,137.0,Q1,G
Australian Open,125.0,Q1,G
Australian Open,157.0,Q1,G
Australian Open,204.0,Q1,G
Australian Open,411.0,Q1,G
Australian Open,123.0,Q1,G
Australian Open,210.0,Q1,G
Australian Open,1113.0,Q1,G
Australian Open,169.0,Q1,G
Australian Open,126.0,Q1,G
Australian Open,178.0,Q1,G
Australian Open,217.0,Q1,G
Australian Open,162.0,Q1,G
Australian Open,161.0,Q1,G
Australian Open,224.0,Q1,G
Australian Open,340.0,Q1,G
Australian Open,444.0,Q1,G
Australian Open,198.0,Q2,G
Australian Open,226.0,Q2,G
Australian Open,193.0,Q2,G
Australian Open,140.0,Q2,G
Australian Open,179.0,Q2,G
Australian Open,176.0,Q2,G
Australian Open,225.0,Q2,G
Australian Open,177.0,Q2,G
Australian Open,151.0,Q2,G
Australian Open,221.0,Q2,G
Australian Open,191.0,Q2,G
Australian Open,228.0,Q2,G
Australian Open,203.0,Q2,G
Australian Open,192.0,Q2,G
Australian Open,229.0,Q2,G
Australian Open,168.0,Q2,G
Australian Open,149.0,Q2,G
Australian Open,133.0,Q2,G
Australian Open,233.0,Q2,G
Australian Open,547.0,Q2,G
Australian Open,153.0,Q2,G
Australian Open,145.0,Q2,G
Australian Open,128.0,Q2,G
Australian Open,196.0,Q2,G
Australian Open,171.0,Q3,G
Australian Open,185.0,Q3,G
Australian Open,220.0,Q3,G
Australian Open,116.0,Q3,G
Australian Open,130.0,Q3,G
Australian Open,138.0,Q3,G
Australian Open,121.0,Q3,G
Australian Open,190.0,Q3,G
Australian Open,146.0,Q3,G
Australian Open,250.0,Q3,G
Australian Open,167.0,Q3,G
Australian Open,187.0,Q3,G
Roland Garros,97.0,Q1,G
Roland Garros,147.0,Q1,G
Roland Garros,217.0,Q1,G
Roland Garros,224.0,Q1,G
Roland Garros,246.0,Q1,G
Roland Garros,158.0,Q1,G
Roland Garros,418.0,Q1,G
Roland Garros,207.0,Q1,G
Roland Garros,240.0,Q1,G
Roland Garros,199.0,Q1,G
Roland Garros,452.0,Q1,G
Roland Garros,218.0,Q1,G
Roland Garros,161.0,Q1,G
Roland Garros,167.0,Q1,G
Roland Garros,181.0,Q1,G
Roland Garros,631.0,Q1,G
Roland Garros,191.0,Q1,G
Roland Garros,188.0,Q1,G
Roland Garros,206.0,Q1,G
Roland Garros,132.0,Q1,G
Roland Garros,211.0,Q1,G
Roland Garros,186.0,Q1,G
Roland Garros,215.0,Q1,G
Roland Garros,145.0,Q1,G
Roland Garros,194.0,Q1,G
Roland Garros,155.0,Q1,G
Roland Garros,176.0,Q1,G
Roland Garros,129.0,Q1,G
Roland Garros,212.0,Q1,G
Roland Garros,184.0,Q1,G
Roland Garros,171.0,Q1,G
Roland Garros,182.0,Q1,G
Roland Garros,195.0,Q1,G
Roland Garros,395.0,Q1,G
Roland Garros,643.0,Q1,G
Roland Garros,134.0,Q1,G
Roland Garros,197.0,Q1,G
Roland Garros,180.0,Q1,G
Roland Garros,157.0,Q1,G
Roland Garros,169.0,Q1,G
Roland Garros,124.0,Q1,G
Roland Garros,152.0,Q1,G
Roland Garros,163.0,Q1,G
Roland Garros,203.0,Q1,G
Roland Garros,164.0,Q1,G
Roland Garros,160.0,Q1,G
Roland Garros,196.0,Q1,G
Roland Garros,174.0,Q1,G
Roland Garros,173.0,Q2,G
Roland Garros,165.0,Q2,G
Roland Garros,103.0,Q2,G
Roland Garros,141.0,Q2,G
Roland Garros,263.0,Q2,G
Roland Garros,190.0,Q2,G
Roland Garros,116.0,Q2,G
Roland Garros,154.0,Q2,G
Roland Garros,143.0,Q2,G
Roland Garros,172.0,Q2,G
Roland Garros,117.0,Q2,G
Roland Garros,131.0,Q2,G
Roland Garros,119.0,Q2,G
Roland Garros,146.0,Q2,G
Roland Garros,120.0,Q2,G
Roland Garros,226.0,Q2,G
Roland Garros,121.0,Q2,G
Roland Garros,144.0,Q2,G
Roland Garros,166.0,Q2,G
Roland Garros,136.0,Q2,G
Roland Garros,213.0,Q2,G
Roland Garros,159.0,Q2,G
Roland Garros,125.0,Q2,G
Roland Garros,148.0,Q2,G
Roland Garros,201.0,Q3,G
Roland Garros,222.0,Q3,G
Roland Garros,115.0,Q3,G
Roland Garros,130.0,Q3,G
Roland Garros,235.0,Q3,G
Roland Garros,151.0,Q3,G
Roland Garros,189.0,Q3,G
Roland Garros,179.0,Q3,G
Roland Garros,153.0,Q3,G
Roland Garros,156.0,Q3,G
Roland Garros,135.0,Q3,G
Roland Garros,137.0,Q3,G
Wimbledon,213.0,Q1,G
Wimbledon,178.0,Q1,G
Wimbledon,171.0,Q1,G
Wimbledon,121.0,Q1,G
Wimbledon,218.0,Q1,G
Wimbledon,170.0,Q1,G
Wimbledon,278.0,Q1,G
Wimbledon,970.0,Q1,G
Wimbledon,226.0,Q1,G
Wimbledon,160.0,Q1,G
Wimbledon,214.0,Q1,G
Wimbledon,205.0,Q1,G
Wimbledon,138.0,Q1,G
Wimbledon,144.0,Q1,G
Wimbledon,197.0,Q1,G
Wimbledon,412.0,Q1,G
Wimbledon,150.0,Q1,G
Wimbledon,204.0,Q1,G
Wimbledon,153.0,Q1,G
Wimbledon,135.0,Q1,G
Wimbledon,105.0,Q1,G
Wimbledon,181.0,Q1,G
Wimbledon,191.0,Q1,G
Wimbledon,228.0,Q1,G
Wimbledon,172.0,Q1,G
Wimbledon,188.0,Q1,G
Wimbledon,162.0,Q1,G
Wimbledon,177.0,Q1,G
Wimbledon,107.0,Q1,G
Wimbledon,211.0,Q1,G
Wimbledon,237.0,Q1,G
Wimbledon,133.0,Q1,G
Wimbledon,112.0,Q1,G
Wimbledon,209.0,Q1,G
Wimbledon,219.0,Q1,G
Wimbledon,743.0,Q1,G
Wimbledon,259.0,Q1,G
Wimbledon,220.0,Q1,G
Wimbledon,169.0,Q1,G
Wimbledon,185.0,Q1,G
Wimbledon,183.0,Q1,G
Wimbledon,151.0,Q1,G
Wimbledon,134.0,Q1,G
Wimbledon,320.0,Q1,G
Wimbledon,190.0,Q1,G
Wimbledon,598.0,Q1,G
Wimbledon,212.0,Q1,G
Wimbledon,164.0,Q1,G
Wimbledon,81.0,Q2,G
Wimbledon,189.0,Q2,G
Wimbledon,200.0,Q2,G
Wimbledon,163.0,Q2,G
Wimbledon,361.0,Q2,G
Wimbledon,195.0,Q2,G
Wimbledon,91.0,Q2,G
Wimbledon,130.0,Q2,G
Wimbledon,103.0,Q2,G
Wimbledon,149.0,Q2,G
Wimbledon,186.0,Q2,G
Wimbledon,187.0,Q2,G
Wimbledon,165.0,Q2,G
Wimbledon,415.0,Q2,G
Wimbledon,157.0,Q2,G
Wimbledon,175.0,Q2,G
Wimbledon,206.0,Q2,G
Wimbledon,210.0,Q2,G
Wimbledon,246.0,Q2,G
Wimbledon,159.0,Q2,G
Wimbledon,203.0,Q2,G
Wimbledon,124.0,Q2,G
Wimbledon,114.0,Q2,G
Wimbledon,155.0,Q2,G
Wimbledon,143.0,Q3,G
Wimbledon,148.0,Q3,G
Wimbledon,132.0,Q3,G
Wimbledon,176.0,Q3,G
Wimbledon,182.0,Q3,G
Wimbledon,129.0,Q3,G
Wimbledon,128.0,Q3,G
Wimbledon,215.0,Q3,G
Wimbledon,119.0,Q3,G
Wimbledon,113.0,Q3,G
Wimbledon,180.0,Q3,G
Wimbledon,179.0,Q3,G
US Open,79.0,Q1,G
US Open,193.0,Q1,G
US Open,616.0,Q1,G
US Open,263.0,Q1,G
US Open,255.0,Q1,G
US Open,206.0,Q1,G
US Open,244.0,Q1,G
US Open,190.0,Q1,G
US Open,234.0,Q1,G
US Open,192.0,Q1,G
US Open,170.0,Q1,G
US Open,127.0,Q1,G
US Open,106.0,Q1,G
US Open,201.0,Q1,G
US Open,207.0,Q1,G
US Open,157.0,Q1,G
US Open,161.0,Q1,G
US Open,231.0,Q1,G
US Open,217.0,Q1,G
US Open,142.0,Q1,G
US Open,108.0,Q1,G
US Open,202.0,Q1,G
US Open,186.0,Q1,G
US Open,414.0,Q1,G
US Open,195.0,Q1,G
US Open,180.0,Q1,G
US Open,153.0,Q1,G
US Open,224.0,Q1,G
US Open,112.0,Q1,G
US Open,159.0,Q1,G
US Open,204.0,Q1,G
US Open,181.0,Q1,G
US Open,113.0,Q1,G
US Open,208.0,Q1,G
US Open,215.0,Q1,G
US Open,250.0,Q1,G
US Open,424.0,Q1,G
US Open,177.0,Q1,G
US Open,148.0,Q1,G
US Open,141.0,Q1,G
US Open,116.0,Q1,G
US Open,219.0,Q1,G
US Open,156.0,Q1,G
US Open,200.0,Q1,G
US Open,315.0,Q1,G
US Open,222.0,Q1,G
US Open,145.0,Q1,G
US Open,134.0,Q1,G
US Open,164.0,Q1,G
US Open,300.0,Q1,G
US Open,198.0,Q1,G
US Open,150.0,Q1,G
US Open,120.0,Q1,G
US Open,237.0,Q1,G
US Open,297.0,Q1,G
US Open,179.0,Q1,G
US Open,121.0,Q1,G
US Open,188.0,Q1,G
US Open,248.0,Q1,G
US Open,nan,Q1,G
US Open,122.0,Q1,G
US Open,247.0,Q1,G
US Open,213.0,Q1,G
US Open,199.0,Q1,G
US Open,460.0,Q2,G
US Open,147.0,Q2,G
US Open,167.0,Q2,G
US Open,137.0,Q2,G
US Open,144.0,Q2,G
US Open,227.0,Q2,G
US Open,209.0,Q2,G
US Open,138.0,Q2,G
US Open,104.0,Q2,G
US Open,211.0,Q2,G
US Open,218.0,Q2,G
US Open,162.0,Q2,G
US Open,171.0,Q2,G
US Open,210.0,Q2,G
US Open,197.0,Q2,G
US Open,174.0,Q2,G
US Open,252.0,Q2,G
US Open,236.0,Q2,G
US Open,232.0,Q2,G
US Open,226.0,Q2,G
US Open,189.0,Q2,G
US Open,139.0,Q2,G
US Open,196.0,Q2,G
US Open,172.0,Q2,G
US Open,259.0,Q2,G
US Open,154.0,Q2,G
US Open,173.0,Q2,G
US Open,205.0,Q2,G
US Open,152.0,Q2,G
US Open,131.0,Q2,G
US Open,268.0,Q2,G
US Open,257.0,Q2,G
US Open,155.0,Q3,G
US Open,168.0,Q3,G
US Open,101.0,Q3,G
US Open,187.0,Q3,G
US Open,253.0,Q3,G
US Open,183.0,Q3,G
US Open,140.0,Q3,G
US Open,151.0,Q3,G
US Open,176.0,Q3,G
US Open,163.0,Q3,G
US Open,334.0,Q3,G
US Open,243.0,Q3,G
US Open,119.0,Q3,G
US Open,166.0,Q3,G
US Open,456.0,Q3,G
US Open,223.0,Q3,G
Australian Open,133.0,Q3,G
Australian Open,159.0,Q3,G
Australian Open,184.0,Q3,G
Australian Open,213.0,Q3,G
Australian Open,128.0,Q3,G
Australian Open,171.0,Q3,G
Australian Open,142.0,Q3,G
Australian Open,209.0,Q3,G
Australian Open,151.0,Q3,G
Australian Open,124.0,Q3,G
Australian Open,185.0,Q3,G
Australian Open,108.0,Q1,G
Australian Open,200.0,Q1,G
Australian Open,972.0,Q1,G
Australian Open,1140.0,Q1,G
Australian Open,113.0,Q1,G
Australian Open,183.0,Q1,G
Australian Open,202.0,Q1,G
Australian Open,137.0,Q1,G
Australian Open,154.0,Q1,G
Australian Open,165.0,Q1,G
Australian Open,218.0,Q1,G
Australian Open,228.0,Q1,G
Australian Open,116.0,Q1,G
Australian Open,206.0,Q1,G
Australian Open,166.0,Q1,G
Australian Open,201.0,Q1,G
Australian Open,147.0,Q1,G
Australian Open,177.0,Q1,G
Australian Open,118.0,Q1,G
Australian Open,214.0,Q1,G
Australian Open,484.0,Q1,G
Australian Open,800.0,Q1,G
Australian Open,239.0,Q1,G
Australian Open,143.0,Q1,G
Australian Open,191.0,Q1,G
Australian Open,179.0,Q1,G
Australian Open,176.0,Q1,G
Australian Open,134.0,Q1,G
Australian Open,188.0,Q1,G
Australian Open,172.0,Q1,G
Australian Open,160.0,Q1,G
Australian Open,141.0,Q1,G
Australian Open,215.0,Q1,G
Australian Open,212.0,Q1,G
Australian Open,nan,Q1,G
Australian Open,140.0,Q1,G
Australian Open,231.0,Q1,G
Australian Open,210.0,Q1,G
Australian Open,211.0,Q1,G
Australian Open,153.0,Q1,G
Australian Open,283.0,Q1,G
Australian Open,156.0,Q1,G
Australian Open,175.0,Q1,G
Australian Open,167.0,Q2,G
Australian Open,186.0,Q2,G
Australian Open,158.0,Q2,G
Australian Open,217.0,Q2,G
Australian Open,114.0,Q2,G
Australian Open,132.0,Q2,G
Australian Open,178.0,Q2,G
Australian Open,130.0,Q2,G
Australian Open,208.0,Q2,G
Australian Open,182.0,Q2,G
Australian Open,199.0,Q2,G
Australian Open,131.0,Q2,G
Australian Open,203.0,Q2,G
Australian Open,122.0,Q2,G
Australian Open,205.0,Q2,G
Australian Open,123.0,Q2,G
Australian Open,163.0,Q2,G
Australian Open,181.0,Q2,G
Australian Open,180.0,Q2,G
Australian Open,125.0,Q2,G
Australian Open,149.0,Q2,G
Australian Open,161.0,Q2,G
Australian Open,136.0,Q2,G
Roland Garros,89.0,Q3,G
Roland Garros,187.0,Q3,G
Roland Garros,101.0,Q3,G
Roland Garros,102.0,Q3,G
Roland Garros,179.0,Q3,G
Roland Garros,137.0,Q3,G
Roland Garros,186.0,Q3,G
Roland Garros,121.0,Q3,G
Roland Garros,124.0,Q3,G
Roland Garros,180.0,Q3,G
Roland Garros,191.0,Q1,G
Roland Garros,274.0,Q1,G
Roland Garros,158.0,Q1,G
Roland Garros,555.0,Q1,G
Roland Garros,297.0,Q1,G
Roland Garros,132.0,Q1,G
Roland Garros,160.0,Q1,G
Roland Garros,1255.0,Q1,G
Roland Garros,198.0,Q1,G
Roland Garros,150.0,Q1,G
Roland Garros,182.0,Q1,G
Roland Garros,151.0,Q1,G
Roland Garros,162.0,Q1,G
Roland Garros,183.0,Q1,G
Roland Garros,126.0,Q1,G
Roland Garros,116.0,Q1,G
Roland Garros,242.0,Q1,G
Roland Garros,122.0,Q1,G
Roland Garros,176.0,Q1,G
Roland Garros,439.0,Q1,G
Roland Garros,200.0,Q1,G
Roland Garros,123.0,Q1,G
Roland Garros,164.0,Q1,G
Roland Garros,237.0,Q1,G
Roland Garros,206.0,Q1,G
Roland Garros,177.0,Q1,G
Roland Garros,147.0,Q1,G
Roland Garros,119.0,Q1,G
Roland Garros,113.0,Q1,G
Roland Garros,168.0,Q1,G
Roland Garros,141.0,Q1,G
Roland Garros,140.0,Q1,G
Roland Garros,134.0,Q1,G
Roland Garros,118.0,Q1,G
Roland Garros,173.0,Q1,G
Roland Garros,194.0,Q1,G
Roland Garros,131.0,Q1,G
Roland Garros,169.0,Q2,G
Roland Garros,181.0,Q2,G
Roland Garros,210.0,Q2,G
Roland Garros,203.0,Q2,G
Roland Garros,128.0,Q2,G
Roland Garros,167.0,Q2,G
Roland Garros,129.0,Q2,G
Roland Garros,185.0,Q2,G
Roland Garros,188.0,Q2,G
Roland Garros,133.0,Q2,G
Roland Garros,153.0,Q2,G
Roland Garros,161.0,Q2,G
Roland Garros,199.0,Q2,G
Roland Garros,241.0,Q2,G
Roland Garros,144.0,Q2,G
Roland Garros,170.0,Q2,G
Roland Garros,201.0,Q2,G
Roland Garros,166.0,Q2,G
Roland Garros,171.0,Q2,G
Roland Garros,165.0,Q2,G
US Open,75.0,Q3,G
US Open,169.0,Q3,G
US Open,100.0,Q3,G
US Open,237.0,Q3,G
US Open,134.0,Q3,G
US Open,160.0,Q3,G
US Open,152.0,Q3,G
US Open,202.0,Q3,G
US Open,133.0,Q3,G
US Open,124.0,Q3,G
US Open,165.0,Q3,G
US Open,146.0,Q3,G
US Open,192.0,Q3,G
US Open,122.0,Q3,G
US Open,231.0,Q3,G
US Open,304.0,Q3,G
US Open,210.0,Q1,G
US Open,149.0,Q1,G
US Open,182.0,Q1,G
US Open,217.0,Q1,G
US Open,179.0,Q1,G
US Open,536.0,Q1,G
US Open,154.0,Q1,G
US Open,216.0,Q1,G
US Open,639.0,Q1,G
US Open,140.0,Q1,G
US Open,167.0,Q1,G
US Open,235.0,Q1,G
US Open,175.0,Q1,G
US Open,147.0,Q1,G
US Open,211.0,Q1,G
US Open,106.0,Q1,G
US Open,227.0,Q1,G
US Open,176.0,Q1,G
US Open,240.0,Q1,G
US Open,151.0,Q1,G
US Open,288.0,Q1,G
US Open,108.0,Q1,G
US Open,164.0,Q1,G
US Open,197.0,Q1,G
US Open,142.0,Q1,G
US Open,351.0,Q1,G
US Open,223.0,Q1,G
US Open,239.0,Q1,G
US Open,136.0,Q1,G
US Open,110.0,Q1,G
US Open,196.0,Q1,G
US Open,153.0,Q1,G
US Open,213.0,Q1,G
US Open,193.0,Q1,G
US Open,209.0,Q1,G
US Open,226.0,Q1,G
US Open,116.0,Q1,G
US Open,158.0,Q1,G
US Open,195.0,Q1,G
US Open,333.0,Q1,G
US Open,115.0,Q1,G
US Open,323.0,Q1,G
US Open,177.0,Q1,G
US Open,343.0,Q1,G
US Open,185.0,Q1,G
US Open,189.0,Q1,G
US Open,132.0,Q1,G
US Open,224.0,Q1,G
US Open,168.0,Q1,G
US Open,219.0,Q1,G
US Open,138.0,Q1,G
US Open,260.0,Q1,G
US Open,225.0,Q1,G
US Open,246.0,Q1,G
US Open,144.0,Q1,G
US Open,198.0,Q1,G
US Open,194.0,Q1,G
US Open,204.0,Q1,G
US Open,233.0,Q2,G
US Open,258.0,Q2,G
US Open,98.0,Q2,G
US Open,188.0,Q2,G
US Open,208.0,Q2,G
US Open,532.0,Q2,G
US Open,570.0,Q2,G
US Open,572.0,Q2,G
US Open,199.0,Q2,G
US Open,107.0,Q2,G
US Open,184.0,Q2,G
US Open,214.0,Q2,G
US Open,141.0,Q2,G
US Open,109.0,Q2,G
US Open,247.0,Q2,G
US Open,497.0,Q2,G
US Open,180.0,Q2,G
US Open,173.0,Q2,G
US Open,172.0,Q2,G
US Open,170.0,Q2,G
US Open,131.0,Q2,G
US Open,201.0,Q2,G
US Open,332.0,Q2,G
US Open,150.0,Q2,G
US Open,229.0,Q2,G
US Open,212.0,Q2,G
US Open,181.0,Q2,G
US Open,125.0,Q2,G
US Open,218.0,Q2,G
US Open,171.0,Q2,G
US Open,129.0,Q2,G
Australian Open,133.0,Q3,G
Australian Open,159.0,Q3,G
Australian Open,184.0,Q3,G
Australian Open,213.0,Q3,G
Australian Open,128.0,Q3,G
Australian Open,171.0,Q3,G
Australian Open,142.0,Q3,G
Australian Open,209.0,Q3,G
Australian Open,151.0,Q3,G
Australian Open,124.0,Q3,G
Australian Open,185.0,Q3,G
Australian Open,108.0,Q1,G
Australian Open,200.0,Q1,G
Australian Open,972.0,Q1,G
Australian Open,1140.0,Q1,G
Australian Open,113.0,Q1,G
Australian Open,183.0,Q1,G
Australian Open,202.0,Q1,G
Australian Open,137.0,Q1,G
Australian Open,154.0,Q1,G
Australian Open,165.0,Q1,G
Australian Open,218.0,Q1,G
Australian Open,228.0,Q1,G
Australian Open,116.0,Q1,G
Australian Open,206.0,Q1,G
Australian Open,166.0,Q1,G
Australian Open,201.0,Q1,G
Australian Open,147.0,Q1,G
Australian Open,177.0,Q1,G
Australian Open,118.0,Q1,G
Australian Open,214.0,Q1,G
Australian Open,484.0,Q1,G
Australian Open,800.0,Q1,G
Australian Open,239.0,Q1,G
Australian Open,143.0,Q1,G
Australian Open,191.0,Q1,G
Australian Open,179.0,Q1,G
Australian Open,176.0,Q1,G
Australian Open,134.0,Q1,G
Australian Open,188.0,Q1,G
Australian Open,172.0,Q1,G
Australian Open,160.0,Q1,G
Australian Open,141.0,Q1,G
Australian Open,215.0,Q1,G
Australian Open,212.0,Q1,G
Australian Open,nan,Q1,G
Australian Open,140.0,Q1,G
Australian Open,231.0,Q1,G
Australian Open,210.0,Q1,G
Australian Open,211.0,Q1,G
Australian Open,153.0,Q1,G
Australian Open,283.0,Q1,G
Australian Open,156.0,Q1,G
Australian Open,175.0,Q1,G
Australian Open,167.0,Q2,G
Australian Open,186.0,Q2,G
Australian Open,158.0,Q2,G
Australian Open,217.0,Q2,G
Australian Open,114.0,Q2,G
Australian Open,132.0,Q2,G
Australian Open,178.0,Q2,G
Australian Open,130.0,Q2,G
Australian Open,208.0,Q2,G
Australian Open,182.0,Q2,G
Australian Open,199.0,Q2,G
Australian Open,131.0,Q2,G
Australian Open,203.0,Q2,G
Australian Open,122.0,Q2,G
Australian Open,205.0,Q2,G
Australian Open,123.0,Q2,G
Australian Open,163.0,Q2,G
Australian Open,181.0,Q2,G
Australian Open,180.0,Q2,G
Australian Open,125.0,Q2,G
Australian Open,149.0,Q2,G
Australian Open,161.0,Q2,G
Australian Open,136.0,Q2,G
Roland Garros,89.0,Q3,G
Roland Garros,187.0,Q3,G
Roland Garros,101.0,Q3,G
Roland Garros,102.0,Q3,G
Roland Garros,179.0,Q3,G
Roland Garros,137.0,Q3,G
Roland Garros,186.0,Q3,G
Roland Garros,121.0,Q3,G
Roland Garros,124.0,Q3,G
Roland Garros,180.0,Q3,G
Roland Garros,191.0,Q1,G
Roland Garros,274.0,Q1,G
Roland Garros,158.0,Q1,G
Roland Garros,555.0,Q1,G
Roland Garros,297.0,Q1,G
Roland Garros,132.0,Q1,G
Roland Garros,160.0,Q1,G
Roland Garros,1255.0,Q1,G
Roland Garros,198.0,Q1,G
Roland Garros,150.0,Q1,G
Roland Garros,182.0,Q1,G
Roland Garros,151.0,Q1,G
Roland Garros,162.0,Q1,G
Roland Garros,183.0,Q1,G
Roland Garros,126.0,Q1,G
Roland Garros,116.0,Q1,G
Roland Garros,242.0,Q1,G
Roland Garros,122.0,Q1,G
Roland Garros,176.0,Q1,G
Roland Garros,439.0,Q1,G
Roland Garros,200.0,Q1,G
Roland Garros,123.0,Q1,G
Roland Garros,164.0,Q1,G
Roland Garros,237.0,Q1,G
Roland Garros,206.0,Q1,G
Roland Garros,177.0,Q1,G
Roland Garros,147.0,Q1,G
Roland Garros,119.0,Q1,G
Roland Garros,113.0,Q1,G
Roland Garros,168.0,Q1,G
Roland Garros,141.0,Q1,G
Roland Garros,140.0,Q1,G
Roland Garros,134.0,Q1,G
Roland Garros,118.0,Q1,G
Roland Garros,173.0,Q1,G
Roland Garros,194.0,Q1,G
Roland Garros,131.0,Q1,G
Roland Garros,169.0,Q2,G
Roland Garros,181.0,Q2,G
Roland Garros,210.0,Q2,G
Roland Garros,203.0,Q2,G
Roland Garros,128.0,Q2,G
Roland Garros,167.0,Q2,G
Roland Garros,129.0,Q2,G
Roland Garros,185.0,Q2,G
Roland Garros,188.0,Q2,G
Roland Garros,133.0,Q2,G
Roland Garros,153.0,Q2,G
Roland Garros,161.0,Q2,G
Roland Garros,199.0,Q2,G
Roland Garros,241.0,Q2,G
Roland Garros,144.0,Q2,G
Roland Garros,170.0,Q2,G
Roland Garros,201.0,Q2,G
Roland Garros,166.0,Q2,G
Roland Garros,171.0,Q2,G
Roland Garros,165.0,Q2,G
US Open,75.0,Q3,G
US Open,169.0,Q3,G
US Open,100.0,Q3,G
US Open,237.0,Q3,G
US Open,134.0,Q3,G
US Open,160.0,Q3,G
US Open,152.0,Q3,G
US Open,202.0,Q3,G
US Open,133.0,Q3,G
US Open,124.0,Q3,G
US Open,165.0,Q3,G
US Open,146.0,Q3,G
US Open,192.0,Q3,G
US Open,122.0,Q3,G
US Open,231.0,Q3,G
US Open,304.0,Q3,G
US Open,210.0,Q1,G
US Open,149.0,Q1,G
US Open,182.0,Q1,G
US Open,217.0,Q1,G
US Open,179.0,Q1,G
US Open,536.0,Q1,G
US Open,154.0,Q1,G
US Open,216.0,Q1,G
US Open,639.0,Q1,G
US Open,140.0,Q1,G
US Open,167.0,Q1,G
US Open,235.0,Q1,G
US Open,175.0,Q1,G
US Open,147.0,Q1,G
US Open,211.0,Q1,G
US Open,106.0,Q1,G
US Open,227.0,Q1,G
US Open,176.0,Q1,G
US Open,240.0,Q1,G
US Open,151.0,Q1,G
US Open,288.0,Q1,G
US Open,108.0,Q1,G
US Open,164.0,Q1,G
US Open,197.0,Q1,G
US Open,142.0,Q1,G
US Open,351.0,Q1,G
US Open,223.0,Q1,G
US Open,239.0,Q1,G
US Open,136.0,Q1,G
US Open,110.0,Q1,G
US Open,196.0,Q1,G
US Open,153.0,Q1,G
US Open,213.0,Q1,G
US Open,193.0,Q1,G
US Open,209.0,Q1,G
US Open,226.0,Q1,G
US Open,116.0,Q1,G
US Open,158.0,Q1,G
US Open,195.0,Q1,G
US Open,333.0,Q1,G
US Open,115.0,Q1,G
US Open,323.0,Q1,G
US Open,177.0,Q1,G
US Open,343.0,Q1,G
US Open,185.0,Q1,G
US Open,189.0,Q1,G
US Open,132.0,Q1,G
US Open,224.0,Q1,G
US Open,168.0,Q1,G
US Open,219.0,Q1,G
US Open,138.0,Q1,G
US Open,260.0,Q1,G
US Open,225.0,Q1,G
US Open,246.0,Q1,G
US Open,144.0,Q1,G
US Open,198.0,Q1,G
US Open,194.0,Q1,G
US Open,204.0,Q1,G
US Open,233.0,Q2,G
US Open,258.0,Q2,G
US Open,98.0,Q2,G
US Open,188.0,Q2,G
US Open,208.0,Q2,G
US Open,532.0,Q2,G
US Open,570.0,Q2,G
US Open,572.0,Q2,G
US Open,199.0,Q2,G
US Open,107.0,Q2,G
US Open,184.0,Q2,G
US Open,214.0,Q2,G
US Open,141.0,Q2,G
US Open,109.0,Q2,G
US Open,247.0,Q2,G
US Open,497.0,Q2,G
US Open,180.0,Q2,G
US Open,173.0,Q2,G
US Open,172.0,Q2,G
US Open,170.0,Q2,G
US Open,131.0,Q2,G
US Open,201.0,Q2,G
US Open,332.0,Q2,G
US Open,150.0,Q2,G
US Open,229.0,Q2,G
US Open,212.0,Q2,G
US Open,181.0,Q2,G
US Open,125.0,Q2,G
US Open,218.0,Q2,G
US Open,171.0,Q2,G
US Open,129.0,Q2,G
Australian Open,133.0,Q3,G
Australian Open,159.0,Q3,G
Australian Open,184.0,Q3,G
Australian Open,213.0,Q3,G
Australian Open,128.0,Q3,G
Australian Open,171.0,Q3,G
Australian Open,142.0,Q3,G
Australian Open,209.0,Q3,G
Australian Open,151.0,Q3,G
Australian Open,124.0,Q3,G
Australian Open,185.0,Q3,G
Australian Open,108.0,Q1,G
Australian Open,200.0,Q1,G
Australian Open,972.0,Q1,G
Australian Open,1140.0,Q1,G
Australian Open,113.0,Q1,G
Australian Open,183.0,Q1,G
Australian Open,202.0,Q1,G
Australian Open,137.0,Q1,G
Australian Open,154.0,Q1,G
Australian Open,165.0,Q1,G
Australian Open,218.0,Q1,G
Australian Open,228.0,Q1,G
Australian Open,116.0,Q1,G
Australian Open,206.0,Q1,G
Australian Open,166.0,Q1,G
Australian Open,201.0,Q1,G
Australian Open,147.0,Q1,G
Australian Open,177.0,Q1,G
Australian Open,118.0,Q1,G
Australian Open,214.0,Q1,G
Australian Open,484.0,Q1,G
Australian Open,800.0,Q1,G
Australian Open,239.0,Q1,G
Australian Open,143.0,Q1,G
Australian Open,191.0,Q1,G
Australian Open,179.0,Q1,G
Australian Open,176.0,Q1,G
Australian Open,134.0,Q1,G
Australian Open,188.0,Q1,G
Australian Open,172.0,Q1,G
Australian Open,160.0,Q1,G
Australian Open,141.0,Q1,G
Australian Open,215.0,Q1,G
Australian Open,212.0,Q1,G
Australian Open,nan,Q1,G
Australian Open,140.0,Q1,G
Australian Open,231.0,Q1,G
Australian Open,210.0,Q1,G
Australian Open,211.0,Q1,G
Australian Open,153.0,Q1,G
Australian Open,283.0,Q1,G
Australian Open,156.0,Q1,G
Australian Open,175.0,Q1,G
Australian Open,167.0,Q2,G
Australian Open,186.0,Q2,G
Australian Open,158.0,Q2,G
Australian Open,217.0,Q2,G
Australian Open,114.0,Q2,G
Australian Open,132.0,Q2,G
Australian Open,178.0,Q2,G
Australian Open,130.0,Q2,G
Australian Open,208.0,Q2,G
Australian Open,182.0,Q2,G
Australian Open,199.0,Q2,G
Australian Open,131.0,Q2,G
Australian Open,203.0,Q2,G
Australian Open,122.0,Q2,G
Australian Open,205.0,Q2,G
Australian Open,123.0,Q2,G
Australian Open,163.0,Q2,G
Australian Open,181.0,Q2,G
Australian Open,180.0,Q2,G
Australian Open,125.0,Q2,G
Australian Open,149.0,Q2,G
Australian Open,161.0,Q2,G
Australian Open,136.0,Q2,G
Roland Garros,89.0,Q3,G
Roland Garros,187.0,Q3,G
Roland Garros,101.0,Q3,G
Roland Garros,102.0,Q3,G
Roland Garros,179.0,Q3,G
Roland Garros,137.0,Q3,G
Roland Garros,186.0,Q3,G
Roland Garros,121.0,Q3,G
Roland Garros,124.0,Q3,G
Roland Garros,180.0,Q3,G
Roland Garros,191.0,Q1,G
Roland Garros,274.0,Q1,G
Roland Garros,158.0,Q1,G
Roland Garros,555.0,Q1,G
Roland Garros,297.0,Q1,G
Roland Garros,132.0,Q1,G
Roland Garros,160.0,Q1,G
Roland Garros,1255.0,Q1,G
Roland Garros,198.0,Q1,G
Roland Garros,150.0,Q1,G
Roland Garros,182.0,Q1,G
Roland Garros,151.0,Q1,G
Roland Garros,162.0,Q1,G
Roland Garros,183.0,Q1,G
Roland Garros,126.0,Q1,G
Roland Garros,116.0,Q1,G
Roland Garros,242.0,Q1,G
Roland Garros,122.0,Q1,G
Roland Garros,176.0,Q1,G
Roland Garros,439.0,Q1,G
Roland Garros,200.0,Q1,G
Roland Garros,123.0,Q1,G
Roland Garros,164.0,Q1,G
Roland Garros,237.0,Q1,G
Roland Garros,206.0,Q1,G
Roland Garros,177.0,Q1,G
Roland Garros,147.0,Q1,G
Roland Garros,119.0,Q1,G
Roland Garros,113.0,Q1,G
Roland Garros,168.0,Q1,G
Roland Garros,141.0,Q1,G
Roland Garros,140.0,Q1,G
Roland Garros,134.0,Q1,G
Roland Garros,118.0,Q1,G
Roland Garros,173.0,Q1,G
Roland Garros,194.0,Q1,G
Roland Garros,131.0,Q1,G
Roland Garros,169.0,Q2,G
Roland Garros,181.0,Q2,G
Roland Garros,210.0,Q2,G
Roland Garros,203.0,Q2,G
Roland Garros,128.0,Q2,G
Roland Garros,167.0,Q2,G
Roland Garros,129.0,Q2,G
Roland Garros,185.0,Q2,G
Roland Garros,188.0,Q2,G
Roland Garros,133.0,Q2,G
Roland Garros,153.0,Q2,G
Roland Garros,161.0,Q2,G
Roland Garros,199.0,Q2,G
Roland Garros,241.0,Q2,G
Roland Garros,144.0,Q2,G
Roland Garros,170.0,Q2,G
Roland Garros,201.0,Q2,G
Roland Garros,166.0,Q2,G
Roland Garros,171.0,Q2,G
Roland Garros,165.0,Q2,G
US Open,75.0,Q3,G
US Open,169.0,Q3,G
US Open,100.0,Q3,G
US Open,237.0,Q3,G
US Open,134.0,Q3,G
US Open,160.0,Q3,G
US Open,152.0,Q3,G
US Open,202.0,Q3,G
US Open,133.0,Q3,G
US Open,124.0,Q3,G
US Open,165.0,Q3,G
US Open,146.0,Q3,G
US Open,192.0,Q3,G
US Open,122.0,Q3,G
US Open,231.0,Q3,G
US Open,304.0,Q3,G
US Open,210.0,Q1,G
US Open,149.0,Q1,G
US Open,182.0,Q1,G
US Open,217.0,Q1,G
US Open,179.0,Q1,G
US Open,536.0,Q1,G
US Open,154.0,Q1,G
US Open,216.0,Q1,G
US Open,639.0,Q1,G
US Open,140.0,Q1,G
US Open,167.0,Q1,G
US Open,235.0,Q1,G
US Open,175.0,Q1,G
US Open,147.0,Q1,G
US Open,211.0,Q1,G
US Open,106.0,Q1,G
US Open,227.0,Q1,G
US Open,176.0,Q1,G
US Open,240.0,Q1,G
US Open,151.0,Q1,G
US Open,288.0,Q1,G
US Open,108.0,Q1,G
US Open,164.0,Q1,G
US Open,197.0,Q1,G
US Open,142.0,Q1,G
US Open,351.0,Q1,G
US Open,223.0,Q1,G
US Open,239.0,Q1,G
US Open,136.0,Q1,G
US Open,110.0,Q1,G
US Open,196.0,Q1,G
US Open,153.0,Q1,G
US Open,213.0,Q1,G
US Open,193.0,Q1,G
US Open,209.0,Q1,G
US Open,226.0,Q1,G
US Open,116.0,Q1,G
US Open,158.0,Q1,G
US Open,195.0,Q1,G
US Open,333.0,Q1,G
US Open,115.0,Q1,G
US Open,323.0,Q1,G
US Open,177.0,Q1,G
US Open,343.0,Q1,G
US Open,185.0,Q1,G
US Open,189.0,Q1,G
US Open,132.0,Q1,G
US Open,224.0,Q1,G
US Open,168.0,Q1,G
US Open,219.0,Q1,G
US Open,138.0,Q1,G
US Open,260.0,Q1,G
US Open,225.0,Q1,G
US Open,246.0,Q1,G
US Open,144.0,Q1,G
US Open,198.0,Q1,G
US Open,194.0,Q1,G
US Open,204.0,Q1,G
US Open,233.0,Q2,G
US Open,258.0,Q2,G
US Open,98.0,Q2,G
US Open,188.0,Q2,G
US Open,208.0,Q2,G
US Open,532.0,Q2,G
US Open,570.0,Q2,G
US Open,572.0,Q2,G
US Open,199.0,Q2,G
US Open,107.0,Q2,G
US Open,184.0,Q2,G
US Open,214.0,Q2,G
US Open,141.0,Q2,G
US Open,109.0,Q2,G
US Open,247.0,Q2,G
US Open,497.0,Q2,G
US Open,180.0,Q2,G
US Open,173.0,Q2,G
US Open,172.0,Q2,G
US Open,170.0,Q2,G
US Open,131.0,Q2,G
US Open,201.0,Q2,G
US Open,332.0,Q2,G
US Open,150.0,Q2,G
US Open,229.0,Q2,G
US Open,212.0,Q2,G
US Open,181.0,Q2,G
US Open,125.0,Q2,G
US Open,218.0,Q2,G
US Open,171.0,Q2,G
US Open,129.0,Q2,G
Australian Open,133.0,Q3,G
Australian Open,159.0,Q3,G
Australian Open,184.0,Q3,G
Australian Open,213.0,Q3,G
Australian Open,128.0,Q3,G
Australian Open,171.0,Q3,G
Australian Open,142.0,Q3,G
Australian Open,209.0,Q3,G
Australian Open,151.0,Q3,G
Australian Open,124.0,Q3,G
Australian Open,185.0,Q3,G
Australian Open,108.0,Q1,G
Australian Open,200.0,Q1,G
Australian Open,972.0,Q1,G
Australian Open,1140.0,Q1,G
Australian Open,113.0,Q1,G
Australian Open,183.0,Q1,G
Australian Open,202.0,Q1,G
Australian Open,137.0,Q1,G
Australian Open,154.0,Q1,G
Australian Open,165.0,Q1,G
Australian Open,218.0,Q1,G
Australian Open,228.0,Q1,G
Australian Open,116.0,Q1,G
Australian Open,206.0,Q1,G
Australian Open,166.0,Q1,G
Australian Open,201.0,Q1,G
Australian Open,147.0,Q1,G
Australian Open,177.0,Q1,G
Australian Open,118.0,Q1,G
Australian Open,214.0,Q1,G
Australian Open,484.0,Q1,G
Australian Open,800.0,Q1,G
Australian Open,239.0,Q1,G
Australian Open,143.0,Q1,G
Australian Open,191.0,Q1,G
Australian Open,179.0,Q1,G
Australian Open,176.0,Q1,G
Australian Open,134.0,Q1,G
Australian Open,188.0,Q1,G
Australian Open,172.0,Q1,G
Australian Open,160.0,Q1,G
Australian Open,141.0,Q1,G
Australian Open,215.0,Q1,G
Australian Open,212.0,Q1,G
Australian Open,nan,Q1,G
Australian Open,140.0,Q1,G
Australian Open,231.0,Q1,G
Australian Open,210.0,Q1,G
Australian Open,211.0,Q1,G
Australian Open,153.0,Q1,G
Australian Open,283.0,Q1,G
Australian Open,156.0,Q1,G
Australian Open,175.0,Q1,G
Australian Open,167.0,Q2,G
Australian Open,186.0,Q2,G
Australian Open,158.0,Q2,G
Australian Open,217.0,Q2,G
Australian Open,114.0,Q2,G
Australian Open,132.0,Q2,G
Australian Open,178.0,Q2,G
Australian Open,130.0,Q2,G
Australian Open,208.0,Q2,G
Australian Open,182.0,Q2,G
Australian Open,199.0,Q2,G
Australian Open,131.0,Q2,G
Australian Open,203.0,Q2,G
Australian Open,122.0,Q2,G
Australian Open,205.0,Q2,G
Australian Open,123.0,Q2,G
Australian Open,163.0,Q2,G
Australian Open,181.0,Q2,G
Australian Open,180.0,Q2,G
Australian Open,125.0,Q2,G
Australian Open,149.0,Q2,G
Australian Open,161.0,Q2,G
Australian Open,136.0,Q2,G
Roland Garros,89.0,Q3,G
Roland Garros,187.0,Q3,G
Roland Garros,101.0,Q3,G
Roland Garros,102.0,Q3,G
Roland Garros,179.0,Q3,G
Roland Garros,137.0,Q3,G
Roland Garros,186.0,Q3,G
Roland Garros,121.0,Q3,G
Roland Garros,124.0,Q3,G
Roland Garros,180.0,Q3,G
Roland Garros,191.0,Q1,G
Roland Garros,274.0,Q1,G
Roland Garros,158.0,Q1,G
Roland Garros,555.0,Q1,G
Roland Garros,297.0,Q1,G
Roland Garros,132.0,Q1,G
Roland Garros,160.0,Q1,G
Roland Garros,1255.0,Q1,G
Roland Garros,198.0,Q1,G
Roland Garros,150.0,Q1,G
Roland Garros,182.0,Q1,G
Roland Garros,151.0,Q1,G
Roland Garros,162.0,Q1,G
Roland Garros,183.0,Q1,G
Roland Garros,126.0,Q1,G
Roland Garros,116.0,Q1,G
Roland Garros,242.0,Q1,G
Roland Garros,122.0,Q1,G
Roland Garros,176.0,Q1,G
Roland Garros,439.0,Q1,G
Roland Garros,200.0,Q1,G
Roland Garros,123.0,Q1,G
Roland Garros,164.0,Q1,G
Roland Garros,237.0,Q1,G
Roland Garros,206.0,Q1,G
Roland Garros,177.0,Q1,G
Roland Garros,147.0,Q1,G
Roland Garros,119.0,Q1,G
Roland Garros,113.0,Q1,G
Roland Garros,168.0,Q1,G
Roland Garros,141.0,Q1,G
Roland Garros,140.0,Q1,G
Roland Garros,134.0,Q1,G
Roland Garros,118.0,Q1,G
Roland Garros,173.0,Q1,G
Roland Garros,194.0,Q1,G
Roland Garros,131.0,Q1,G
Roland Garros,169.0,Q2,G
Roland Garros,181.0,Q2,G
Roland Garros,210.0,Q2,G
Roland Garros,203.0,Q2,G
Roland Garros,128.0,Q2,G
Roland Garros,167.0,Q2,G
Roland Garros,129.0,Q2,G
Roland Garros,185.0,Q2,G
Roland Garros,188.0,Q2,G
Roland Garros,133.0,Q2,G
Roland Garros,153.0,Q2,G
Roland Garros,161.0,Q2,G
Roland Garros,199.0,Q2,G
Roland Garros,241.0,Q2,G
Roland Garros,144.0,Q2,G
Roland Garros,170.0,Q2,G
Roland Garros,201.0,Q2,G
Roland Garros,166.0,Q2,G
Roland Garros,171.0,Q2,G
Roland Garros,165.0,Q2,G
US Open,75.0,Q3,G
US Open,169.0,Q3,G
US Open,100.0,Q3,G
US Open,237.0,Q3,G
US Open,134.0,Q3,G
US Open,160.0,Q3,G
US Open,152.0,Q3,G
US Open,202.0,Q3,G
US Open,133.0,Q3,G
US Open,124.0,Q3,G
US Open,165.0,Q3,G
US Open,146.0,Q3,G
US Open,192.0,Q3,G
US Open,122.0,Q3,G
US Open,231.0,Q3,G
US Open,304.0,Q3,G
US Open,210.0,Q1,G
US Open,149.0,Q1,G
US Open,182.0,Q1,G
US Open,217.0,Q1,G
US Open,179.0,Q1,G
US Open,536.0,Q1,G
US Open,154.0,Q1,G
US Open,216.0,Q1,G
US Open,639.0,Q1,G
US Open,140.0,Q1,G
US Open,167.0,Q1,G
US Open,235.0,Q1,G
US Open,175.0,Q1,G
US Open,147.0,Q1,G
US Open,211.0,Q1,G
US Open,106.0,Q1,G
US Open,227.0,Q1,G
US Open,176.0,Q1,G
US Open,240.0,Q1,G
US Open,151.0,Q1,G
US Open,288.0,Q1,G
US Open,108.0,Q1,G
US Open,164.0,Q1,G
US Open,197.0,Q1,G
US Open,142.0,Q1,G
US Open,351.0,Q1,G
US Open,223.0,Q1,G
US Open,239.0,Q1,G
US Open,136.0,Q1,G
US Open,110.0,Q1,G
US Open,196.0,Q1,G
US Open,153.0,Q1,G
US Open,213.0,Q1,G
US Open,193.0,Q1,G
US Open,209.0,Q1,G
US Open,226.0,Q1,G
US Open,116.0,Q1,G
US Open,158.0,Q1,G
US Open,195.0,Q1,G
US Open,333.0,Q1,G
US Open,115.0,Q1,G
US Open,323.0,Q1,G
US Open,177.0,Q1,G
US Open,343.0,Q1,G
US Open,185.0,Q1,G
US Open,189.0,Q1,G
US Open,132.0,Q1,G
US Open,224.0,Q1,G
US Open,168.0,Q1,G
US Open,219.0,Q1,G
US Open,138.0,Q1,G
US Open,260.0,Q1,G
US Open,225.0,Q1,G
US Open,246.0,Q1,G
US Open,144.0,Q1,G
US Open,198.0,Q1,G
US Open,194.0,Q1,G
US Open,204.0,Q1,G
US Open,233.0,Q2,G
US Open,258.0,Q2,G
US Open,98.0,Q2,G
US Open,188.0,Q2,G
US Open,208.0,Q2,G
US Open,532.0,Q2,G
US Open,570.0,Q2,G
US Open,572.0,Q2,G
US Open,199.0,Q2,G
US Open,107.0,Q2,G
US Open,184.0,Q2,G
US Open,214.0,Q2,G
US Open,141.0,Q2,G
US Open,109.0,Q2,G
US Open,247.0,Q2,G
US Open,497.0,Q2,G
US Open,180.0,Q2,G
US Open,173.0,Q2,G
US Open,172.0,Q2,G
US Open,170.0,Q2,G
US Open,131.0,Q2,G
US Open,201.0,Q2,G
US Open,332.0,Q2,G
US Open,150.0,Q2,G
US Open,229.0,Q2,G
US Open,212.0,Q2,G
US Open,181.0,Q2,G
US Open,125.0,Q2,G
US Open,218.0,Q2,G
US Open,171.0,Q2,G
US Open,129.0,Q2,G
Roland Garros,78.0,Q1,G
Roland Garros,162.0,Q1,G
Roland Garros,192.0,Q1,G
Roland Garros,187.0,Q1,G
Roland Garros,319.0,Q1,G
Roland Garros,261.0,Q1,G
Roland Garros,191.0,Q1,G
Roland Garros,150.0,Q1,G
Roland Garros,292.0,Q1,G
Roland Garros,232.0,Q1,G
Roland Garros,183.0,Q1,G
Roland Garros,200.0,Q1,G
Roland Garros,181.0,Q1,G
Roland Garros,304.0,Q1,G
Roland Garros,325.0,Q1,G
Roland Garros,155.0,Q1,G
Roland Garros,109.0,Q1,G
Roland Garros,204.0,Q1,G
Roland Garros,190.0,Q1,G
Roland Garros,130.0,Q1,G
Roland Garros,142.0,Q1,G
Roland Garros,178.0,Q1,G
Roland Garros,189.0,Q1,G
Roland Garros,151.0,Q1,G
Roland Garros,163.0,Q1,G
Roland Garros,180.0,Q1,G
Roland Garros,153.0,Q1,G
Roland Garros,164.0,Q1,G
Roland Garros,137.0,Q1,G
Roland Garros,331.0,Q1,G
Roland Garros,962.0,Q1,G
Roland Garros,249.0,Q1,G
Roland Garros,115.0,Q1,G
Roland Garros,173.0,Q1,G
Roland Garros,196.0,Q1,G
Roland Garros,123.0,Q1,G
Roland Garros,208.0,Q1,G
Roland Garros,147.0,Q1,G
Roland Garros,193.0,Q1,G
Roland Garros,134.0,Q1,G
Roland Garros,182.0,Q1,G
Roland Garros,166.0,Q1,G
Roland Garros,172.0,Q1,G
Roland Garros,124.0,Q1,G
Roland Garros,119.0,Q1,G
Roland Garros,206.0,Q1,G
Roland Garros,176.0,Q1,G
Roland Garros,127.0,Q1,G
Roland Garros,135.0,Q2,G
Roland Garros,138.0,Q2,G
Roland Garros,188.0,Q2,G
Roland Garros,152.0,Q2,G
Roland Garros,229.0,Q2,G
Roland Garros,122.0,Q2,G
Roland Garros,108.0,Q2,G
Roland Garros,177.0,Q2,G
Roland Garros,nan,Q2,G
Roland Garros,140.0,Q2,G
Roland Garros,485.0,Q2,G
Roland Garros,174.0,Q2,G
Roland Garros,184.0,Q2,G
Roland Garros,171.0,Q2,G
Roland Garros,113.0,Q2,G
Roland Garros,126.0,Q2,G
Roland Garros,226.0,Q2,G
Roland Garros,149.0,Q2,G
Roland Garros,169.0,Q2,G
Roland Garros,160.0,Q2,G
Roland Garros,114.0,Q2,G
Roland Garros,141.0,Q2,G
Roland Garros,156.0,Q2,G
Roland Garros,179.0,Q2,G
Roland Garros,194.0,Q3,G
Roland Garros,131.0,Q3,G
Roland Garros,106.0,Q3,G
Roland Garros,175.0,Q3,G
Roland Garros,343.0,Q3,G
Roland Garros,157.0,Q3,G
Roland Garros,121.0,Q3,G
Roland Garros,167.0,Q3,G
Roland Garros,367.0,Q3,G
Roland Garros,116.0,Q3,G
Roland Garros,185.0,Q3,G
Roland Garros,144.0,Q3,G
Wimbledon,590.0,Q1,G
Wimbledon,174.0,Q1,G
Wimbledon,192.0,Q1,G
Wimbledon,nan,Q1,G
Wimbledon,189.0,Q1,G
Wimbledon,218.0,Q1,G
Wimbledon,233.0,Q1,G
Wimbledon,129.0,Q1,G
Wimbledon,177.0,Q1,G
Wimbledon,191.0,Q1,G
Wimbledon,213.0,Q1,G
Wimbledon,196.0,Q1,G
Wimbledon,186.0,Q1,G
Wimbledon,172.0,Q1,G
Wimbledon,152.0,Q1,G
Wimbledon,163.0,Q1,G
Wimbledon,547.0,Q1,G
Wimbledon,162.0,Q1,G
Wimbledon,221.0,Q1,G
Wimbledon,136.0,Q1,G
Wimbledon,166.0,Q1,G
Wimbledon,155.0,Q1,G
Wimbledon,209.0,Q1,G
Wimbledon,178.0,Q1,G
Wimbledon,194.0,Q1,G
Wimbledon,185.0,Q1,G
Wimbledon,143.0,Q1,G
Wimbledon,199.0,Q1,G
Wimbledon,149.0,Q1,G
Wimbledon,893.0,Q1,G
Wimbledon,183.0,Q1,G
Wimbledon,125.0,Q1,G
Wimbledon,153.0,Q1,G
Wimbledon,176.0,Q1,G
Wimbledon,206.0,Q1,G
Wimbledon,131.0,Q1,G
Wimbledon,115.0,Q1,G
Wimbledon,173.0,Q1,G
Wimbledon,252.0,Q1,G
Wimbledon,208.0,Q1,G
Wimbledon,198.0,Q1,G
Wimbledon,175.0,Q1,G
Wimbledon,413.0,Q1,G
Wimbledon,503.0,Q1,G
Wimbledon,117.0,Q1,G
Wimbledon,395.0,Q1,G
Wimbledon,878.0,Q1,G
Wimbledon,124.0,Q1,G
Wimbledon,169.0,Q2,G
Wimbledon,179.0,Q2,G
Wimbledon,161.0,Q2,G
Wimbledon,223.0,Q2,G
Wimbledon,167.0,Q2,G
Wimbledon,147.0,Q2,G
Wimbledon,112.0,Q2,G
Wimbledon,133.0,Q2,G
Wimbledon,190.0,Q2,G
Wimbledon,154.0,Q2,G
Wimbledon,216.0,Q2,G
Wimbledon,144.0,Q2,G
Wimbledon,92.0,Q2,G
Wimbledon,229.0,Q2,G
Wimbledon,170.0,Q2,G
Wimbledon,165.0,Q2,G
Wimbledon,140.0,Q2,G
Wimbledon,148.0,Q2,G
Wimbledon,127.0,Q2,G
Wimbledon,121.0,Q2,G
Wimbledon,116.0,Q2,G
Wimbledon,214.0,Q2,G
Wimbledon,150.0,Q2,G
Wimbledon,145.0,Q2,G
Wimbledon,94.0,Q3,G
Wimbledon,96.0,Q3,G
Wimbledon,134.0,Q3,G
Wimbledon,184.0,Q3,G
Wimbledon,113.0,Q3,G
Wimbledon,109.0,Q3,G
Wimbledon,146.0,Q3,G
Wimbledon,158.0,Q3,G
Wimbledon,197.0,Q3,G
Wimbledon,217.0,Q3,G
Wimbledon,139.0,Q3,G
Wimbledon,159.0,Q3,G
US Open,63.0,Q1,G
US Open,240.0,Q1,G
US Open,188.0,Q1,G
US Open,235.0,Q1,G
US Open,104.0,Q1,G
US Open,652.0,Q1,G
US Open,329.0,Q1,G
US Open,177.0,Q1,G
US Open,176.0,Q1,G
US Open,384.0,Q1,G
US Open,195.0,Q1,G
US Open,204.0,Q1,G
US Open,200.0,Q1,G
US Open,227.0,Q1,G
US Open,236.0,Q1,G
US Open,185.0,Q1,G
US Open,109.0,Q1,G
US Open,182.0,Q1,G
US Open,212.0,Q1,G
US Open,159.0,Q1,G
US Open,208.0,Q1,G
US Open,172.0,Q1,G
US Open,284.0,Q1,G
US Open,256.0,Q1,G
US Open,149.0,Q1,G
US Open,153.0,Q1,G
US Open,214.0,Q1,G
US Open,206.0,Q1,G
US Open,391.0,Q1,G
US Open,169.0,Q1,G
US Open,150.0,Q1,G
US Open,142.0,Q1,G
US Open,223.0,Q1,G
US Open,203.0,Q1,G
US Open,288.0,Q1,G
US Open,164.0,Q1,G
US Open,232.0,Q1,G
US Open,217.0,Q1,G
US Open,220.0,Q1,G
US Open,179.0,Q1,G
US Open,928.0,Q1,G
US Open,156.0,Q1,G
US Open,189.0,Q1,G
US Open,166.0,Q1,G
US Open,192.0,Q1,G
US Open,173.0,Q1,G
US Open,225.0,Q1,G
US Open,221.0,Q1,G
US Open,262.0,Q1,G
US Open,197.0,Q1,G
US Open,174.0,Q1,G
US Open,139.0,Q1,G
US Open,126.0,Q1,G
US Open,234.0,Q1,G
US Open,199.0,Q1,G
US Open,215.0,Q1,G
US Open,120.0,Q1,G
US Open,296.0,Q1,G
US Open,218.0,Q1,G
US Open,205.0,Q1,G
US Open,161.0,Q1,G
US Open,709.0,Q1,G
US Open,224.0,Q1,G
US Open,181.0,Q1,G
US Open,209.0,Q2,G
US Open,226.0,Q2,G
US Open,155.0,Q2,G
US Open,131.0,Q2,G
US Open,157.0,Q2,G
US Open,144.0,Q2,G
US Open,106.0,Q2,G
US Open,766.0,Q2,G
US Open,229.0,Q2,G
US Open,130.0,Q2,G
US Open,108.0,Q2,G
US Open,228.0,Q2,G
US Open,191.0,Q2,G
US Open,136.0,Q2,G
US Open,190.0,Q2,G
US Open,151.0,Q2,G
US Open,145.0,Q2,G
US Open,183.0,Q2,G
US Open,180.0,Q2,G
US Open,128.0,Q2,G
US Open,219.0,Q2,G
US Open,122.0,Q2,G
US Open,244.0,Q2,G
US Open,147.0,Q2,G
US Open,118.0,Q2,G
US Open,314.0,Q2,G
US Open,148.0,Q2,G
US Open,606.0,Q2,G
US Open,152.0,Q2,G
US Open,127.0,Q2,G
US Open,167.0,Q2,G
US Open,124.0,Q2,G
US Open,141.0,Q3,G
US Open,154.0,Q3,G
US Open,105.0,Q3,G
US Open,138.0,Q3,G
US Open,211.0,Q3,G
US Open,198.0,Q3,G
US Open,184.0,Q3,G
US Open,111.0,Q3,G
US Open,140.0,Q3,G
US Open,769.0,Q3,G
US Open,178.0,Q3,G
US Open,117.0,Q3,G
US Open,175.0,Q3,G
US Open,125.0,Q3,G
US Open,248.0,Q3,G
US Open,163.0,Q3,G
Australian Open,106.0,Q1,G
Australian Open,167.0,Q1,G
Australian Open,197.0,Q1,G
Australian Open,155.0,Q1,G
Australian Open,176.0,Q1,G
Australian Open,166.0,Q1,G
Australian Open,185.0,Q1,G
Australian Open,142.0,Q1,G
Australian Open,213.0,Q1,G
Australian Open,293.0,Q1,G
Australian Open,181.0,Q1,G
Australian Open,126.0,Q1,G
Australian Open,214.0,Q1,G
Australian Open,215.0,Q1,G
Australian Open,184.0,Q1,G
Australian Open,149.0,Q1,G
Australian Open,140.0,Q1,G
Australian Open,517.0,Q1,G
Australian Open,191.0,Q1,G
Australian Open,173.0,Q1,G
Australian Open,351.0,Q1,G
Australian Open,188.0,Q1,G
Australian Open,206.0,Q1,G
Australian Open,145.0,Q1,G
Australian Open,192.0,Q1,G
Australian Open,203.0,Q1,G
Australian Open,346.0,Q1,G
Australian Open,135.0,Q1,G
Australian Open,127.0,Q1,G
Australian Open,210.0,Q1,G
Australian Open,195.0,Q1,G
Australian Open,212.0,Q1,G
Australian Open,120.0,Q1,G
Australian Open,147.0,Q1,G
Australian Open,148.0,Q1,G
Australian Open,156.0,Q1,G
Australian Open,235.0,Q1,G
Australian Open,243.0,Q1,G
Australian Open,201.0,Q1,G
Australian Open,172.0,Q1,G
Australian Open,143.0,Q1,G
Australian Open,141.0,Q1,G
Australian Open,170.0,Q1,G
Australian Open,159.0,Q1,G
Australian Open,122.0,Q1,G
Australian Open,399.0,Q1,G
Australian Open,196.0,Q1,G
Australian Open,347.0,Q1,G
Australian Open,179.0,Q2,G
Australian Open,136.0,Q2,G
Australian Open,111.0,Q2,G
Australian Open,152.0,Q2,G
Australian Open,189.0,Q2,G
Australian Open,177.0,Q2,G
Australian Open,205.0,Q2,G
Australian Open,183.0,Q2,G
Australian Open,116.0,Q2,G
Australian Open,171.0,Q2,G
Australian Open,117.0,Q2,G
Australian Open,217.0,Q2,G
Australian Open,118.0,Q2,G
Australian Open,164.0,Q2,G
Australian Open,208.0,Q2,G
Australian Open,153.0,Q2,G
Australian Open,207.0,Q2,G
Australian Open,146.0,Q2,G
Australian Open,121.0,Q2,G
Australian Open,134.0,Q2,G
Australian Open,174.0,Q2,G
Australian Open,157.0,Q2,G
Australian Open,180.0,Q2,G
Australian Open,133.0,Q2,G
Australian Open,175.0,Q3,G
Australian Open,139.0,Q3,G
Australian Open,190.0,Q3,G
Australian Open,123.0,Q3,G
Australian Open,211.0,Q3,G
Australian Open,162.0,Q3,G
Australian Open,200.0,Q3,G
Australian Open,169.0,Q3,G
Australian Open,128.0,Q3,G
Australian Open,144.0,Q3,G
Australian Open,132.0,Q3,G
Australian Open,150.0,Q3,G
Roland Garros,407.0,Q1,G
Roland Garros,199.0,Q1,G
Roland Garros,170.0,Q1,G
Roland Garros,670.0,Q1,G
Roland Garros,93.0,Q1,G
Roland Garros,163.0,Q1,G
Roland Garros,346.0,Q1,G
Roland Garros,128.0,Q1,G
Roland Garros,201.0,Q1,G
Roland Garros,187.0,Q1,G
Roland Garros,231.0,Q1,G
Roland Garros,171.0,Q1,G
Roland Garros,97.0,Q1,G
Roland Garros,173.0,Q1,G
Roland Garros,182.0,Q1,G
Roland Garros,126.0,Q1,G
Roland Garros,161.0,Q1,G
Roland Garros,157.0,Q1,G
Roland Garros,175.0,Q1,G
Roland Garros,146.0,Q1,G
Roland Garros,113.0,Q1,G
Roland Garros,144.0,Q1,G
Roland Garros,226.0,Q1,G
Roland Garros,124.0,Q1,G
Roland Garros,114.0,Q1,G
Roland Garros,213.0,Q1,G
Roland Garros,189.0,Q1,G
Roland Garros,169.0,Q1,G
Roland Garros,153.0,Q1,G
Roland Garros,342.0,Q1,G
Roland Garros,195.0,Q1,G
Roland Garros,130.0,Q1,G
Roland Garros,530.0,Q1,G
Roland Garros,165.0,Q1,G
Roland Garros,174.0,Q1,G
Roland Garros,127.0,Q1,G
Roland Garros,155.0,Q1,G
Roland Garros,194.0,Q1,G
Roland Garros,186.0,Q1,G
Roland Garros,158.0,Q1,G
Roland Garros,234.0,Q1,G
Roland Garros,447.0,Q1,G
Roland Garros,200.0,Q1,G
Roland Garros,135.0,Q1,G
Roland Garros,589.0,Q1,G
Roland Garros,162.0,Q1,G
Roland Garros,330.0,Q1,G
Roland Garros,181.0,Q1,G
Roland Garros,204.0,Q2,G
Roland Garros,324.0,Q2,G
Roland Garros,133.0,Q2,G
Roland Garros,143.0,Q2,G
Roland Garros,94.0,Q2,G
Roland Garros,123.0,Q2,G
Roland Garros,233.0,Q2,G
Roland Garros,156.0,Q2,G
Roland Garros,110.0,Q2,G
Roland Garros,nan,Q2,G
Roland Garros,154.0,Q2,G
Roland Garros,152.0,Q2,G
Roland Garros,868.0,Q2,G
Roland Garros,125.0,Q2,G
Roland Garros,120.0,Q2,G
Roland Garros,260.0,Q2,G
Roland Garros,151.0,Q2,G
Roland Garros,176.0,Q2,G
Roland Garros,225.0,Q2,G
Roland Garros,134.0,Q2,G
Roland Garros,119.0,Q2,G
Roland Garros,198.0,Q2,G
Roland Garros,177.0,Q2,G
Roland Garros,145.0,Q2,G
Roland Garros,131.0,Q3,G
Roland Garros,208.0,Q3,G
Roland Garros,140.0,Q3,G
Roland Garros,148.0,Q3,G
Roland Garros,188.0,Q3,G
Roland Garros,202.0,Q3,G
Roland Garros,178.0,Q3,G
Roland Garros,149.0,Q3,G
Roland Garros,136.0,Q3,G
Roland Garros,118.0,Q3,G
Roland Garros,150.0,Q3,G
Roland Garros,121.0,Q3,G
Wimbledon,92.0,Q1,G
Wimbledon,234.0,Q1,G
Wimbledon,525.0,Q1,G
Wimbledon,170.0,Q1,G
Wimbledon,195.0,Q1,G
Wimbledon,191.0,Q1,G
Wimbledon,202.0,Q1,G
Wimbledon,216.0,Q1,G
Wimbledon,158.0,Q1,G
Wimbledon,226.0,Q1,G
Wimbledon,352.0,Q1,G
Wimbledon,173.0,Q1,G
Wimbledon,156.0,Q1,G
Wimbledon,213.0,Q1,G
Wimbledon,225.0,Q1,G
Wimbledon,136.0,Q1,G
Wimbledon,206.0,Q1,G
Wimbledon,153.0,Q1,G
Wimbledon,174.0,Q1,G
Wimbledon,178.0,Q1,G
Wimbledon,208.0,Q1,G
Wimbledon,149.0,Q1,G
Wimbledon,252.0,Q1,G
Wimbledon,193.0,Q1,G
Wimbledon,166.0,Q1,G
Wimbledon,172.0,Q1,G
Wimbledon,180.0,Q1,G
Wimbledon,196.0,Q1,G
Wimbledon,194.0,Q1,G
Wimbledon,177.0,Q1,G
Wimbledon,168.0,Q1,G
Wimbledon,147.0,Q1,G
Wimbledon,110.0,Q1,G
Wimbledon,163.0,Q1,G
Wimbledon,264.0,Q1,G
Wimbledon,nan,Q1,G
Wimbledon,215.0,Q1,G
Wimbledon,311.0,Q1,G
Wimbledon,235.0,Q1,G
Wimbledon,227.0,Q1,G
Wimbledon,116.0,Q1,G
Wimbledon,301.0,Q1,G
Wimbledon,203.0,Q1,G
Wimbledon,127.0,Q1,G
Wimbledon,267.0,Q1,G
Wimbledon,155.0,Q1,G
Wimbledon,185.0,Q1,G
Wimbledon,228.0,Q1,G
Wimbledon,154.0,Q1,G
Wimbledon,222.0,Q1,G
Wimbledon,259.0,Q1,G
Wimbledon,187.0,Q1,G
Wimbledon,431.0,Q1,G
Wimbledon,146.0,Q1,G
Wimbledon,239.0,Q1,G
Wimbledon,183.0,Q1,G
Wimbledon,157.0,Q1,G
Wimbledon,184.0,Q1,G
Wimbledon,246.0,Q1,G
Wimbledon,125.0,Q1,G
Wimbledon,160.0,Q1,G
Wimbledon,189.0,Q1,G
Wimbledon,270.0,Q1,G
Wimbledon,179.0,Q1,G
Wimbledon,251.0,Q2,G
Wimbledon,186.0,Q2,G
Wimbledon,204.0,Q2,G
Wimbledon,269.0,Q2,G
Wimbledon,159.0,Q2,G
Wimbledon,145.0,Q2,G
Wimbledon,117.0,Q2,G
Wimbledon,162.0,Q2,G
Wimbledon,105.0,Q2,G
Wimbledon,197.0,Q2,G
Wimbledon,223.0,Q2,G
Wimbledon,209.0,Q2,G
Wimbledon,217.0,Q2,G
Wimbledon,131.0,Q2,G
Wimbledon,164.0,Q2,G
Wimbledon,192.0,Q2,G
Wimbledon,232.0,Q2,G
Wimbledon,198.0,Q2,G
Wimbledon,112.0,Q2,G
Wimbledon,130.0,Q2,G
Wimbledon,233.0,Q2,G
Wimbledon,188.0,Q2,G
Wimbledon,344.0,Q2,G
Wimbledon,150.0,Q2,G
Wimbledon,134.0,Q2,G
Wimbledon,218.0,Q2,G
Wimbledon,271.0,Q2,G
Wimbledon,200.0,Q2,G
Wimbledon,124.0,Q2,G
Wimbledon,171.0,Q2,G
Wimbledon,151.0,Q2,G
Wimbledon,229.0,Q2,G
Wimbledon,128.0,Q3,G
Wimbledon,84.0,Q3,G
Wimbledon,95.0,Q3,G
Wimbledon,169.0,Q3,G
Wimbledon,181.0,Q3,G
Wimbledon,108.0,Q3,G
Wimbledon,167.0,Q3,G
Wimbledon,109.0,Q3,G
Wimbledon,360.0,Q3,G
Wimbledon,447.0,Q3,G
Wimbledon,231.0,Q3,G
Wimbledon,135.0,Q3,G
Wimbledon,115.0,Q3,G
Wimbledon,120.0,Q3,G
Wimbledon,284.0,Q3,G
Wimbledon,152.0,Q3,G
Us Open,461.0,Q1,G
Us Open,209.0,Q1,G
Us Open,220.0,Q1,G
Us Open,132.0,Q1,G
Us Open,204.0,Q1,G
Us Open,185.0,Q1,G
Us Open,188.0,Q1,G
Us Open,150.0,Q1,G
Us Open,182.0,Q1,G
Us Open,240.0,Q1,G
Us Open,195.0,Q1,G
Us Open,205.0,Q1,G
Us Open,181.0,Q1,G
Us Open,156.0,Q1,G
Us Open,169.0,Q1,G
Us Open,244.0,Q1,G
Us Open,191.0,Q1,G
Us Open,266.0,Q1,G
Us Open,174.0,Q1,G
Us Open,115.0,Q1,G
Us Open,299.0,Q1,G
Us Open,213.0,Q1,G
Us Open,249.0,Q1,G
Us Open,104.0,Q1,G
Us Open,278.0,Q1,G
Us Open,187.0,Q1,G
Us Open,436.0,Q1,G
Us Open,101.0,Q1,G
Us Open,163.0,Q1,G
Us Open,396.0,Q1,G
Us Open,176.0,Q1,G
Us Open,113.0,Q1,G
Us Open,nan,Q1,G
Us Open,212.0,Q1,G
Us Open,217.0,Q1,G
Us Open,211.0,Q1,G
Us Open,227.0,Q1,G
Us Open,198.0,Q1,G
Us Open,296.0,Q1,G
Us Open,229.0,Q1,G
Us Open,206.0,Q1,G
Us Open,200.0,Q1,G
Us Open,180.0,Q1,G
Us Open,154.0,Q1,G
Us Open,193.0,Q1,G
Us Open,235.0,Q1,G
Us Open,137.0,Q1,G
Us Open,216.0,Q1,G
Us Open,621.0,Q1,G
Us Open,242.0,Q1,G
Us Open,134.0,Q1,G
Us Open,179.0,Q1,G
Us Open,253.0,Q1,G
Us Open,199.0,Q1,G
Us Open,146.0,Q1,G
Us Open,120.0,Q1,G
Us Open,241.0,Q1,G
Us Open,186.0,Q1,G
Us Open,148.0,Q1,G
Us Open,173.0,Q1,G
Us Open,295.0,Q1,G
Us Open,234.0,Q1,G
Us Open,175.0,Q1,G
Us Open,224.0,Q2,G
Us Open,196.0,Q2,G
Us Open,260.0,Q2,G
Us Open,172.0,Q2,G
Us Open,92.0,Q2,G
Us Open,133.0,Q2,G
Us Open,103.0,Q2,G
Us Open,135.0,Q2,G
Us Open,263.0,Q2,G
Us Open,145.0,Q2,G
Us Open,166.0,Q2,G
Us Open,128.0,Q2,G
Us Open,147.0,Q2,G
Us Open,168.0,Q2,G
Us Open,162.0,Q2,G
Us Open,160.0,Q2,G
Us Open,194.0,Q2,G
Us Open,210.0,Q2,G
Us Open,161.0,Q2,G
Us Open,268.0,Q2,G
Us Open,222.0,Q2,G
Us Open,155.0,Q2,G
Us Open,114.0,Q2,G
Us Open,178.0,Q2,G
Us Open,151.0,Q2,G
Us Open,157.0,Q2,G
Us Open,117.0,Q2,G
Us Open,184.0,Q2,G
Us Open,158.0,Q2,G
Us Open,225.0,Q2,G
Us Open,124.0,Q2,G
Us Open,1047.0,Q2,G
Us Open,189.0,Q3,G
Us Open,91.0,Q3,G
Us Open,252.0,Q3,G
Us Open,135.0,Q3,G
Us Open,110.0,Q3,G
Us Open,232.0,Q3,G
Us Open,223.0,Q3,G
Us Open,215.0,Q3,G
Us Open,130.0,Q3,G
Us Open,131.0,Q3,G
Us Open,118.0,Q3,G
Us Open,183.0,Q3,G
Us Open,165.0,Q3,G
Us Open,177.0,Q3,G
Us Open,149.0,Q3,G
Us Open,288.0,Q3,G
Australian Open,96.0,Q1,G
Australian Open,229.0,Q1,G
Australian Open,181.0,Q1,G
Australian Open,187.0,Q1,G
Australian Open,237.0,Q1,G
Australian Open,184.0,Q1,G
Australian Open,165.0,Q1,G
Australian Open,248.0,Q1,G
Australian Open,148.0,Q1,G
Australian Open,182.0,Q1,G
Australian Open,219.0,Q1,G
Australian Open,214.0,Q1,G
Australian Open,175.0,Q1,G
Australian Open,156.0,Q1,G
Australian Open,164.0,Q1,G
Australian Open,194.0,Q1,G
Australian Open,192.0,Q1,G
Australian Open,286.0,Q1,G
Australian Open,656.0,Q1,G
Australian Open,172.0,Q1,G
Australian Open,109.0,Q1,G
Australian Open,200.0,Q1,G
Australian Open,189.0,Q1,G
Australian Open,215.0,Q1,G
Australian Open,204.0,Q1,G
Australian Open,155.0,Q1,G
Australian Open,208.0,Q1,G
Australian Open,137.0,Q1,G
Australian Open,115.0,Q1,G
Australian Open,210.0,Q1,G
Australian Open,227.0,Q1,G
Australian Open,207.0,Q1,G
Australian Open,185.0,Q1,G
Australian Open,202.0,Q1,G
Australian Open,239.0,Q1,G
Australian Open,154.0,Q1,G
Australian Open,161.0,Q1,G
Australian Open,231.0,Q1,G
Australian Open,223.0,Q1,G
Australian Open,212.0,Q1,G
Australian Open,171.0,Q1,G
Australian Open,220.0,Q1,G
Australian Open,222.0,Q1,G
Australian Open,415.0,Q1,G
Australian Open,218.0,Q1,G
Australian Open,224.0,Q1,G
Australian Open,244.0,Q1,G
Australian Open,151.0,Q1,G
Australian Open,121.0,Q1,G
Australian Open,199.0,Q1,G
Australian Open,362.0,Q1,G
Australian Open,153.0,Q1,G
Australian Open,122.0,Q1,G
Australian Open,197.0,Q1,G
Australian Open,254.0,Q1,G
Australian Open,144.0,Q1,G
Australian Open,230.0,Q1,G
Australian Open,163.0,Q1,G
Australian Open,247.0,Q1,G
Australian Open,162.0,Q1,G
Australian Open,205.0,Q1,G
Australian Open,178.0,Q1,G
Australian Open,158.0,Q1,G
Australian Open,126.0,Q1,G
Australian Open,211.0,Q2,G
Australian Open,234.0,Q2,G
Australian Open,102.0,Q2,G
Australian Open,330.0,Q2,G
Australian Open,226.0,Q2,G
Australian Open,235.0,Q2,G
Australian Open,173.0,Q2,G
Australian Open,531.0,Q2,G
Australian Open,107.0,Q2,G
Australian Open,183.0,Q2,G
Australian Open,166.0,Q2,G
Australian Open,129.0,Q2,G
Australian Open,213.0,Q2,G
Australian Open,206.0,Q2,G
Australian Open,299.0,Q2,G
Australian Open,130.0,Q2,G
Australian Open,241.0,Q2,G
Australian Open,203.0,Q2,G
Australian Open,190.0,Q2,G
Australian Open,216.0,Q2,G
Australian Open,157.0,Q2,G
Australian Open,142.0,Q2,G
Australian Open,119.0,Q2,G
Australian Open,217.0,Q2,G
Australian Open,201.0,Q2,G
Australian Open,170.0,Q2,G
Australian Open,374.0,Q2,G
Australian Open,233.0,Q2,G
Australian Open,124.0,Q2,G
Australian Open,160.0,Q2,G
Australian Open,150.0,Q2,G
Australian Open,180.0,Q2,G
Australian Open,135.0,Q3,G
Australian Open,391.0,Q3,G
Australian Open,127.0,Q3,G
Australian Open,136.0,Q3,G
Australian Open,179.0,Q3,G
Australian Open,169.0,Q3,G
Australian Open,196.0,Q3,G
Australian Open,193.0,Q3,G
Australian Open,116.0,Q3,G
Australian Open,117.0,Q3,G
Australian Open,186.0,Q3,G
Australian Open,149.0,Q3,G
Australian Open,313.0,Q3,G
Australian Open,168.0,Q3,G
Australian Open,174.0,Q3,G
Australian Open,125.0,Q3,G
Australian Open,459.0,Q1,G
Australian Open,421.0,Q1,G
Australian Open,249.0,Q1,G
Australian Open,193.0,Q1,G
Australian Open,235.0,Q1,G
Australian Open,218.0,Q1,G
Australian Open,208.0,Q1,G
Australian Open,135.0,Q1,G
Australian Open,178.0,Q1,G
Australian Open,230.0,Q1,G
Australian Open,221.0,Q1,G
Australian Open,188.0,Q1,G
Australian Open,243.0,Q1,G
Australian Open,234.0,Q1,G
Australian Open,430.0,Q1,G
Australian Open,219.0,Q1,G
Australian Open,191.0,Q1,G
Australian Open,160.0,Q1,G
Australian Open,424.0,Q1,G
Australian Open,197.0,Q1,G
Australian Open,149.0,Q1,G
Australian Open,217.0,Q1,G
Australian Open,161.0,Q1,G
Australian Open,195.0,Q1,G
Australian Open,108.0,Q1,G
Australian Open,168.0,Q1,G
Australian Open,146.0,Q1,G
Australian Open,162.0,Q1,G
Australian Open,210.0,Q1,G
Australian Open,199.0,Q1,G
Australian Open,325.0,Q1,G
Australian Open,165.0,Q1,G
Australian Open,337.0,Q1,G
Australian Open,209.0,Q1,G
Australian Open,211.0,Q1,G
Australian Open,174.0,Q1,G
Australian Open,216.0,Q1,G
Australian Open,205.0,Q1,G
Australian Open,302.0,Q1,G
Australian Open,131.0,Q1,G
Australian Open,182.0,Q1,G
Australian Open,185.0,Q1,G
Australian Open,171.0,Q1,G
Australian Open,157.0,Q1,G
Australian Open,184.0,Q1,G
Australian Open,238.0,Q1,G
Australian Open,181.0,Q1,G
Australian Open,194.0,Q1,G
Australian Open,228.0,Q1,G
Australian Open,256.0,Q1,G
Australian Open,236.0,Q1,G
Australian Open,169.0,Q1,G
Australian Open,231.0,Q1,G
Australian Open,186.0,Q1,G
Australian Open,201.0,Q1,G
Australian Open,159.0,Q1,G
Australian Open,170.0,Q1,G
Australian Open,196.0,Q1,G
Australian Open,240.0,Q1,G
Australian Open,136.0,Q1,G
Australian Open,158.0,Q1,G
Australian Open,190.0,Q1,G
Australian Open,225.0,Q1,G
Australian Open,126.0,Q1,G
Australian Open,295.0,Q2,G
Australian Open,147.0,Q2,G
Australian Open,224.0,Q2,G
Australian Open,189.0,Q2,G
Australian Open,187.0,Q2,G
Australian Open,140.0,Q2,G
Australian Open,107.0,Q2,G
Australian Open,166.0,Q2,G
Australian Open,213.0,Q2,G
Australian Open,138.0,Q2,G
Australian Open,164.0,Q2,G
Australian Open,349.0,Q2,G
Australian Open,172.0,Q2,G
Australian Open,137.0,Q2,G
Australian Open,114.0,Q2,G
Australian Open,192.0,Q2,G
Australian Open,115.0,Q2,G
Australian Open,130.0,Q2,G
Australian Open,333.0,Q2,G
Australian Open,214.0,Q2,G
Australian Open,223.0,Q2,G
Australian Open,144.0,Q2,G
Australian Open,232.0,Q2,G
Australian Open,204.0,Q2,G
Australian Open,220.0,Q2,G
Australian Open,167.0,Q2,G
Australian Open,122.0,Q2,G
Australian Open,206.0,Q2,G
Australian Open,124.0,Q2,G
Australian Open,198.0,Q2,G
Australian Open,125.0,Q2,G
Australian Open,227.0,Q2,G
Australian Open,98.0,Q3,G
Australian Open,152.0,Q3,G
Australian Open,106.0,Q3,G
Australian Open,150.0,Q3,G
Australian Open,153.0,Q3,G
Australian Open,113.0,Q3,G
Australian Open,200.0,Q3,G
Australian Open,141.0,Q3,G
Australian Open,212.0,Q3,G
Australian Open,183.0,Q3,G
Australian Open,117.0,Q3,G
Australian Open,134.0,Q3,G
Australian Open,143.0,Q3,G
Australian Open,132.0,Q3,G
Australian Open,151.0,Q3,G
Australian Open,266.0,Q3,G
Roland Garros,194.0,Q1,G
Roland Garros,190.0,Q1,G
Roland Garros,196.0,Q1,G
Roland Garros,137.0,Q1,G
Roland Garros,201.0,Q1,G
Roland Garros,314.0,Q1,G
Roland Garros,237.0,Q1,G
Roland Garros,911.0,Q1,G
Roland Garros,209.0,Q1,G
Roland Garros,189.0,Q1,G
Roland Garros,833.0,Q1,G
Roland Garros,149.0,Q1,G
Roland Garros,220.0,Q1,G
Roland Garros,154.0,Q1,G
Roland Garros,242.0,Q1,G
Roland Garros,214.0,Q1,G
Roland Garros,127.0,Q1,G
Roland Garros,226.0,Q1,G
Roland Garros,155.0,Q1,G
Roland Garros,139.0,Q1,G
Roland Garros,213.0,Q1,G
Roland Garros,219.0,Q1,G
Roland Garros,152.0,Q1,G
Roland Garros,140.0,Q1,G
Roland Garros,129.0,Q1,G
Roland Garros,180.0,Q1,G
Roland Garros,236.0,Q1,G
Roland Garros,144.0,Q1,G
Roland Garros,158.0,Q1,G
Roland Garros,162.0,Q1,G
Roland Garros,227.0,Q1,G
Roland Garros,198.0,Q1,G
Roland Garros,374.0,Q1,G
Roland Garros,282.0,Q1,G
Roland Garros,392.0,Q1,G
Roland Garros,147.0,Q1,G
Roland Garros,192.0,Q1,G
Roland Garros,223.0,Q1,G
Roland Garros,170.0,Q1,G
Roland Garros,221.0,Q1,G
Roland Garros,136.0,Q1,G
Roland Garros,191.0,Q1,G
Roland Garros,235.0,Q1,G
Roland Garros,208.0,Q1,G
Roland Garros,207.0,Q1,G
Roland Garros,175.0,Q1,G
Roland Garros,173.0,Q1,G
Roland Garros,241.0,Q1,G
Roland Garros,111.0,Q2,G
Roland Garros,174.0,Q2,G
Roland Garros,199.0,Q2,G
Roland Garros,176.0,Q2,G
Roland Garros,120.0,Q2,G
Roland Garros,522.0,Q2,G
Roland Garros,177.0,Q2,G
Roland Garros,233.0,Q2,G
Roland Garros,151.0,Q2,G
Roland Garros,203.0,Q2,G
Roland Garros,130.0,Q2,G
Roland Garros,181.0,Q2,G
Roland Garros,153.0,Q2,G
Roland Garros,195.0,Q2,G
Roland Garros,167.0,Q2,G
Roland Garros,267.0,Q2,G
Roland Garros,187.0,Q2,G
Roland Garros,205.0,Q2,G
Roland Garros,135.0,Q2,G
Roland Garros,232.0,Q2,G
Roland Garros,165.0,Q2,G
Roland Garros,212.0,Q2,G
Roland Garros,133.0,Q2,G
Roland Garros,145.0,Q2,G
Roland Garros,202.0,Q3,G
Roland Garros,148.0,Q3,G
Roland Garros,156.0,Q3,G
Roland Garros,121.0,Q3,G
Roland Garros,222.0,Q3,G
Roland Garros,200.0,Q3,G
Roland Garros,239.0,Q3,G
Roland Garros,146.0,Q3,G
Roland Garros,134.0,Q3,G
Roland Garros,179.0,Q3,G
Roland Garros,183.0,Q3,G
Roland Garros,217.0,Q3,G
Dubai Aus Open Qualies,283.0,Q1,G
Dubai Aus Open Qualies,212.0,Q1,G
Dubai Aus Open Qualies,243.0,Q1,G
Dubai Aus Open Qualies,216.0,Q1,G
Dubai Aus Open Qualies,107.0,Q1,G
Dubai Aus Open Qualies,240.0,Q1,G
Dubai Aus Open Qualies,217.0,Q1,G
Dubai Aus Open Qualies,144.0,Q1,G
Dubai Aus Open Qualies,454.0,Q1,G
Dubai Aus Open Qualies,198.0,Q1,G
Dubai Aus Open Qualies,151.0,Q1,G
Dubai Aus Open Qualies,143.0,Q1,G
Dubai Aus Open Qualies,111.0,Q1,G
Dubai Aus Open Qualies,nan,Q1,G
Dubai Aus Open Qualies,253.0,Q1,G
Dubai Aus Open Qualies,223.0,Q1,G
Dubai Aus Open Qualies,113.0,Q1,G
Dubai Aus Open Qualies,246.0,Q1,G
Dubai Aus Open Qualies,195.0,Q1,G
Dubai Aus Open Qualies,165.0,Q1,G
Dubai Aus Open Qualies,220.0,Q1,G
Dubai Aus Open Qualies,224.0,Q1,G
Dubai Aus Open Qualies,228.0,Q1,G
Dubai Aus Open Qualies,149.0,Q1,G
Dubai Aus Open Qualies,197.0,Q1,G
Dubai Aus Open Qualies,242.0,Q1,G
Dubai Aus Open Qualies,226.0,Q1,G
Dubai Aus Open Qualies,154.0,Q1,G
Dubai Aus Open Qualies,116.0,Q1,G
Dubai Aus Open Qualies,185.0,Q1,G
Dubai Aus Open Qualies,153.0,Q1,G
Dubai Aus Open Qualies,213.0,Q1,G
Dubai Aus Open Qualies,152.0,Q1,G
Dubai Aus Open Qualies,206.0,Q1,G
Dubai Aus Open Qualies,162.0,Q1,G
Dubai Aus Open Qualies,147.0,Q1,G
Dubai Aus Open Qualies,119.0,Q1,G
Dubai Aus Open Qualies,205.0,Q1,G
Dubai Aus Open Qualies,222.0,Q1,G
Dubai Aus Open Qualies,322.0,Q1,G
Dubai Aus Open Qualies,231.0,Q1,G
Dubai Aus Open Qualies,193.0,Q1,G
Dubai Aus Open Qualies,168.0,Q1,G
Dubai Aus Open Qualies,nan,Q1,G
Dubai Aus Open Qualies,221.0,Q1,G
Dubai Aus Open Qualies,177.0,Q1,G
Dubai Aus Open Qualies,277.0,Q1,G
Dubai Aus Open Qualies,239.0,Q1,G
Dubai Aus Open Qualies,191.0,Q1,G
Dubai Aus Open Qualies,210.0,Q1,G
Dubai Aus Open Qualies,251.0,Q1,G
Dubai Aus Open Qualies,145.0,Q1,G
Dubai Aus Open Qualies,189.0,Q1,G
Dubai Aus Open Qualies,626.0,Q1,G
Dubai Aus Open Qualies,227.0,Q1,G
Dubai Aus Open Qualies,238.0,Q1,G
Dubai Aus Open Qualies,157.0,Q1,G
Dubai Aus Open Qualies,219.0,Q1,G
Dubai Aus Open Qualies,160.0,Q1,G
Dubai Aus Open Qualies,362.0,Q1,G
Dubai Aus Open Qualies,258.0,Q1,G
Dubai Aus Open Qualies,150.0,Q1,G
Dubai Aus Open Qualies,199.0,Q1,G
Dubai Aus Open Qualies,134.0,Q1,G
Dubai Aus Open Qualies,163.0,Q2,G
Dubai Aus Open Qualies,142.0,Q2,G
Dubai Aus Open Qualies,202.0,Q2,G
Dubai Aus Open Qualies,209.0,Q2,G
Dubai Aus Open Qualies,175.0,Q2,G
Dubai Aus Open Qualies,235.0,Q2,G
Dubai Aus Open Qualies,178.0,Q2,G
Dubai Aus Open Qualies,190.0,Q2,G
Dubai Aus Open Qualies,nan,Q2,G
Dubai Aus Open Qualies,218.0,Q2,G
Dubai Aus Open Qualies,114.0,Q2,G
Dubai Aus Open Qualies,233.0,Q2,G
Dubai Aus Open Qualies,254.0,Q2,G
Dubai Aus Open Qualies,211.0,Q2,G
Dubai Aus Open Qualies,245.0,Q2,G
Dubai Aus Open Qualies,138.0,Q2,G
Dubai Aus Open Qualies,118.0,Q2,G
Dubai Aus Open Qualies,158.0,Q2,G
Dubai Aus Open Qualies,184.0,Q2,G
Dubai Aus Open Qualies,141.0,Q2,G
Dubai Aus Open Qualies,120.0,Q2,G
Dubai Aus Open Qualies,139.0,Q2,G
Dubai Aus Open Qualies,121.0,Q2,G
Dubai Aus Open Qualies,237.0,Q2,G
Dubai Aus Open Qualies,179.0,Q2,G
Dubai Aus Open Qualies,167.0,Q2,G
Dubai Aus Open Qualies,192.0,Q2,G
Dubai Aus Open Qualies,204.0,Q2,G
Dubai Aus Open Qualies,201.0,Q2,G
Dubai Aus Open Qualies,176.0,Q2,G
Dubai Aus Open Qualies,247.0,Q2,G
Dubai Aus Open Qualies,208.0,Q2,G
Dubai Aus Open Qualies,203.0,Q3,G
Dubai Aus Open Qualies,200.0,Q3,G
Dubai Aus Open Qualies,181.0,Q3,G
Dubai Aus Open Qualies,476.0,Q3,G
Dubai Aus Open Qualies,137.0,Q3,G
Dubai Aus Open Qualies,186.0,Q3,G
Dubai Aus Open Qualies,135.0,Q3,G
Dubai Aus Open Qualies,155.0,Q3,G
Dubai Aus Open Qualies,180.0,Q3,G
Dubai Aus Open Qualies,230.0,Q3,G
Dubai Aus Open Qualies,252.0,Q3,G
Dubai Aus Open Qualies,234.0,Q3,G
Dubai Aus Open Qualies,122.0,Q3,G
Dubai Aus Open Qualies,125.0,Q3,G
Dubai Aus Open Qualies,146.0,Q3,G
Dubai Aus Open Qualies,232.0,Q3,G
Dubai Aus Open Qualies,283.0,Q1,G
Dubai Aus Open Qualies,212.0,Q1,G
Dubai Aus Open Qualies,243.0,Q1,G
Dubai Aus Open Qualies,216.0,Q1,G
Dubai Aus Open Qualies,107.0,Q1,G
Dubai Aus Open Qualies,240.0,Q1,G
Dubai Aus Open Qualies,217.0,Q1,G
Dubai Aus Open Qualies,144.0,Q1,G
Dubai Aus Open Qualies,454.0,Q1,G
Dubai Aus Open Qualies,198.0,Q1,G
Dubai Aus Open Qualies,151.0,Q1,G
Dubai Aus Open Qualies,143.0,Q1,G
Dubai Aus Open Qualies,111.0,Q1,G
Dubai Aus Open Qualies,nan,Q1,G
Dubai Aus Open Qualies,253.0,Q1,G
Dubai Aus Open Qualies,223.0,Q1,G
Dubai Aus Open Qualies,113.0,Q1,G
Dubai Aus Open Qualies,246.0,Q1,G
Dubai Aus Open Qualies,195.0,Q1,G
Dubai Aus Open Qualies,165.0,Q1,G
Dubai Aus Open Qualies,220.0,Q1,G
Dubai Aus Open Qualies,224.0,Q1,G
Dubai Aus Open Qualies,228.0,Q1,G
Dubai Aus Open Qualies,149.0,Q1,G
Dubai Aus Open Qualies,197.0,Q1,G
Dubai Aus Open Qualies,242.0,Q1,G
Dubai Aus Open Qualies,226.0,Q1,G
Dubai Aus Open Qualies,154.0,Q1,G
Dubai Aus Open Qualies,116.0,Q1,G
Dubai Aus Open Qualies,185.0,Q1,G
Dubai Aus Open Qualies,153.0,Q1,G
Dubai Aus Open Qualies,213.0,Q1,G
Dubai Aus Open Qualies,152.0,Q1,G
Dubai Aus Open Qualies,206.0,Q1,G
Dubai Aus Open Qualies,162.0,Q1,G
Dubai Aus Open Qualies,147.0,Q1,G
Dubai Aus Open Qualies,119.0,Q1,G
Dubai Aus Open Qualies,205.0,Q1,G
Dubai Aus Open Qualies,222.0,Q1,G
Dubai Aus Open Qualies,322.0,Q1,G
Dubai Aus Open Qualies,231.0,Q1,G
Dubai Aus Open Qualies,193.0,Q1,G
Dubai Aus Open Qualies,168.0,Q1,G
Dubai Aus Open Qualies,nan,Q1,G
Dubai Aus Open Qualies,221.0,Q1,G
Dubai Aus Open Qualies,177.0,Q1,G
Dubai Aus Open Qualies,277.0,Q1,G
Dubai Aus Open Qualies,239.0,Q1,G
Dubai Aus Open Qualies,191.0,Q1,G
Dubai Aus Open Qualies,210.0,Q1,G
Dubai Aus Open Qualies,251.0,Q1,G
Dubai Aus Open Qualies,145.0,Q1,G
Dubai Aus Open Qualies,189.0,Q1,G
Dubai Aus Open Qualies,626.0,Q1,G
Dubai Aus Open Qualies,227.0,Q1,G
Dubai Aus Open Qualies,238.0,Q1,G
Dubai Aus Open Qualies,157.0,Q1,G
Dubai Aus Open Qualies,219.0,Q1,G
Dubai Aus Open Qualies,160.0,Q1,G
Dubai Aus Open Qualies,362.0,Q1,G
Dubai Aus Open Qualies,258.0,Q1,G
Dubai Aus Open Qualies,150.0,Q1,G
Dubai Aus Open Qualies,199.0,Q1,G
Dubai Aus Open Qualies,134.0,Q1,G
Dubai Aus Open Qualies,163.0,Q2,G
Dubai Aus Open Qualies,142.0,Q2,G
Dubai Aus Open Qualies,202.0,Q2,G
Dubai Aus Open Qualies,209.0,Q2,G
Dubai Aus Open Qualies,175.0,Q2,G
Dubai Aus Open Qualies,235.0,Q2,G
Dubai Aus Open Qualies,178.0,Q2,G
Dubai Aus Open Qualies,190.0,Q2,G
Dubai Aus Open Qualies,nan,Q2,G
Dubai Aus Open Qualies,218.0,Q2,G
Dubai Aus Open Qualies,114.0,Q2,G
Dubai Aus Open Qualies,233.0,Q2,G
Dubai Aus Open Qualies,254.0,Q2,G
Dubai Aus Open Qualies,211.0,Q2,G
Dubai Aus Open Qualies,245.0,Q2,G
Dubai Aus Open Qualies,138.0,Q2,G
Dubai Aus Open Qualies,118.0,Q2,G
Dubai Aus Open Qualies,158.0,Q2,G
Dubai Aus Open Qualies,184.0,Q2,G
Dubai Aus Open Qualies,141.0,Q2,G
Dubai Aus Open Qualies,120.0,Q2,G
Dubai Aus Open Qualies,139.0,Q2,G
Dubai Aus Open Qualies,121.0,Q2,G
Dubai Aus Open Qualies,237.0,Q2,G
Dubai Aus Open Qualies,179.0,Q2,G
Dubai Aus Open Qualies,167.0,Q2,G
Dubai Aus Open Qualies,192.0,Q2,G
Dubai Aus Open Qualies,204.0,Q2,G
Dubai Aus Open Qualies,201.0,Q2,G
Dubai Aus Open Qualies,176.0,Q2,G
Dubai Aus Open Qualies,247.0,Q2,G
Dubai Aus Open Qualies,208.0,Q2,G
Dubai Aus Open Qualies,203.0,Q3,G
Dubai Aus Open Qualies,200.0,Q3,G
Dubai Aus Open Qualies,181.0,Q3,G
Dubai Aus Open Qualies,476.0,Q3,G
Dubai Aus Open Qualies,137.0,Q3,G
Dubai Aus Open Qualies,186.0,Q3,G
Dubai Aus Open Qualies,135.0,Q3,G
Dubai Aus Open Qualies,155.0,Q3,G
Dubai Aus Open Qualies,180.0,Q3,G
Dubai Aus Open Qualies,230.0,Q3,G
Dubai Aus Open Qualies,252.0,Q3,G
Dubai Aus Open Qualies,234.0,Q3,G
Dubai Aus Open Qualies,122.0,Q3,G
Dubai Aus Open Qualies,125.0,Q3,G
Dubai Aus Open Qualies,146.0,Q3,G
Dubai Aus Open Qualies,232.0,Q3,G
Roland Garros,187.0,Q1,G
Roland Garros,226.0,Q1,G
Roland Garros,180.0,Q1,G
Roland Garros,204.0,Q1,G
Roland Garros,107.0,Q1,G
Roland Garros,839.0,Q1,G
Roland Garros,474.0,Q1,G
Roland Garros,256.0,Q1,G
Roland Garros,106.0,Q1,G
Roland Garros,737.0,Q1,G
Roland Garros,239.0,Q1,G
Roland Garros,230.0,Q1,G
Roland Garros,190.0,Q1,G
Roland Garros,215.0,Q1,G
Roland Garros,182.0,Q1,G
Roland Garros,137.0,Q1,G
Roland Garros,188.0,Q1,G
Roland Garros,246.0,Q1,G
Roland Garros,553.0,Q1,G
Roland Garros,141.0,Q1,G
Roland Garros,110.0,Q1,G
Roland Garros,216.0,Q1,G
Roland Garros,265.0,Q1,G
Roland Garros,156.0,Q1,G
Roland Garros,214.0,Q1,G
Roland Garros,207.0,Q1,G
Roland Garros,267.0,Q1,G
Roland Garros,128.0,Q1,G
Roland Garros,109.0,Q1,G
Roland Garros,167.0,Q1,G
Roland Garros,196.0,Q1,G
Roland Garros,735.0,Q1,G
Roland Garros,209.0,Q1,G
Roland Garros,162.0,Q1,G
Roland Garros,184.0,Q1,G
Roland Garros,151.0,Q1,G
Roland Garros,164.0,Q1,G
Roland Garros,177.0,Q1,G
Roland Garros,210.0,Q1,G
Roland Garros,136.0,Q1,G
Roland Garros,157.0,Q1,G
Roland Garros,205.0,Q1,G
Roland Garros,217.0,Q1,G
Roland Garros,126.0,Q1,G
Roland Garros,119.0,Q1,G
Roland Garros,154.0,Q1,G
Roland Garros,169.0,Q1,G
Roland Garros,232.0,Q1,G
Roland Garros,222.0,Q1,G
Roland Garros,413.0,Q1,G
Roland Garros,229.0,Q1,G
Roland Garros,186.0,Q1,G
Roland Garros,250.0,Q1,G
Roland Garros,185.0,Q1,G
Roland Garros,212.0,Q1,G
Roland Garros,218.0,Q1,G
Roland Garros,123.0,Q1,G
Roland Garros,519.0,Q1,G
Roland Garros,197.0,Q1,G
Roland Garros,166.0,Q1,G
Roland Garros,163.0,Q1,G
Roland Garros,172.0,Q1,G
Roland Garros,240.0,Q1,G
Roland Garros,158.0,Q1,G
Roland Garros,221.0,Q2,G
Roland Garros,148.0,Q2,G
Roland Garros,235.0,Q2,G
Roland Garros,130.0,Q2,G
Roland Garros,175.0,Q2,G
Roland Garros,206.0,Q2,G
Roland Garros,111.0,Q2,G
Roland Garros,194.0,Q2,G
Roland Garros,105.0,Q2,G
Roland Garros,234.0,Q2,G
Roland Garros,200.0,Q2,G
Roland Garros,211.0,Q2,G
Roland Garros,199.0,Q2,G
Roland Garros,198.0,Q2,G
Roland Garros,253.0,Q2,G
Roland Garros,134.0,Q2,G
Roland Garros,160.0,Q2,G
Roland Garros,178.0,Q2,G
Roland Garros,116.0,Q2,G
Roland Garros,179.0,Q2,G
Roland Garros,228.0,Q2,G
Roland Garros,383.0,Q2,G
Roland Garros,447.0,Q2,G
Roland Garros,183.0,Q2,G
Roland Garros,120.0,Q2,G
Roland Garros,917.0,Q2,G
Roland Garros,208.0,Q2,G
Roland Garros,140.0,Q2,G
Roland Garros,224.0,Q2,G
Roland Garros,150.0,Q2,G
Roland Garros,108.0,Q2,G
Roland Garros,189.0,Q2,G
Roland Garros,96.0,Q3,G
Roland Garros,195.0,Q3,G
Roland Garros,138.0,Q3,G
Roland Garros,193.0,Q3,G
Roland Garros,165.0,Q3,G
Roland Garros,143.0,Q3,G
Roland Garros,114.0,Q3,G
Roland Garros,324.0,Q3,G
Roland Garros,113.0,Q3,G
Roland Garros,220.0,Q3,G
Roland Garros,176.0,Q3,G
Roland Garros,243.0,Q3,G
Roland Garros,152.0,Q3,G
Roland Garros,153.0,Q3,G
Roland Garros,173.0,Q3,G
Roland Garros,155.0,Q3,G
Wimbledon,265.0,Q1,G
Wimbledon,202.0,Q1,G
Wimbledon,233.0,Q1,G
Wimbledon,183.0,Q1,G
Wimbledon,231.0,Q1,G
Wimbledon,368.0,Q1,G
Wimbledon,224.0,Q1,G
Wimbledon,218.0,Q1,G
Wimbledon,105.0,Q1,G
Wimbledon,241.0,Q1,G
Wimbledon,253.0,Q1,G
Wimbledon,229.0,Q1,G
Wimbledon,205.0,Q1,G
Wimbledon,153.0,Q1,G
Wimbledon,179.0,Q1,G
Wimbledon,193.0,Q1,G
Wimbledon,115.0,Q1,G
Wimbledon,206.0,Q1,G
Wimbledon,203.0,Q1,G
Wimbledon,214.0,Q1,G
Wimbledon,159.0,Q1,G
Wimbledon,146.0,Q1,G
Wimbledon,173.0,Q1,G
Wimbledon,244.0,Q1,G
Wimbledon,246.0,Q1,G
Wimbledon,152.0,Q1,G
Wimbledon,252.0,Q1,G
Wimbledon,197.0,Q1,G
Wimbledon,176.0,Q1,G
Wimbledon,181.0,Q1,G
Wimbledon,189.0,Q1,G
Wimbledon,852.0,Q1,G
Wimbledon,112.0,Q1,G
Wimbledon,247.0,Q1,G
Wimbledon,249.0,Q1,G
Wimbledon,238.0,Q1,G
Wimbledon,245.0,Q1,G
Wimbledon,198.0,Q1,G
Wimbledon,158.0,Q1,G
Wimbledon,124.0,Q1,G
Wimbledon,251.0,Q1,G
Wimbledon,165.0,Q1,G
Wimbledon,215.0,Q1,G
Wimbledon,217.0,Q1,G
Wimbledon,192.0,Q1,G
Wimbledon,178.0,Q1,G
Wimbledon,208.0,Q1,G
Wimbledon,131.0,Q1,G
Wimbledon,162.0,Q1,G
Wimbledon,nan,Q1,G
Wimbledon,264.0,Q1,G
Wimbledon,121.0,Q1,G
Wimbledon,180.0,Q1,G
Wimbledon,195.0,Q1,G
Wimbledon,256.0,Q1,G
Wimbledon,209.0,Q1,G
Wimbledon,171.0,Q1,G
Wimbledon,234.0,Q1,G
Wimbledon,182.0,Q1,G
Wimbledon,184.0,Q1,G
Wimbledon,221.0,Q1,G
Wimbledon,154.0,Q1,G
Wimbledon,223.0,Q1,G
Wimbledon,225.0,Q1,G
Wimbledon,236.0,Q2,G
Wimbledon,137.0,Q2,G
Wimbledon,104.0,Q2,G
Wimbledon,122.0,Q2,G
Wimbledon,213.0,Q2,G
Wimbledon,186.0,Q2,G
Wimbledon,207.0,Q2,G
Wimbledon,134.0,Q2,G
Wimbledon,457.0,Q2,G
Wimbledon,128.0,Q2,G
Wimbledon,107.0,Q2,G
Wimbledon,145.0,Q2,G
Wimbledon,156.0,Q2,G
Wimbledon,266.0,Q2,G
Wimbledon,295.0,Q2,G
Wimbledon,196.0,Q2,G
Wimbledon,228.0,Q2,G
Wimbledon,232.0,Q2,G
Wimbledon,243.0,Q2,G
Wimbledon,204.0,Q2,G
Wimbledon,119.0,Q2,G
Wimbledon,140.0,Q2,G
Wimbledon,200.0,Q2,G
Wimbledon,465.0,Q2,G
Wimbledon,210.0,Q2,G
Wimbledon,187.0,Q2,G
Wimbledon,170.0,Q2,G
Wimbledon,132.0,Q2,G
Wimbledon,177.0,Q2,G
Wimbledon,135.0,Q2,G
Wimbledon,222.0,Q2,G
Wimbledon,161.0,Q2,G
Wimbledon,148.0,Q3,G
Wimbledon,237.0,Q3,G
Wimbledon,147.0,Q3,G
Wimbledon,175.0,Q3,G
Wimbledon,188.0,Q3,G
Wimbledon,149.0,Q3,G
Wimbledon,488.0,Q3,G
Wimbledon,103.0,Q3,G
Wimbledon,164.0,Q3,G
Wimbledon,113.0,Q3,G
Wimbledon,167.0,Q3,G
Wimbledon,123.0,Q3,G
Wimbledon,117.0,Q3,G
Wimbledon,125.0,Q3,G
Wimbledon,155.0,Q3,G
Wimbledon,127.0,Q3,G
Us Open,253.0,Q1,G
Us Open,171.0,Q1,G
Us Open,365.0,Q1,G
Us Open,239.0,Q1,G
Us Open,204.0,Q1,G
Us Open,219.0,Q1,G
Us Open,157.0,Q1,G
Us Open,136.0,Q1,G
Us Open,236.0,Q1,G
Us Open,248.0,Q1,G
Us Open,169.0,Q1,G
Us Open,140.0,Q1,G
Us Open,nan,Q1,G
Us Open,240.0,Q1,G
Us Open,207.0,Q1,G
Us Open,285.0,Q1,G
Us Open,259.0,Q1,G
Us Open,348.0,Q1,G
Us Open,211.0,Q1,G
Us Open,127.0,Q1,G
Us Open,232.0,Q1,G
Us Open,212.0,Q1,G
Us Open,168.0,Q1,G
Us Open,228.0,Q1,G
Us Open,220.0,Q1,G
Us Open,202.0,Q1,G
Us Open,238.0,Q1,G
Us Open,143.0,Q1,G
Us Open,227.0,Q1,G
Us Open,226.0,Q1,G
Us Open,715.0,Q1,G
Us Open,252.0,Q1,G
Us Open,182.0,Q1,G
Us Open,203.0,Q1,G
Us Open,172.0,Q1,G
Us Open,173.0,Q1,G
Us Open,158.0,Q1,G
Us Open,209.0,Q1,G
Us Open,230.0,Q1,G
Us Open,155.0,Q1,G
Us Open,192.0,Q1,G
Us Open,217.0,Q1,G
Us Open,298.0,Q1,G
Us Open,159.0,Q1,G
Us Open,165.0,Q1,G
Us Open,241.0,Q1,G
Us Open,163.0,Q1,G
Us Open,388.0,Q1,G
Us Open,118.0,Q1,G
Us Open,156.0,Q1,G
Us Open,244.0,Q1,G
Us Open,210.0,Q1,G
Us Open,120.0,Q1,G
Us Open,438.0,Q1,G
Us Open,269.0,Q1,G
Us Open,144.0,Q1,G
Us Open,123.0,Q1,G
Us Open,208.0,Q1,G
Us Open,559.0,Q1,G
Us Open,195.0,Q1,G
Us Open,250.0,Q1,G
Us Open,193.0,Q1,G
Us Open,164.0,Q1,G
Us Open,200.0,Q1,G
Us Open,198.0,Q2,G
Us Open,235.0,Q2,G
Us Open,180.0,Q2,G
Us Open,187.0,Q2,G
Us Open,184.0,Q2,G
Us Open,222.0,Q2,G
Us Open,249.0,Q2,G
Us Open,167.0,Q2,G
Us Open,199.0,Q2,G
Us Open,771.0,Q2,G
Us Open,214.0,Q2,G
Us Open,129.0,Q2,G
Us Open,176.0,Q2,G
Us Open,215.0,Q2,G
Us Open,272.0,Q2,G
Us Open,139.0,Q2,G
Us Open,113.0,Q2,G
Us Open,137.0,Q2,G
Us Open,225.0,Q2,G
Us Open,196.0,Q2,G
Us Open,224.0,Q2,G
Us Open,205.0,Q2,G
Us Open,174.0,Q2,G
Us Open,213.0,Q2,G
Us Open,460.0,Q2,G
Us Open,206.0,Q2,G
Us Open,229.0,Q2,G
Us Open,264.0,Q2,G
Us Open,185.0,Q2,G
Us Open,170.0,Q2,G
Us Open,125.0,Q2,G
Us Open,146.0,Q2,G
Us Open,128.0,Q3,G
Us Open,1156.0,Q3,G
Us Open,191.0,Q3,G
Us Open,96.0,Q3,G
Us Open,103.0,Q3,G
Us Open,104.0,Q3,G
Us Open,237.0,Q3,G
Us Open,111.0,Q3,G
Us Open,243.0,Q3,G
Us Open,138.0,Q3,G
Us Open,134.0,Q3,G
Us Open,117.0,Q3,G
Us Open,188.0,Q3,G
Us Open,216.0,Q3,G
Us Open,142.0,Q3,G
Us Open,154.0,Q3,G
Australian Open,106.0,Q1,G
Australian Open,249.0,Q1,G
Australian Open,231.0,Q1,G
Australian Open,174.0,Q1,G
Australian Open,220.0,Q1,G
Australian Open,207.0,Q1,G
Australian Open,218.0,Q1,G
Australian Open,184.0,Q1,G
Australian Open,112.0,Q1,G
Australian Open,329.0,Q1,G
Australian Open,183.0,Q1,G
Australian Open,153.0,Q1,G
Australian Open,195.0,Q1,G
Australian Open,285.0,Q1,G
Australian Open,148.0,Q1,G
Australian Open,nan,Q1,G
Australian Open,181.0,Q1,G
Australian Open,439.0,Q1,G
Australian Open,229.0,Q1,G
Australian Open,178.0,Q1,G
Australian Open,219.0,Q1,G
Australian Open,187.0,Q1,G
Australian Open,282.0,Q1,G
Australian Open,168.0,Q1,G
Australian Open,120.0,Q1,G
Australian Open,198.0,Q1,G
Australian Open,498.0,Q1,G
Australian Open,155.0,Q1,G
Australian Open,224.0,Q1,G
Australian Open,217.0,Q1,G
Australian Open,1061.0,Q1,G
Australian Open,163.0,Q1,G
Australian Open,121.0,Q1,G
Australian Open,186.0,Q1,G
Australian Open,236.0,Q1,G
Australian Open,197.0,Q1,G
Australian Open,122.0,Q1,G
Australian Open,1206.0,Q1,G
Australian Open,180.0,Q1,G
Australian Open,227.0,Q1,G
Australian Open,204.0,Q1,G
Australian Open,177.0,Q1,G
Australian Open,233.0,Q1,G
Australian Open,162.0,Q1,G
Australian Open,253.0,Q1,G
Australian Open,232.0,Q1,G
Australian Open,199.0,Q1,G
Australian Open,449.0,Q1,G
Australian Open,161.0,Q1,G
Australian Open,216.0,Q1,G
Australian Open,222.0,Q1,G
Australian Open,167.0,Q1,G
Australian Open,126.0,Q1,G
Australian Open,254.0,Q1,G
Australian Open,208.0,Q1,G
Australian Open,138.0,Q1,G
Australian Open,152.0,Q1,G
Australian Open,226.0,Q1,G
Australian Open,255.0,Q1,G
Australian Open,172.0,Q1,G
Australian Open,136.0,Q1,G
Australian Open,324.0,Q1,G
Australian Open,246.0,Q1,G
Australian Open,150.0,Q1,G
Australian Open,244.0,Q2,G
Australian Open,173.0,Q2,G
Australian Open,325.0,Q2,G
Australian Open,205.0,Q2,G
Australian Open,191.0,Q2,G
Australian Open,248.0,Q2,G
Australian Open,117.0,Q2,G
Australian Open,141.0,Q2,G
Australian Open,245.0,Q2,G
Australian Open,209.0,Q2,G
Australian Open,223.0,Q2,G
Australian Open,149.0,Q2,G
Australian Open,206.0,Q2,G
Australian Open,625.0,Q2,G
Australian Open,202.0,Q2,G
Australian Open,290.0,Q2,G
Australian Open,1181.0,Q2,G
Australian Open,151.0,Q2,G
Australian Open,175.0,Q2,G
Australian Open,225.0,Q2,G
Australian Open,213.0,Q2,G
Australian Open,140.0,Q2,G
Australian Open,124.0,Q2,G
Australian Open,250.0,Q2,G
Australian Open,239.0,Q2,G
Australian Open,201.0,Q2,G
Australian Open,166.0,Q2,G
Australian Open,194.0,Q2,G
Australian Open,159.0,Q2,G
Australian Open,193.0,Q2,G
Australian Open,237.0,Q2,G
Australian Open,182.0,Q2,G
Australian Open,214.0,Q3,G
Australian Open,135.0,Q3,G
Australian Open,185.0,Q3,G
Australian Open,156.0,Q3,G
Australian Open,134.0,Q3,G
Australian Open,211.0,Q3,G
Australian Open,171.0,Q3,G
Australian Open,113.0,Q3,G
Australian Open,157.0,Q3,G
Australian Open,129.0,Q3,G
Australian Open,669.0,Q3,G
Australian Open,251.0,Q3,G
Australian Open,147.0,Q3,G
Australian Open,247.0,Q3,G
Australian Open,125.0,Q3,G
Australian Open,158.0,Q3,G
Roland Garros,163.0,Q1,G
Roland Garros,213.0,Q1,G
Roland Garros,170.0,Q1,G
Roland Garros,117.0,Q1,G
Roland Garros,150.0,Q1,G
Roland Garros,183.0,Q1,G
Roland Garros,228.0,Q1,G
Roland Garros,144.0,Q1,G
Roland Garros,207.0,Q1,G
Roland Garros,268.0,Q1,G
Roland Garros,200.0,Q1,G
Roland Garros,131.0,Q1,G
Roland Garros,235.0,Q1,G
Roland Garros,205.0,Q1,G
Roland Garros,193.0,Q1,G
Roland Garros,199.0,Q1,G
Roland Garros,257.0,Q1,G
Roland Garros,441.0,Q1,G
Roland Garros,265.0,Q1,G
Roland Garros,136.0,Q1,G
Roland Garros,164.0,Q1,G
Roland Garros,258.0,Q1,G
Roland Garros,236.0,Q1,G
Roland Garros,128.0,Q1,G
Roland Garros,521.0,Q1,G
Roland Garros,146.0,Q1,G
Roland Garros,206.0,Q1,G
Roland Garros,132.0,Q1,G
Roland Garros,574.0,Q1,G
Roland Garros,353.0,Q1,G
Roland Garros,161.0,Q1,G
Roland Garros,143.0,Q1,G
Roland Garros,153.0,Q1,G
Roland Garros,181.0,Q1,G
Roland Garros,159.0,Q1,G
Roland Garros,138.0,Q1,G
Roland Garros,220.0,Q1,G
Roland Garros,647.0,Q1,G
Roland Garros,271.0,Q1,G
Roland Garros,121.0,Q1,G
Roland Garros,118.0,Q1,G
Roland Garros,nan,Q1,G
Roland Garros,162.0,Q1,G
Roland Garros,125.0,Q1,G
Roland Garros,113.0,Q1,G
Roland Garros,278.0,Q1,G
Roland Garros,156.0,Q1,G
Roland Garros,137.0,Q1,G
Roland Garros,149.0,Q1,G
Roland Garros,433.0,Q1,G
Roland Garros,212.0,Q1,G
Roland Garros,446.0,Q1,G
Roland Garros,246.0,Q1,G
Roland Garros,155.0,Q1,G
Roland Garros,210.0,Q1,G
Roland Garros,126.0,Q1,G
Roland Garros,815.0,Q1,G
Roland Garros,222.0,Q1,G
Roland Garros,445.0,Q1,G
Roland Garros,180.0,Q1,G
Roland Garros,122.0,Q1,G
Roland Garros,175.0,Q1,G
Roland Garros,186.0,Q1,G
Roland Garros,160.0,Q1,G
Roland Garros,80.0,Q2,G
Roland Garros,244.0,Q2,G
Roland Garros,195.0,Q2,G
Roland Garros,182.0,Q2,G
Roland Garros,232.0,Q2,G
Roland Garros,190.0,Q2,G
Roland Garros,110.0,Q2,G
Roland Garros,188.0,Q2,G
Roland Garros,351.0,Q2,G
Roland Garros,217.0,Q2,G
Roland Garros,233.0,Q2,G
Roland Garros,240.0,Q2,G
Roland Garros,104.0,Q2,G
Roland Garros,192.0,Q2,G
Roland Garros,108.0,Q2,G
Roland Garros,157.0,Q2,G
Roland Garros,221.0,Q2,G
Roland Garros,171.0,Q2,G
Roland Garros,198.0,Q2,G
Roland Garros,211.0,Q2,G
Roland Garros,281.0,Q2,G
Roland Garros,167.0,Q2,G
Roland Garros,231.0,Q2,G
Roland Garros,201.0,Q2,G
Roland Garros,179.0,Q2,G
Roland Garros,237.0,Q2,G
Roland Garros,194.0,Q2,G
Roland Garros,234.0,Q2,G
Roland Garros,218.0,Q2,G
Roland Garros,178.0,Q2,G
Roland Garros,239.0,Q2,G
Roland Garros,151.0,Q2,G
Roland Garros,191.0,Q3,G
Roland Garros,209.0,Q3,G
Roland Garros,189.0,Q3,G
Roland Garros,306.0,Q3,G
Roland Garros,214.0,Q3,G
Roland Garros,154.0,Q3,G
Roland Garros,216.0,Q3,G
Roland Garros,648.0,Q3,G
Roland Garros,223.0,Q3,G
Roland Garros,140.0,Q3,G
Roland Garros,176.0,Q3,G
Roland Garros,261.0,Q3,G
Roland Garros,145.0,Q3,G
Roland Garros,219.0,Q3,G
Roland Garros,120.0,Q3,G
Roland Garros,165.0,Q3,G
Wimbledon,225.0,Q1,G
Wimbledon,187.0,Q1,G
Wimbledon,243.0,Q1,G
Wimbledon,149.0,Q1,G
Wimbledon,nan,Q1,G
Wimbledon,269.0,Q1,G
Wimbledon,206.0,Q1,G
Wimbledon,267.0,Q1,G
Wimbledon,161.0,Q1,G
Wimbledon,486.0,Q1,G
Wimbledon,249.0,Q1,G
Wimbledon,147.0,Q1,G
Wimbledon,217.0,Q1,G
Wimbledon,199.0,Q1,G
Wimbledon,278.0,Q1,G
Wimbledon,306.0,Q1,G
Wimbledon,257.0,Q1,G
Wimbledon,241.0,Q1,G
Wimbledon,200.0,Q1,G
Wimbledon,223.0,Q1,G
Wimbledon,233.0,Q1,G
Wimbledon,209.0,Q1,G
Wimbledon,181.0,Q1,G
Wimbledon,279.0,Q1,G
Wimbledon,169.0,Q1,G
Wimbledon,230.0,Q1,G
Wimbledon,723.0,Q1,G
Wimbledon,220.0,Q1,G
Wimbledon,195.0,Q1,G
Wimbledon,256.0,Q1,G
Wimbledon,661.0,Q1,G
Wimbledon,164.0,Q1,G
Wimbledon,291.0,Q1,G
Wimbledon,171.0,Q1,G
Wimbledon,234.0,Q1,G
Wimbledon,178.0,Q1,G
Wimbledon,179.0,Q1,G
Wimbledon,193.0,Q1,G
Wimbledon,nan,Q1,G
Wimbledon,308.0,Q1,G
Wimbledon,239.0,Q1,G
Wimbledon,984.0,Q1,G
Wimbledon,137.0,Q1,G
Wimbledon,165.0,Q1,G
Wimbledon,176.0,Q1,G
Wimbledon,295.0,Q1,G
Wimbledon,197.0,Q1,G
Wimbledon,163.0,Q1,G
Wimbledon,145.0,Q1,G
Wimbledon,186.0,Q1,G
Wimbledon,277.0,Q1,G
Wimbledon,247.0,Q1,G
Wimbledon,346.0,Q1,G
Wimbledon,189.0,Q1,G
Wimbledon,nan,Q1,G
Wimbledon,258.0,Q1,G
Wimbledon,255.0,Q1,G
Wimbledon,1049.0,Q1,G
Wimbledon,338.0,Q1,G
Wimbledon,245.0,Q1,G
Wimbledon,177.0,Q1,G
Wimbledon,1143.0,Q1,G
Wimbledon,210.0,Q1,G
Wimbledon,260.0,Q1,G
Wimbledon,117.0,Q2,G
Wimbledon,238.0,Q2,G
Wimbledon,271.0,Q2,G
Wimbledon,172.0,Q2,G
Wimbledon,221.0,Q2,G
Wimbledon,305.0,Q2,G
Wimbledon,131.0,Q2,G
Wimbledon,474.0,Q2,G
Wimbledon,259.0,Q2,G
Wimbledon,196.0,Q2,G
Wimbledon,242.0,Q2,G
Wimbledon,182.0,Q2,G
Wimbledon,130.0,Q2,G
Wimbledon,215.0,Q2,G
Wimbledon,134.0,Q2,G
Wimbledon,201.0,Q2,G
Wimbledon,192.0,Q2,G
Wimbledon,292.0,Q2,G
Wimbledon,311.0,Q2,G
Wimbledon,294.0,Q2,G
Wimbledon,160.0,Q2,G
Wimbledon,185.0,Q2,G
Wimbledon,168.0,Q2,G
Wimbledon,212.0,Q2,G
Wimbledon,216.0,Q2,G
Wimbledon,218.0,Q2,G
Wimbledon,213.0,Q2,G
Wimbledon,158.0,Q2,G
Wimbledon,272.0,Q2,G
Wimbledon,144.0,Q2,G
Wimbledon,248.0,Q2,G
Wimbledon,166.0,Q2,G
Wimbledon,188.0,Q3,G
Wimbledon,157.0,Q3,G
Wimbledon,207.0,Q3,G
Wimbledon,251.0,Q3,G
Wimbledon,254.0,Q3,G
Wimbledon,143.0,Q3,G
Wimbledon,290.0,Q3,G
Wimbledon,180.0,Q3,G
Wimbledon,264.0,Q3,G
Wimbledon,159.0,Q3,G
Wimbledon,227.0,Q3,G
Wimbledon,222.0,Q3,G
Wimbledon,155.0,Q3,G
Wimbledon,138.0,Q3,G
Wimbledon,152.0,Q3,G
Wimbledon,148.0,Q3,G
Us Open,201.0,Q1,G
Us Open,225.0,Q1,G
Us Open,215.0,Q1,G
Us Open,213.0,Q1,G
Us Open,187.0,Q1,G
Us Open,227.0,Q1,G
Us Open,204.0,Q1,G
Us Open,221.0,Q1,G
Us Open,78.0,Q1,G
Us Open,165.0,Q1,G
Us Open,202.0,Q1,G
Us Open,125.0,Q1,G
Us Open,159.0,Q1,G
Us Open,196.0,Q1,G
Us Open,223.0,Q1,G
Us Open,135.0,Q1,G
Us Open,155.0,Q1,G
Us Open,236.0,Q1,G
Us Open,158.0,Q1,G
Us Open,148.0,Q1,G
Us Open,177.0,Q1,G
Us Open,216.0,Q1,G
Us Open,208.0,Q1,G
Us Open,252.0,Q1,G
Us Open,231.0,Q1,G
Us Open,150.0,Q1,G
Us Open,229.0,Q1,G
Us Open,264.0,Q1,G
Us Open,210.0,Q1,G
Us Open,325.0,Q1,G
Us Open,152.0,Q1,G
Us Open,120.0,Q1,G
Us Open,186.0,Q1,G
Us Open,141.0,Q1,G
Us Open,230.0,Q1,G
Us Open,153.0,Q1,G
Us Open,100.0,Q1,G
Us Open,180.0,Q1,G
Us Open,253.0,Q1,G
Us Open,190.0,Q1,G
Us Open,973.0,Q1,G
Us Open,192.0,Q1,G
Us Open,nan,Q1,G
Us Open,217.0,Q1,G
Us Open,251.0,Q1,G
Us Open,140.0,Q1,G
Us Open,218.0,Q1,G
Us Open,132.0,Q1,G
Us Open,113.0,Q1,G
Us Open,188.0,Q1,G
Us Open,222.0,Q1,G
Us Open,146.0,Q1,G
Us Open,123.0,Q1,G
Us Open,147.0,Q1,G
Us Open,189.0,Q1,G
Us Open,184.0,Q1,G
Us Open,114.0,Q1,G
Us Open,214.0,Q1,G
Us Open,205.0,Q1,G
Us Open,172.0,Q1,G
Us Open,116.0,Q1,G
Us Open,372.0,Q1,G
Us Open,245.0,Q1,G
Us Open,259.0,Q1,G
Us Open,69.0,Q2,G
Us Open,136.0,Q2,G
Us Open,76.0,Q2,G
Us Open,174.0,Q2,G
Us Open,919.0,Q2,G
Us Open,211.0,Q2,G
Us Open,nan,Q2,G
Us Open,193.0,Q2,G
Us Open,331.0,Q2,G
Us Open,133.0,Q2,G
Us Open,206.0,Q2,G
Us Open,154.0,Q2,G
Us Open,178.0,Q2,G
Us Open,161.0,Q2,G
Us Open,163.0,Q2,G
Us Open,166.0,Q2,G
Us Open,160.0,Q2,G
Us Open,127.0,Q2,G
Us Open,162.0,Q2,G
Us Open,151.0,Q2,G
Us Open,102.0,Q2,G
Us Open,527.0,Q2,G
Us Open,156.0,Q2,G
Us Open,175.0,Q2,G
Us Open,194.0,Q2,G
Us Open,nan,Q2,G
Us Open,164.0,Q2,G
Us Open,119.0,Q2,G
Us Open,228.0,Q2,G
Us Open,122.0,Q2,G
Us Open,137.0,Q2,G
Us Open,128.0,Q2,G
Us Open,139.0,Q3,G
Us Open,181.0,Q3,G
Us Open,311.0,Q3,G
Us Open,170.0,Q3,G
Us Open,191.0,Q3,G
Us Open,90.0,Q3,G
Us Open,93.0,Q3,G
Us Open,94.0,Q3,G
Us Open,316.0,Q3,G
Us Open,129.0,Q3,G
Us Open,199.0,Q3,G
Us Open,111.0,Q3,G
Us Open,134.0,Q3,G
Us Open,157.0,Q3,G
Us Open,171.0,Q3,G
Us Open,195.0,Q3,G
Australian Open,308.0,Q1,G
Australian Open,196.0,Q1,G
Australian Open,221.0,Q1,G
Australian Open,480.0,Q1,G
Australian Open,58.0,Q1,G
Australian Open,153.0,Q1,G
Australian Open,189.0,Q1,G
Australian Open,223.0,Q1,G
Australian Open,244.0,Q1,G
Australian Open,132.0,Q1,G
Australian Open,207.0,Q1,G
Australian Open,206.0,Q1,G
Australian Open,569.0,Q1,G
Australian Open,318.0,Q1,G
Australian Open,294.0,Q1,G
Australian Open,162.0,Q1,G
Australian Open,192.0,Q1,G
Australian Open,261.0,Q1,G
Australian Open,177.0,Q1,G
Australian Open,197.0,Q1,G
Australian Open,124.0,Q1,G
Australian Open,268.0,Q1,G
Australian Open,174.0,Q1,G
Australian Open,201.0,Q1,G
Australian Open,103.0,Q1,G
Australian Open,156.0,Q1,G
Australian Open,222.0,Q1,G
Australian Open,306.0,Q1,G
Australian Open,195.0,Q1,G
Australian Open,146.0,Q1,G
Australian Open,198.0,Q1,G
Australian Open,119.0,Q1,G
Australian Open,173.0,Q1,G
Australian Open,230.0,Q1,G
Australian Open,140.0,Q1,G
Australian Open,226.0,Q1,G
Australian Open,111.0,Q1,G
Australian Open,216.0,Q1,G
Australian Open,225.0,Q1,G
Australian Open,145.0,Q1,G
Australian Open,220.0,Q1,G
Australian Open,165.0,Q1,G
Australian Open,210.0,Q1,G
Australian Open,200.0,Q1,G
Australian Open,115.0,Q1,G
Australian Open,456.0,Q1,G
Australian Open,172.0,Q1,G
Australian Open,215.0,Q1,G
Australian Open,372.0,Q1,G
Australian Open,188.0,Q1,G
Australian Open,163.0,Q1,G
Australian Open,684.0,Q1,G
Australian Open,211.0,Q1,G
Australian Open,214.0,Q1,G
Australian Open,180.0,Q1,G
Australian Open,123.0,Q1,G
Australian Open,125.0,Q1,G
Australian Open,142.0,Q1,G
Australian Open,208.0,Q1,G
Australian Open,219.0,Q1,G
Australian Open,186.0,Q1,G
Australian Open,202.0,Q1,G
Australian Open,254.0,Q1,G
Australian Open,149.0,Q1,G
Australian Open,78.0,Q2,G
Australian Open,311.0,Q2,G
Australian Open,170.0,Q2,G
Australian Open,224.0,Q2,G
Australian Open,164.0,Q2,G
Australian Open,194.0,Q2,G
Australian Open,181.0,Q2,G
Australian Open,150.0,Q2,G
Australian Open,102.0,Q2,G
Australian Open,93.0,Q2,G
Australian Open,155.0,Q2,G
Australian Open,168.0,Q2,G
Australian Open,143.0,Q2,G
Australian Open,187.0,Q2,G
Australian Open,218.0,Q2,G
Australian Open,154.0,Q2,G
Australian Open,193.0,Q2,G
Australian Open,144.0,Q2,G
Australian Open,157.0,Q2,G
Australian Open,169.0,Q2,G
Australian Open,176.0,Q2,G
Australian Open,122.0,Q2,G
Australian Open,365.0,Q2,G
Australian Open,147.0,Q2,G
Australian Open,131.0,Q2,G
Australian Open,205.0,Q2,G
Australian Open,310.0,Q2,G
Australian Open,328.0,Q2,G
Australian Open,775.0,Q2,G
Australian Open,171.0,Q2,G
Australian Open,118.0,Q2,G
Australian Open,120.0,Q2,G
Australian Open,137.0,Q3,G
Australian Open,128.0,Q3,G
Australian Open,129.0,Q3,G
Australian Open,138.0,Q3,G
Australian Open,204.0,Q3,G
Australian Open,217.0,Q3,G
Australian Open,178.0,Q3,G
Australian Open,227.0,Q3,G
Australian Open,109.0,Q3,G
Australian Open,152.0,Q3,G
Australian Open,151.0,Q3,G
Australian Open,183.0,Q3,G
Australian Open,127.0,Q3,G
Australian Open,112.0,Q3,G
Australian Open,184.0,Q3,G
Australian Open,166.0,Q3,G
Roland Garros,194.0,Q1,G
Roland Garros,200.0,Q1,G
Roland Garros,169.0,Q1,G
Roland Garros,142.0,Q1,G
Roland Garros,106.0,Q1,G
Roland Garros,534.0,Q1,G
Roland Garros,217.0,Q1,G
Roland Garros,358.0,Q1,G
Roland Garros,253.0,Q1,G
Roland Garros,247.0,Q1,G
Roland Garros,409.0,Q1,G
Roland Garros,158.0,Q1,G
Roland Garros,177.0,Q1,G
Roland Garros,216.0,Q1,G
Roland Garros,223.0,Q1,G
Roland Garros,167.0,Q1,G
Roland Garros,101.0,Q1,G
Roland Garros,185.0,Q1,G
Roland Garros,174.0,Q1,G
Roland Garros,156.0,Q1,G
Roland Garros,220.0,Q1,G
Roland Garros,285.0,Q1,G
Roland Garros,488.0,Q1,G
Roland Garros,277.0,Q1,G
Roland Garros,117.0,Q1,G
Roland Garros,154.0,Q1,G
Roland Garros,164.0,Q1,G
Roland Garros,235.0,Q1,G
Roland Garros,126.0,Q1,G
Roland Garros,329.0,Q1,G
Roland Garros,209.0,Q1,G
Roland Garros,175.0,Q1,G
Roland Garros,118.0,Q1,G
Roland Garros,237.0,Q1,G
Roland Garros,141.0,Q1,G
Roland Garros,162.0,Q1,G
Roland Garros,197.0,Q1,G
Roland Garros,159.0,Q1,G
Roland Garros,403.0,Q1,G
Roland Garros,nan,Q1,G
Roland Garros,171.0,Q1,G
Roland Garros,153.0,Q1,G
Roland Garros,165.0,Q1,G
Roland Garros,188.0,Q1,G
Roland Garros,172.0,Q1,G
Roland Garros,196.0,Q1,G
Roland Garros,274.0,Q1,G
Roland Garros,121.0,Q1,G
Roland Garros,227.0,Q1,G
Roland Garros,201.0,Q1,G
Roland Garros,173.0,Q1,G
Roland Garros,180.0,Q1,G
Roland Garros,198.0,Q1,G
Roland Garros,nan,Q1,G
Roland Garros,187.0,Q1,G
Roland Garros,195.0,Q1,G
Roland Garros,202.0,Q1,G
Roland Garros,161.0,Q1,G
Roland Garros,229.0,Q1,G
Roland Garros,203.0,Q1,G
Roland Garros,130.0,Q1,G
Roland Garros,264.0,Q1,G
Roland Garros,129.0,Q1,G
Roland Garros,233.0,Q1,G
Roland Garros,nan,Q2,G
Roland Garros,208.0,Q2,G
Roland Garros,344.0,Q2,G
Roland Garros,226.0,Q2,G
Roland Garros,213.0,Q2,G
Roland Garros,215.0,Q2,G
Roland Garros,181.0,Q2,G
Roland Garros,183.0,Q2,G
Roland Garros,151.0,Q2,G
Roland Garros,228.0,Q2,G
Roland Garros,178.0,Q2,G
Roland Garros,569.0,Q2,G
Roland Garros,148.0,Q2,G
Roland Garros,400.0,Q2,G
Roland Garros,207.0,Q2,G
Roland Garros,125.0,Q2,G
Roland Garros,nan,Q2,G
Roland Garros,262.0,Q2,G
Roland Garros,206.0,Q2,G
Roland Garros,224.0,Q2,G
Roland Garros,189.0,Q2,G
Roland Garros,321.0,Q2,G
Roland Garros,116.0,Q2,G
Roland Garros,283.0,Q2,G
Roland Garros,155.0,Q2,G
Roland Garros,140.0,Q2,G
Roland Garros,219.0,Q2,G
Roland Garros,135.0,Q2,G
Roland Garros,210.0,Q2,G
Roland Garros,238.0,Q2,G
Roland Garros,170.0,Q2,G
Roland Garros,157.0,Q2,G
Roland Garros,86.0,Q3,G
Roland Garros,212.0,Q3,G
Roland Garros,145.0,Q3,G
Roland Garros,131.0,Q3,G
Roland Garros,152.0,Q3,G
Roland Garros,136.0,Q3,G
Roland Garros,193.0,Q3,G
Roland Garros,163.0,Q3,G
Roland Garros,160.0,Q3,G
Roland Garros,139.0,Q3,G
Roland Garros,113.0,Q3,G
Roland Garros,191.0,Q3,G
Roland Garros,147.0,Q3,G
Roland Garros,176.0,Q3,G
Roland Garros,134.0,Q3,G
Roland Garros,120.0,Q3,G
Wimbledon,288.0,Q1,G
Wimbledon,nan,Q1,G
Wimbledon,nan,Q1,G
Wimbledon,237.0,Q1,G
Wimbledon,151.0,Q1,G
Wimbledon,396.0,Q1,G
Wimbledon,399.0,Q1,G
Wimbledon,124.0,Q1,G
Wimbledon,140.0,Q1,G
Wimbledon,158.0,Q1,G
Wimbledon,858.0,Q1,G
Wimbledon,198.0,Q1,G
Wimbledon,180.0,Q1,G
Wimbledon,164.0,Q1,G
Wimbledon,213.0,Q1,G
Wimbledon,205.0,Q1,G
Wimbledon,279.0,Q1,G
Wimbledon,182.0,Q1,G
Wimbledon,218.0,Q1,G
Wimbledon,371.0,Q1,G
Wimbledon,94.0,Q1,G
Wimbledon,234.0,Q1,G
Wimbledon,595.0,Q1,G
Wimbledon,194.0,Q1,G
Wimbledon,206.0,Q1,G
Wimbledon,190.0,Q1,G
Wimbledon,334.0,Q1,G
Wimbledon,175.0,Q1,G
Wimbledon,170.0,Q1,G
Wimbledon,197.0,Q1,G
Wimbledon,212.0,Q1,G
Wimbledon,185.0,Q1,G
Wimbledon,211.0,Q1,G
Wimbledon,181.0,Q1,G
Wimbledon,172.0,Q1,G
Wimbledon,nan,Q1,G
Wimbledon,201.0,Q1,G
Wimbledon,208.0,Q1,G
Wimbledon,183.0,Q1,G
Wimbledon,136.0,Q1,G
Wimbledon,963.0,Q1,G
Wimbledon,189.0,Q1,G
Wimbledon,177.0,Q1,G
Wimbledon,204.0,Q1,G
Wimbledon,118.0,Q1,G
Wimbledon,186.0,Q1,G
Wimbledon,196.0,Q1,G
Wimbledon,210.0,Q1,G
Wimbledon,221.0,Q1,G
Wimbledon,200.0,Q1,G
Wimbledon,226.0,Q1,G
Wimbledon,134.0,Q1,G
Wimbledon,143.0,Q1,G
Wimbledon,395.0,Q1,G
Wimbledon,160.0,Q1,G
Wimbledon,130.0,Q1,G
Wimbledon,117.0,Q1,G
Wimbledon,243.0,Q1,G
Wimbledon,238.0,Q1,G
Wimbledon,222.0,Q1,G
Wimbledon,202.0,Q1,G
Wimbledon,163.0,Q1,G
Wimbledon,589.0,Q1,G
Wimbledon,227.0,Q1,G
Wimbledon,68.0,Q2,G
Wimbledon,155.0,Q2,G
Wimbledon,86.0,Q2,G
Wimbledon,217.0,Q2,G
Wimbledon,174.0,Q2,G
Wimbledon,169.0,Q2,G
Wimbledon,97.0,Q2,G
Wimbledon,159.0,Q2,G
Wimbledon,98.0,Q2,G
Wimbledon,142.0,Q2,G
Wimbledon,nan,Q2,G
Wimbledon,161.0,Q2,G
Wimbledon,178.0,Q2,G
Wimbledon,203.0,Q2,G
Wimbledon,104.0,Q2,G
Wimbledon,199.0,Q2,G
Wimbledon,216.0,Q2,G
Wimbledon,153.0,Q2,G
Wimbledon,113.0,Q2,G
Wimbledon,312.0,Q2,G
Wimbledon,245.0,Q2,G
Wimbledon,157.0,Q2,G
Wimbledon,173.0,Q2,G
Wimbledon,145.0,Q2,G
Wimbledon,148.0,Q2,G
Wimbledon,797.0,Q2,G
Wimbledon,150.0,Q2,G
Wimbledon,156.0,Q2,G
Wimbledon,149.0,Q2,G
Wimbledon,109.0,Q2,G
Wimbledon,120.0,Q2,G
Wimbledon,179.0,Q2,G
Wimbledon,127.0,Q3,G
Wimbledon,192.0,Q3,G
Wimbledon,92.0,Q3,G
Wimbledon,131.0,Q3,G
Wimbledon,374.0,Q3,G
Wimbledon,154.0,Q3,G
Wimbledon,122.0,Q3,G
Wimbledon,137.0,Q3,G
Wimbledon,107.0,Q3,G
Wimbledon,188.0,Q3,G
Wimbledon,138.0,Q3,G
Wimbledon,193.0,Q3,G
Wimbledon,209.0,Q3,G
Wimbledon,184.0,Q3,G
Wimbledon,152.0,Q3,G
Wimbledon,961.0,Q3,G
Us Open,81.0,Q1,G
Us Open,234.0,Q1,G
Us Open,530.0,Q1,G
Us Open,236.0,Q1,G
Us Open,171.0,Q1,G
Us Open,907.0,Q1,G
Us Open,861.0,Q1,G
Us Open,130.0,Q1,G
Us Open,151.0,Q1,G
Us Open,209.0,Q1,G
Us Open,245.0,Q1,G
Us Open,579.0,Q1,G
Us Open,91.0,Q1,G
Us Open,187.0,Q1,G
Us Open,142.0,Q1,G
Us Open,129.0,Q1,G
Us Open,177.0,Q1,G
Us Open,218.0,Q1,G
Us Open,175.0,Q1,G
Us Open,126.0,Q1,G
Us Open,99.0,Q1,G
Us Open,205.0,Q1,G
Us Open,194.0,Q1,G
Us Open,228.0,Q1,G
Us Open,100.0,Q1,G
Us Open,220.0,Q1,G
Us Open,289.0,Q1,G
Us Open,156.0,Q1,G
Us Open,159.0,Q1,G
Us Open,203.0,Q1,G
Us Open,548.0,Q1,G
Us Open,188.0,Q1,G
Us Open,165.0,Q1,G
Us Open,216.0,Q1,G
Us Open,166.0,Q1,G
Us Open,123.0,Q1,G
Us Open,168.0,Q1,G
Us Open,249.0,Q1,G
Us Open,192.0,Q1,G
Us Open,211.0,Q1,G
Us Open,108.0,Q1,G
Us Open,242.0,Q1,G
Us Open,247.0,Q1,G
Us Open,131.0,Q1,G
Us Open,138.0,Q1,G
Us Open,994.0,Q1,G
Us Open,184.0,Q1,G
Us Open,140.0,Q1,G
Us Open,197.0,Q1,G
Us Open,268.0,Q1,G
Us Open,170.0,Q1,G
Us Open,134.0,Q1,G
Us Open,225.0,Q1,G
Us Open,219.0,Q1,G
Us Open,256.0,Q1,G
Us Open,119.0,Q1,G
Us Open,213.0,Q1,G
Us Open,217.0,Q1,G
Us Open,nan,Q1,G
Us Open,157.0,Q1,G
Us Open,115.0,Q1,G
Us Open,148.0,Q1,G
Us Open,202.0,Q1,G
Us Open,276.0,Q1,G
Us Open,222.0,Q2,G
Us Open,146.0,Q2,G
Us Open,84.0,Q2,G
Us Open,176.0,Q2,G
Us Open,144.0,Q2,G
Us Open,135.0,Q2,G
Us Open,191.0,Q2,G
Us Open,214.0,Q2,G
Us Open,208.0,Q2,G
Us Open,183.0,Q2,G
Us Open,164.0,Q2,G
Us Open,153.0,Q2,G
Us Open,152.0,Q2,G
Us Open,137.0,Q2,G
Us Open,102.0,Q2,G
Us Open,128.0,Q2,G
Us Open,169.0,Q2,G
Us Open,180.0,Q2,G
Us Open,150.0,Q2,G
Us Open,819.0,Q2,G
Us Open,207.0,Q2,G
Us Open,232.0,Q2,G
Us Open,215.0,Q2,G
Us Open,116.0,Q2,G
Us Open,149.0,Q2,G
Us Open,200.0,Q2,G
Us Open,113.0,Q2,G
Us Open,141.0,Q2,G
Us Open,163.0,Q2,G
Us Open,923.0,Q2,G
Us Open,178.0,Q2,G
Us Open,162.0,Q2,G
Us Open,125.0,Q3,G
Us Open,206.0,Q3,G
Us Open,85.0,Q3,G
Us Open,173.0,Q3,G
Us Open,325.0,Q3,G
Us Open,118.0,Q3,G
Us Open,365.0,Q3,G
Us Open,154.0,Q3,G
Us Open,107.0,Q3,G
Us Open,117.0,Q3,G
Us Open,199.0,Q3,G
Us Open,110.0,Q3,G
Us Open,111.0,Q3,G
Us Open,189.0,Q3,G
Us Open,136.0,Q3,G
Us Open,160.0,Q3,G
